[RUN] Experiment: guarded_v2_residual_risk_subset_dryrun
[OUT] outputs\guarded_v2_residual_risk_subset_dryrun
[START PROGRESS] completed=26 | pending=30 | running=0 | failed=0 | current_job=-
[DETECTOR] yolo - yolo26s-seg

[SEQ] lowFramerate/tunnelExit_0_35fps
  - Skipping completed P3_MOG2
  - Skipping completed ASMAG_TR_CONTROLLER
  - Running ONLINE_CALIBRATED ...
============================================================
🚀 [G2G3 SINGLE-JOB RUN STARTED]
🎯 Current mission : lowFramerate / tunnelExit_0_35fps / ONLINE_CALIBRATED
📦 Job type        : 1 video + 1 pipeline
📍 Output folder   : outputs\guarded_v2_residual_risk_subset_dryrun
🧠 Mode            : CPU Edge Simulation
============================================================
============================================================
📡 [G2G3 LIVE STATUS]
🗂 Overall jobs     : completed 26 / 56 | pending 29 | failed 0
📼 Videos done      : 0 / 14
🧮 Current job index: 27 / 56
🎬 Current video    : lowFramerate / tunnelExit_0_35fps
🧪 Current pipeline : ONLINE_CALIBRATED
🧩 Video progress   : 2 / 6 pipelines
🖼 Frame progress   : 1 / 100
📊 Job progress     : 1.00%

Progress bar job:
[░░░░░░░░░░░░░░░░░░░░] 1.00%

Progress bar overall:
[█████████░░░░░░░░░░░] 46.43%

⚡ FPS current      : 2.56
⚡ FPS average      : 2.56
⏱ Avg latency      : 390.40 ms
⏱ P95 latency      : 390.40 ms
🧠 CPU process      : 37.85 %
💾 RAM process      : 776.71 MB
🔋 Energy/frame     : 6.7000
🔋 Sim energy/frame : 0.0000

⌛ Runtime job      : 00:00:03
⌛ Runtime session  : 00:00:04
🕒 ETA current job  : 00:00:38
🕒 ETA all remain   : 00:10:04

✅ Last completed   : lowFramerate/tunnelExit_0_35fps/ASMAG_TR_CONTROLLER
➡️ Next pending     : lowFramerate/tunnelExit_0_35fps/ASMAG_TR_CONTROLLER_ONLINE_GUARDED

😄 Fun status line  : Đang tăng tốc, cố lên nào!
============================================================
============================================================
📡 [G2G3 LIVE STATUS]
🗂 Overall jobs     : completed 26 / 56 | pending 29 | failed 0
📼 Videos done      : 0 / 14
🧮 Current job index: 27 / 56
🎬 Current video    : lowFramerate / tunnelExit_0_35fps
🧪 Current pipeline : ONLINE_CALIBRATED
🧩 Video progress   : 2 / 6 pipelines
🖼 Frame progress   : 25 / 100
📊 Job progress     : 25.00%

Progress bar job:
[█████░░░░░░░░░░░░░░░] 25.00%

Progress bar overall:
[█████████░░░░░░░░░░░] 46.43%

⚡ FPS current      : 16.14
⚡ FPS average      : 12.88
⏱ Avg latency      : 153.71 ms
⏱ P95 latency      : 353.77 ms
🧠 CPU process      : 22.52 %
💾 RAM process      : 806.48 MB
🔋 Energy/frame     : 4.2200
🔋 Sim energy/frame : 0.0000

⌛ Runtime job      : 00:00:13
⌛ Runtime session  : 00:00:14
🕒 ETA current job  : 00:00:05
🕒 ETA all remain   : 00:10:04

✅ Last completed   : lowFramerate/tunnelExit_0_35fps/ASMAG_TR_CONTROLLER
➡️ Next pending     : lowFramerate/tunnelExit_0_35fps/ASMAG_TR_CONTROLLER_ONLINE_GUARDED

😄 Fun status line  : Edge profiling vẫn đang ổn định!
============================================================
============================================================
📡 [G2G3 LIVE STATUS]
🗂 Overall jobs     : completed 26 / 56 | pending 29 | failed 0
📼 Videos done      : 0 / 14
🧮 Current job index: 27 / 56
🎬 Current video    : lowFramerate / tunnelExit_0_35fps
🧪 Current pipeline : ONLINE_CALIBRATED
🧩 Video progress   : 2 / 6 pipelines
🖼 Frame progress   : 50 / 100
📊 Job progress     : 50.00%

Progress bar job:
[██████████░░░░░░░░░░] 50.00%

Progress bar overall:
[█████████░░░░░░░░░░░] 46.43%

⚡ FPS current      : 17.79
⚡ FPS average      : 12.04
⏱ Avg latency      : 158.20 ms
⏱ P95 latency      : 350.29 ms
🧠 CPU process      : 22.48 %
💾 RAM process      : 806.64 MB
🔋 Energy/frame     : 4.2040
🔋 Sim energy/frame : 0.0000

⌛ Runtime job      : 00:00:24
⌛ Runtime session  : 00:00:25
🕒 ETA current job  : 00:00:04
🕒 ETA all remain   : 00:10:04

✅ Last completed   : lowFramerate/tunnelExit_0_35fps/ASMAG_TR_CONTROLLER
➡️ Next pending     : lowFramerate/tunnelExit_0_35fps/ASMAG_TR_CONTROLLER_ONLINE_GUARDED

😄 Fun status line  : YOLO nghỉ ít thôi, còn nhiều video phía trước 😄
============================================================
============================================================
📡 [G2G3 LIVE STATUS]
🗂 Overall jobs     : completed 26 / 56 | pending 29 | failed 0
📼 Videos done      : 0 / 14
🧮 Current job index: 27 / 56
🎬 Current video    : lowFramerate / tunnelExit_0_35fps
🧪 Current pipeline : ONLINE_CALIBRATED
🧩 Video progress   : 2 / 6 pipelines
🖼 Frame progress   : 75 / 100
📊 Job progress     : 75.00%

Progress bar job:
[███████████████░░░░░] 75.00%

Progress bar overall:
[█████████░░░░░░░░░░░] 46.43%

⚡ FPS current      : 2.43
⚡ FPS average      : 10.00
⏱ Avg latency      : 200.59 ms
⏱ P95 latency      : 440.52 ms
🧠 CPU process      : 64.85 %
💾 RAM process      : 806.89 MB
🔋 Energy/frame     : 4.4067
🔋 Sim energy/frame : 0.0000

⌛ Runtime job      : 00:00:41
⌛ Runtime session  : 00:00:42
🕒 ETA current job  : 00:00:02
🕒 ETA all remain   : 00:10:04

✅ Last completed   : lowFramerate/tunnelExit_0_35fps/ASMAG_TR_CONTROLLER
➡️ Next pending     : lowFramerate/tunnelExit_0_35fps/ASMAG_TR_CONTROLLER_ONLINE_GUARDED

😄 Fun status line  : Đang tăng tốc, cố lên nào!
============================================================
============================================================
📡 [G2G3 LIVE STATUS]
🗂 Overall jobs     : completed 26 / 56 | pending 29 | failed 0
📼 Videos done      : 0 / 14
🧮 Current job index: 27 / 56
🎬 Current video    : lowFramerate / tunnelExit_0_35fps
🧪 Current pipeline : ONLINE_CALIBRATED
🧩 Video progress   : 2 / 6 pipelines
🖼 Frame progress   : 100 / 100
📊 Job progress     : 100.00%

Progress bar job:
[████████████████████] 100.00%

Progress bar overall:
[█████████░░░░░░░░░░░] 46.43%

⚡ FPS current      : 15.50
⚡ FPS average      : 9.37
⏱ Avg latency      : 206.43 ms
⏱ P95 latency      : 413.85 ms
🧠 CPU process      : 25.00 %
💾 RAM process      : 811.57 MB
🔋 Energy/frame     : 4.6620
🔋 Sim energy/frame : 0.0000

⌛ Runtime job      : 00:00:54
⌛ Runtime session  : 00:00:55
🕒 ETA current job  : 00:00:00
🕒 ETA all remain   : 00:10:04

✅ Last completed   : lowFramerate/tunnelExit_0_35fps/ASMAG_TR_CONTROLLER
➡️ Next pending     : lowFramerate/tunnelExit_0_35fps/ASMAG_TR_CONTROLLER_ONLINE_GUARDED

😄 Fun status line  : Giữ vững phong độ, dữ liệu đang chảy về!
============================================================
[JOB PROGRESS] completed=27 | pending=29 | running=0 | failed=0 | current_job=-
[JOB COMPLETED]
lowFramerate/tunnelExit_0_35fps/ONLINE_CALIBRATED
frames_done=100
runtime_seconds=20.643208742141724
avg_fps=9.37029424158137
p95_latency_ms=413.84985446929926
activation=0.57
energy_per_frame=4.661999999999999
simulated_runtime_energy_per_frame=4.97472496805326
    EventF1=0.857 | FMeasure=0.103 | Activation=0.570 | ROI=2000-4000 | EvalFrames=100 | SkippedBeforeROI=1999
  - Running ASMAG_TR_CONTROLLER_ONLINE_GUARDED ...
============================================================
🚀 [G2G3 SINGLE-JOB RUN STARTED]
🎯 Current mission : lowFramerate / tunnelExit_0_35fps / ASMAG_TR_CONTROLLER_ONLINE_GUARDED
📦 Job type        : 1 video + 1 pipeline
📍 Output folder   : outputs\guarded_v2_residual_risk_subset_dryrun
🧠 Mode            : CPU Edge Simulation
============================================================
============================================================
📡 [G2G3 LIVE STATUS]
🗂 Overall jobs     : completed 27 / 56 | pending 28 | failed 0
📼 Videos done      : 0 / 14
🧮 Current job index: 28 / 56
🎬 Current video    : lowFramerate / tunnelExit_0_35fps
🧪 Current pipeline : ASMAG_TR_CONTROLLER_ONLINE_GUARDED
🧩 Video progress   : 2 / 6 pipelines
🖼 Frame progress   : 1 / 100
📊 Job progress     : 1.00%

Progress bar job:
[░░░░░░░░░░░░░░░░░░░░] 1.00%

Progress bar overall:
[██████████░░░░░░░░░░] 48.21%

⚡ FPS current      : 4.94
⚡ FPS average      : 4.94
⏱ Avg latency      : 202.52 ms
⏱ P95 latency      : 202.52 ms
🧠 CPU process      : 44.33 %
💾 RAM process      : 677.92 MB
🔋 Energy/frame     : 6.8000
🔋 Sim energy/frame : 0.0000

⌛ Runtime job      : 00:00:01
⌛ Runtime session  : 00:00:57
🕒 ETA current job  : 00:00:20
🕒 ETA all remain   : 00:09:44

✅ Last completed   : lowFramerate/tunnelExit_0_35fps/ONLINE_CALIBRATED
➡️ Next pending     : nightVideos/bridgeEntry/P3_MOG2

😄 Fun status line  : Bình tĩnh, video dài nhưng chúng ta bền bỉ!
============================================================
============================================================
📡 [G2G3 LIVE STATUS]
🗂 Overall jobs     : completed 27 / 56 | pending 28 | failed 0
📼 Videos done      : 0 / 14
🧮 Current job index: 28 / 56
🎬 Current video    : lowFramerate / tunnelExit_0_35fps
🧪 Current pipeline : ASMAG_TR_CONTROLLER_ONLINE_GUARDED
🧩 Video progress   : 2 / 6 pipelines
🖼 Frame progress   : 25 / 100
📊 Job progress     : 25.00%

Progress bar job:
[█████░░░░░░░░░░░░░░░] 25.00%

Progress bar overall:
[██████████░░░░░░░░░░] 48.21%

⚡ FPS current      : 33.01
⚡ FPS average      : 17.35
⏱ Avg latency      : 169.95 ms
⏱ P95 latency      : 296.27 ms
🧠 CPU process      : 132.97 %
💾 RAM process      : 689.11 MB
🔋 Energy/frame     : 5.0200
🔋 Sim energy/frame : 0.0000

⌛ Runtime job      : 00:00:08
⌛ Runtime session  : 00:01:04
🕒 ETA current job  : 00:00:04
🕒 ETA all remain   : 00:09:44

✅ Last completed   : lowFramerate/tunnelExit_0_35fps/ONLINE_CALIBRATED
➡️ Next pending     : nightVideos/bridgeEntry/P3_MOG2

😄 Fun status line  : Progress đang đẹp lên từng frame!
============================================================
============================================================
📡 [G2G3 LIVE STATUS]
🗂 Overall jobs     : completed 27 / 56 | pending 28 | failed 0
📼 Videos done      : 0 / 14
🧮 Current job index: 28 / 56
🎬 Current video    : lowFramerate / tunnelExit_0_35fps
🧪 Current pipeline : ASMAG_TR_CONTROLLER_ONLINE_GUARDED
🧩 Video progress   : 2 / 6 pipelines
🖼 Frame progress   : 50 / 100
📊 Job progress     : 50.00%

Progress bar job:
[██████████░░░░░░░░░░] 50.00%

Progress bar overall:
[██████████░░░░░░░░░░] 48.21%

⚡ FPS current      : 66.69
⚡ FPS average      : 25.42
⏱ Avg latency      : 135.35 ms
⏱ P95 latency      : 326.01 ms
🧠 CPU process      : 25.07 %
💾 RAM process      : 698.10 MB
🔋 Energy/frame     : 4.0320
🔋 Sim energy/frame : 0.0000

⌛ Runtime job      : 00:00:13
⌛ Runtime session  : 00:01:09
🕒 ETA current job  : 00:00:01
🕒 ETA all remain   : 00:09:44

✅ Last completed   : lowFramerate/tunnelExit_0_35fps/ONLINE_CALIBRATED
➡️ Next pending     : nightVideos/bridgeEntry/P3_MOG2

😄 Fun status line  : Thêm một ít nữa là chạm mốc mới!
============================================================
============================================================
📡 [G2G3 LIVE STATUS]
🗂 Overall jobs     : completed 27 / 56 | pending 28 | failed 0
📼 Videos done      : 0 / 14
🧮 Current job index: 28 / 56
🎬 Current video    : lowFramerate / tunnelExit_0_35fps
🧪 Current pipeline : ASMAG_TR_CONTROLLER_ONLINE_GUARDED
🧩 Video progress   : 2 / 6 pipelines
🖼 Frame progress   : 75 / 100
📊 Job progress     : 75.00%

Progress bar job:
[███████████████░░░░░] 75.00%

Progress bar overall:
[██████████░░░░░░░░░░] 48.21%

⚡ FPS current      : 4.54
⚡ FPS average      : 24.41
⏱ Avg latency      : 136.24 ms
⏱ P95 latency      : 315.64 ms
🧠 CPU process      : 111.42 %
💾 RAM process      : 709.34 MB
🔋 Energy/frame     : 4.0933
🔋 Sim energy/frame : 0.0000

⌛ Runtime job      : 00:00:19
⌛ Runtime session  : 00:01:15
🕒 ETA current job  : 00:00:01
🕒 ETA all remain   : 00:09:44

✅ Last completed   : lowFramerate/tunnelExit_0_35fps/ONLINE_CALIBRATED
➡️ Next pending     : nightVideos/bridgeEntry/P3_MOG2

😄 Fun status line  : YOLO nghỉ ít thôi, còn nhiều video phía trước 😄
============================================================
============================================================
📡 [G2G3 LIVE STATUS]
🗂 Overall jobs     : completed 27 / 56 | pending 28 | failed 0
📼 Videos done      : 0 / 14
🧮 Current job index: 28 / 56
🎬 Current video    : lowFramerate / tunnelExit_0_35fps
🧪 Current pipeline : ASMAG_TR_CONTROLLER_ONLINE_GUARDED
🧩 Video progress   : 2 / 6 pipelines
🖼 Frame progress   : 100 / 100
📊 Job progress     : 100.00%

Progress bar job:
[████████████████████] 100.00%

Progress bar overall:
[██████████░░░░░░░░░░] 48.21%

⚡ FPS current      : 43.72
⚡ FPS average      : 22.72
⏱ Avg latency      : 148.07 ms
⏱ P95 latency      : 319.29 ms
🧠 CPU process      : 25.07 %
💾 RAM process      : 717.93 MB
🔋 Energy/frame     : 4.3280
🔋 Sim energy/frame : 0.0000

⌛ Runtime job      : 00:00:26
⌛ Runtime session  : 00:01:23
🕒 ETA current job  : 00:00:00
🕒 ETA all remain   : 00:09:44

✅ Last completed   : lowFramerate/tunnelExit_0_35fps/ONLINE_CALIBRATED
➡️ Next pending     : nightVideos/bridgeEntry/P3_MOG2

😄 Fun status line  : Sắp xong thêm một chặng nữa!
============================================================
[JOB PROGRESS] completed=28 | pending=28 | running=0 | failed=0 | current_job=-
[JOB COMPLETED]
lowFramerate/tunnelExit_0_35fps/ASMAG_TR_CONTROLLER_ONLINE_GUARDED
frames_done=100
runtime_seconds=14.80709457397461
avg_fps=22.716411467198686
p95_latency_ms=319.28665637969965
activation=0.5
energy_per_frame=4.327999999999999
simulated_runtime_energy_per_frame=4.725931068657405
    EventF1=0.873 | FMeasure=0.117 | Activation=0.500 | ROI=2000-4000 | EvalFrames=100 | SkippedBeforeROI=1999

[SEQ] nightVideos/bridgeEntry
  - Running P3_MOG2 ...
============================================================
🚀 [G2G3 SINGLE-JOB RUN STARTED]
🎯 Current mission : nightVideos / bridgeEntry / P3_MOG2
📦 Job type        : 1 video + 1 pipeline
📍 Output folder   : outputs\guarded_v2_residual_risk_subset_dryrun
🧠 Mode            : CPU Edge Simulation
============================================================
============================================================
📡 [G2G3 LIVE STATUS]
🗂 Overall jobs     : completed 28 / 56 | pending 27 | failed 0
📼 Videos done      : 0 / 14
🧮 Current job index: 29 / 56
🎬 Current video    : nightVideos / bridgeEntry
🧪 Current pipeline : P3_MOG2
🧩 Video progress   : 0 / 6 pipelines
🖼 Frame progress   : 1 / 100
📊 Job progress     : 1.00%

Progress bar job:
[░░░░░░░░░░░░░░░░░░░░] 1.00%

Progress bar overall:
[██████████░░░░░░░░░░] 50.00%

⚡ FPS current      : 3.62
⚡ FPS average      : 3.62
⏱ Avg latency      : 276.50 ms
⏱ P95 latency      : 276.50 ms
🧠 CPU process      : 34.45 %
💾 RAM process      : 703.06 MB
🔋 Energy/frame     : 6.7000
🔋 Sim energy/frame : 0.0000

⌛ Runtime job      : 00:00:01
⌛ Runtime session  : 00:01:25
🕒 ETA current job  : 00:00:27
🕒 ETA all remain   : 00:09:19

✅ Last completed   : lowFramerate/tunnelExit_0_35fps/ASMAG_TR_CONTROLLER_ONLINE_GUARDED
➡️ Next pending     : nightVideos/bridgeEntry/ASMAG_TR_CONTROLLER

😄 Fun status line  : Pipeline đang làm việc rất chăm chỉ...
============================================================
============================================================
📡 [G2G3 LIVE STATUS]
🗂 Overall jobs     : completed 28 / 56 | pending 27 | failed 0
📼 Videos done      : 0 / 14
🧮 Current job index: 29 / 56
🎬 Current video    : nightVideos / bridgeEntry
🧪 Current pipeline : P3_MOG2
🧩 Video progress   : 0 / 6 pipelines
🖼 Frame progress   : 25 / 100
📊 Job progress     : 25.00%

Progress bar job:
[█████░░░░░░░░░░░░░░░] 25.00%

Progress bar overall:
[██████████░░░░░░░░░░] 50.00%

⚡ FPS current      : 4.75
⚡ FPS average      : 4.23
⏱ Avg latency      : 239.83 ms
⏱ P95 latency      : 280.07 ms
🧠 CPU process      : 127.83 %
💾 RAM process      : 711.98 MB
🔋 Energy/frame     : 6.7000
🔋 Sim energy/frame : 0.0000

⌛ Runtime job      : 00:00:11
⌛ Runtime session  : 00:01:35
🕒 ETA current job  : 00:00:17
🕒 ETA all remain   : 00:09:19

✅ Last completed   : lowFramerate/tunnelExit_0_35fps/ASMAG_TR_CONTROLLER_ONLINE_GUARDED
➡️ Next pending     : nightVideos/bridgeEntry/ASMAG_TR_CONTROLLER

😄 Fun status line  : Bình tĩnh, video dài nhưng chúng ta bền bỉ!
============================================================
============================================================
📡 [G2G3 LIVE STATUS]
🗂 Overall jobs     : completed 28 / 56 | pending 27 | failed 0
📼 Videos done      : 0 / 14
🧮 Current job index: 29 / 56
🎬 Current video    : nightVideos / bridgeEntry
🧪 Current pipeline : P3_MOG2
🧩 Video progress   : 0 / 6 pipelines
🖼 Frame progress   : 50 / 100
📊 Job progress     : 50.00%

Progress bar job:
[██████████░░░░░░░░░░] 50.00%

Progress bar overall:
[██████████░░░░░░░░░░] 50.00%

⚡ FPS current      : 2.19
⚡ FPS average      : 3.81
⏱ Avg latency      : 275.82 ms
⏱ P95 latency      : 437.37 ms
🧠 CPU process      : 97.80 %
💾 RAM process      : 712.16 MB
🔋 Energy/frame     : 6.7000
🔋 Sim energy/frame : 0.0000

⌛ Runtime job      : 00:00:24
⌛ Runtime session  : 00:01:48
🕒 ETA current job  : 00:00:13
🕒 ETA all remain   : 00:09:19

✅ Last completed   : lowFramerate/tunnelExit_0_35fps/ASMAG_TR_CONTROLLER_ONLINE_GUARDED
➡️ Next pending     : nightVideos/bridgeEntry/ASMAG_TR_CONTROLLER

😄 Fun status line  : Một pipeline xong là gần bài báo hơn một bước!
============================================================
============================================================
📡 [G2G3 LIVE STATUS]
🗂 Overall jobs     : completed 28 / 56 | pending 27 | failed 0
📼 Videos done      : 0 / 14
🧮 Current job index: 29 / 56
🎬 Current video    : nightVideos / bridgeEntry
🧪 Current pipeline : P3_MOG2
🧩 Video progress   : 0 / 6 pipelines
🖼 Frame progress   : 75 / 100
📊 Job progress     : 75.00%

Progress bar job:
[███████████████░░░░░] 75.00%

Progress bar overall:
[██████████░░░░░░░░░░] 50.00%

⚡ FPS current      : 3.05
⚡ FPS average      : 3.35
⏱ Avg latency      : 351.53 ms
⏱ P95 latency      : 634.28 ms
🧠 CPU process      : 132.03 %
💾 RAM process      : 712.16 MB
🔋 Energy/frame     : 6.7000
🔋 Sim energy/frame : 0.0000

⌛ Runtime job      : 00:00:42
⌛ Runtime session  : 00:02:06
🕒 ETA current job  : 00:00:07
🕒 ETA all remain   : 00:09:19

✅ Last completed   : lowFramerate/tunnelExit_0_35fps/ASMAG_TR_CONTROLLER_ONLINE_GUARDED
➡️ Next pending     : nightVideos/bridgeEntry/ASMAG_TR_CONTROLLER

😄 Fun status line  : Đang tăng tốc, cố lên nào!
============================================================
============================================================
📡 [G2G3 LIVE STATUS]
🗂 Overall jobs     : completed 28 / 56 | pending 27 | failed 0
📼 Videos done      : 0 / 14
🧮 Current job index: 29 / 56
🎬 Current video    : nightVideos / bridgeEntry
🧪 Current pipeline : P3_MOG2
🧩 Video progress   : 0 / 6 pipelines
🖼 Frame progress   : 100 / 100
📊 Job progress     : 100.00%

Progress bar job:
[████████████████████] 100.00%

Progress bar overall:
[██████████░░░░░░░░░░] 50.00%

⚡ FPS current      : 2.51
⚡ FPS average      : 3.12
⏱ Avg latency      : 371.54 ms
⏱ P95 latency      : 626.05 ms
🧠 CPU process      : 105.22 %
💾 RAM process      : 712.17 MB
🔋 Energy/frame     : 6.7000
🔋 Sim energy/frame : 0.0000

⌛ Runtime job      : 00:00:59
⌛ Runtime session  : 00:02:22
🕒 ETA current job  : 00:00:00
🕒 ETA all remain   : 00:09:19

✅ Last completed   : lowFramerate/tunnelExit_0_35fps/ASMAG_TR_CONTROLLER_ONLINE_GUARDED
➡️ Next pending     : nightVideos/bridgeEntry/ASMAG_TR_CONTROLLER

😄 Fun status line  : YOLO nghỉ ít thôi, còn nhiều video phía trước 😄
============================================================
[JOB PROGRESS] completed=29 | pending=27 | running=0 | failed=0 | current_job=-
[JOB COMPLETED]
nightVideos/bridgeEntry/P3_MOG2
frames_done=100
runtime_seconds=37.15373373031616
avg_fps=3.1189061337067856
p95_latency_ms=626.0483860969542
activation=1.0
energy_per_frame=6.700000000000004
simulated_runtime_energy_per_frame=7.389600348605789
    EventF1=0.974 | FMeasure=0.309 | Activation=1.000 | ROI=1000-2500 | EvalFrames=100 | SkippedBeforeROI=999
  - Running ASMAG_TR_CONTROLLER ...
============================================================
🚀 [G2G3 SINGLE-JOB RUN STARTED]
🎯 Current mission : nightVideos / bridgeEntry / ASMAG_TR_CONTROLLER
📦 Job type        : 1 video + 1 pipeline
📍 Output folder   : outputs\guarded_v2_residual_risk_subset_dryrun
🧠 Mode            : CPU Edge Simulation
============================================================
============================================================
📡 [G2G3 LIVE STATUS]
🗂 Overall jobs     : completed 29 / 56 | pending 26 | failed 0
📼 Videos done      : 0 / 14
🧮 Current job index: 30 / 56
🎬 Current video    : nightVideos / bridgeEntry
🧪 Current pipeline : ASMAG_TR_CONTROLLER
🧩 Video progress   : 1 / 6 pipelines
🖼 Frame progress   : 1 / 100
📊 Job progress     : 1.00%

Progress bar job:
[░░░░░░░░░░░░░░░░░░░░] 1.00%

Progress bar overall:
[██████████░░░░░░░░░░] 51.79%

⚡ FPS current      : 3.02
⚡ FPS average      : 3.02
⏱ Avg latency      : 331.17 ms
⏱ P95 latency      : 331.17 ms
🧠 CPU process      : 51.30 %
💾 RAM process      : 712.46 MB
🔋 Energy/frame     : 6.7000
🔋 Sim energy/frame : 0.0000

⌛ Runtime job      : 00:00:01
⌛ Runtime session  : 00:02:25
🕒 ETA current job  : 00:00:32
🕒 ETA all remain   : 00:09:15

✅ Last completed   : nightVideos/bridgeEntry/P3_MOG2
➡️ Next pending     : nightVideos/bridgeEntry/ONLINE_CALIBRATED

😄 Fun status line  : Edge profiling vẫn đang ổn định!
============================================================
============================================================
📡 [G2G3 LIVE STATUS]
🗂 Overall jobs     : completed 29 / 56 | pending 26 | failed 0
📼 Videos done      : 0 / 14
🧮 Current job index: 30 / 56
🎬 Current video    : nightVideos / bridgeEntry
🧪 Current pipeline : ASMAG_TR_CONTROLLER
🧩 Video progress   : 1 / 6 pipelines
🖼 Frame progress   : 25 / 100
📊 Job progress     : 25.00%

Progress bar job:
[█████░░░░░░░░░░░░░░░] 25.00%

Progress bar overall:
[██████████░░░░░░░░░░] 51.79%

⚡ FPS current      : 2.00
⚡ FPS average      : 2.53
⏱ Avg latency      : 434.03 ms
⏱ P95 latency      : 679.14 ms
🧠 CPU process      : 109.38 %
💾 RAM process      : 714.04 MB
🔋 Energy/frame     : 6.7000
🔋 Sim energy/frame : 0.0000

⌛ Runtime job      : 00:00:14
⌛ Runtime session  : 00:02:38
🕒 ETA current job  : 00:00:29
🕒 ETA all remain   : 00:09:15

✅ Last completed   : nightVideos/bridgeEntry/P3_MOG2
➡️ Next pending     : nightVideos/bridgeEntry/ONLINE_CALIBRATED

😄 Fun status line  : Edge profiling vẫn đang ổn định!
============================================================
============================================================
📡 [G2G3 LIVE STATUS]
🗂 Overall jobs     : completed 29 / 56 | pending 26 | failed 0
📼 Videos done      : 0 / 14
🧮 Current job index: 30 / 56
🎬 Current video    : nightVideos / bridgeEntry
🧪 Current pipeline : ASMAG_TR_CONTROLLER
🧩 Video progress   : 1 / 6 pipelines
🖼 Frame progress   : 50 / 100
📊 Job progress     : 50.00%

Progress bar job:
[██████████░░░░░░░░░░] 50.00%

Progress bar overall:
[██████████░░░░░░░░░░] 51.79%

⚡ FPS current      : 2.63
⚡ FPS average      : 2.28
⏱ Avg latency      : 469.21 ms
⏱ P95 latency      : 694.42 ms
🧠 CPU process      : 139.32 %
💾 RAM process      : 714.04 MB
🔋 Energy/frame     : 6.7000
🔋 Sim energy/frame : 0.0000

⌛ Runtime job      : 00:00:29
⌛ Runtime session  : 00:02:53
🕒 ETA current job  : 00:00:21
🕒 ETA all remain   : 00:09:15

✅ Last completed   : nightVideos/bridgeEntry/P3_MOG2
➡️ Next pending     : nightVideos/bridgeEntry/ONLINE_CALIBRATED

😄 Fun status line  : Thêm một ít nữa là chạm mốc mới!
============================================================
============================================================
📡 [G2G3 LIVE STATUS]
🗂 Overall jobs     : completed 29 / 56 | pending 26 | failed 0
📼 Videos done      : 0 / 14
🧮 Current job index: 30 / 56
🎬 Current video    : nightVideos / bridgeEntry
🧪 Current pipeline : ASMAG_TR_CONTROLLER
🧩 Video progress   : 1 / 6 pipelines
🖼 Frame progress   : 75 / 100
📊 Job progress     : 75.00%

Progress bar job:
[███████████████░░░░░] 75.00%

Progress bar overall:
[██████████░░░░░░░░░░] 51.79%

⚡ FPS current      : 2.30
⚡ FPS average      : 2.17
⏱ Avg latency      : 504.08 ms
⏱ P95 latency      : 874.17 ms
🧠 CPU process      : 112.12 %
💾 RAM process      : 714.09 MB
🔋 Energy/frame     : 6.7000
🔋 Sim energy/frame : 0.0000

⌛ Runtime job      : 00:00:47
⌛ Runtime session  : 00:03:11
🕒 ETA current job  : 00:00:11
🕒 ETA all remain   : 00:09:15

✅ Last completed   : nightVideos/bridgeEntry/P3_MOG2
➡️ Next pending     : nightVideos/bridgeEntry/ONLINE_CALIBRATED

😄 Fun status line  : Giữ vững phong độ, dữ liệu đang chảy về!
============================================================
============================================================
📡 [G2G3 LIVE STATUS]
🗂 Overall jobs     : completed 29 / 56 | pending 26 | failed 0
📼 Videos done      : 0 / 14
🧮 Current job index: 30 / 56
🎬 Current video    : nightVideos / bridgeEntry
🧪 Current pipeline : ASMAG_TR_CONTROLLER
🧩 Video progress   : 1 / 6 pipelines
🖼 Frame progress   : 100 / 100
📊 Job progress     : 100.00%

Progress bar job:
[████████████████████] 100.00%

Progress bar overall:
[██████████░░░░░░░░░░] 51.79%

⚡ FPS current      : 2.39
⚡ FPS average      : 2.42
⏱ Avg latency      : 458.84 ms
⏱ P95 latency      : 751.63 ms
🧠 CPU process      : 100.88 %
💾 RAM process      : 714.09 MB
🔋 Energy/frame     : 6.7000
🔋 Sim energy/frame : 0.0000

⌛ Runtime job      : 00:00:57
⌛ Runtime session  : 00:03:21
🕒 ETA current job  : 00:00:00
🕒 ETA all remain   : 00:09:15

✅ Last completed   : nightVideos/bridgeEntry/P3_MOG2
➡️ Next pending     : nightVideos/bridgeEntry/ONLINE_CALIBRATED

😄 Fun status line  : Pipeline đang làm việc rất chăm chỉ...
============================================================
[JOB PROGRESS] completed=30 | pending=26 | running=0 | failed=0 | current_job=-
[JOB COMPLETED]
nightVideos/bridgeEntry/ASMAG_TR_CONTROLLER
frames_done=100
runtime_seconds=45.88397812843323
avg_fps=2.422662318371031
p95_latency_ms=751.6254425048826
activation=1.0
energy_per_frame=6.700000000000004
simulated_runtime_energy_per_frame=7.51942641225918
    EventF1=0.974 | FMeasure=0.309 | Activation=1.000 | ROI=1000-2500 | EvalFrames=100 | SkippedBeforeROI=999
  - Running ONLINE_CALIBRATED ...
============================================================
🚀 [G2G3 SINGLE-JOB RUN STARTED]
🎯 Current mission : nightVideos / bridgeEntry / ONLINE_CALIBRATED
📦 Job type        : 1 video + 1 pipeline
📍 Output folder   : outputs\guarded_v2_residual_risk_subset_dryrun
🧠 Mode            : CPU Edge Simulation
============================================================
============================================================
📡 [G2G3 LIVE STATUS]
🗂 Overall jobs     : completed 30 / 56 | pending 25 | failed 0
📼 Videos done      : 0 / 14
🧮 Current job index: 31 / 56
🎬 Current video    : nightVideos / bridgeEntry
🧪 Current pipeline : ONLINE_CALIBRATED
🧩 Video progress   : 2 / 6 pipelines
🖼 Frame progress   : 1 / 100
📊 Job progress     : 1.00%

Progress bar job:
[░░░░░░░░░░░░░░░░░░░░] 1.00%

Progress bar overall:
[███████████░░░░░░░░░] 53.57%

⚡ FPS current      : 4.16
⚡ FPS average      : 4.16
⏱ Avg latency      : 240.44 ms
⏱ P95 latency      : 240.44 ms
🧠 CPU process      : 30.38 %
💾 RAM process      : 812.86 MB
🔋 Energy/frame     : 6.7000
🔋 Sim energy/frame : 0.0000

⌛ Runtime job      : 00:00:04
⌛ Runtime session  : 00:03:26
🕒 ETA current job  : 00:00:23
🕒 ETA all remain   : 00:09:16

✅ Last completed   : nightVideos/bridgeEntry/ASMAG_TR_CONTROLLER
➡️ Next pending     : nightVideos/bridgeEntry/ASMAG_TR_CONTROLLER_ONLINE_GUARDED

😄 Fun status line  : Một pipeline xong là gần bài báo hơn một bước!
============================================================
============================================================
📡 [G2G3 LIVE STATUS]
🗂 Overall jobs     : completed 30 / 56 | pending 25 | failed 0
📼 Videos done      : 0 / 14
🧮 Current job index: 31 / 56
🎬 Current video    : nightVideos / bridgeEntry
🧪 Current pipeline : ONLINE_CALIBRATED
🧩 Video progress   : 2 / 6 pipelines
🖼 Frame progress   : 25 / 100
📊 Job progress     : 25.00%

Progress bar job:
[█████░░░░░░░░░░░░░░░] 25.00%

Progress bar overall:
[███████████░░░░░░░░░] 53.57%

⚡ FPS current      : 2.37
⚡ FPS average      : 3.91
⏱ Avg latency      : 351.40 ms
⏱ P95 latency      : 570.44 ms
🧠 CPU process      : 83.88 %
💾 RAM process      : 817.44 MB
🔋 Energy/frame     : 6.1760
🔋 Sim energy/frame : 0.0000

⌛ Runtime job      : 00:00:23
⌛ Runtime session  : 00:03:45
🕒 ETA current job  : 00:00:19
🕒 ETA all remain   : 00:09:16

✅ Last completed   : nightVideos/bridgeEntry/ASMAG_TR_CONTROLLER
➡️ Next pending     : nightVideos/bridgeEntry/ASMAG_TR_CONTROLLER_ONLINE_GUARDED

😄 Fun status line  : Thêm một ít nữa là chạm mốc mới!
============================================================
============================================================
📡 [G2G3 LIVE STATUS]
🗂 Overall jobs     : completed 30 / 56 | pending 25 | failed 0
📼 Videos done      : 0 / 14
🧮 Current job index: 31 / 56
🎬 Current video    : nightVideos / bridgeEntry
🧪 Current pipeline : ONLINE_CALIBRATED
🧩 Video progress   : 2 / 6 pipelines
🖼 Frame progress   : 50 / 100
📊 Job progress     : 50.00%

Progress bar job:
[██████████░░░░░░░░░░] 50.00%

Progress bar overall:
[███████████░░░░░░░░░] 53.57%

⚡ FPS current      : 9.34
⚡ FPS average      : 3.80
⏱ Avg latency      : 359.81 ms
⏱ P95 latency      : 565.94 ms
🧠 CPU process      : 52.60 %
💾 RAM process      : 817.45 MB
🔋 Energy/frame     : 6.0960
🔋 Sim energy/frame : 0.0000

⌛ Runtime job      : 00:00:43
⌛ Runtime session  : 00:04:05
🕒 ETA current job  : 00:00:13
🕒 ETA all remain   : 00:09:16

✅ Last completed   : nightVideos/bridgeEntry/ASMAG_TR_CONTROLLER
➡️ Next pending     : nightVideos/bridgeEntry/ASMAG_TR_CONTROLLER_ONLINE_GUARDED

😄 Fun status line  : Sắp xong thêm một chặng nữa!
============================================================
============================================================
📡 [G2G3 LIVE STATUS]
🗂 Overall jobs     : completed 30 / 56 | pending 25 | failed 0
📼 Videos done      : 0 / 14
🧮 Current job index: 31 / 56
🎬 Current video    : nightVideos / bridgeEntry
🧪 Current pipeline : ONLINE_CALIBRATED
🧩 Video progress   : 2 / 6 pipelines
🖼 Frame progress   : 75 / 100
📊 Job progress     : 75.00%

Progress bar job:
[███████████████░░░░░] 75.00%

Progress bar overall:
[███████████░░░░░░░░░] 53.57%

⚡ FPS current      : 2.25
⚡ FPS average      : 3.30
⏱ Avg latency      : 385.17 ms
⏱ P95 latency      : 561.45 ms
🧠 CPU process      : 96.25 %
💾 RAM process      : 817.48 MB
🔋 Energy/frame     : 6.3053
🔋 Sim energy/frame : 0.0000

⌛ Runtime job      : 00:01:06
⌛ Runtime session  : 00:04:28
🕒 ETA current job  : 00:00:07
🕒 ETA all remain   : 00:09:16

✅ Last completed   : nightVideos/bridgeEntry/ASMAG_TR_CONTROLLER
➡️ Next pending     : nightVideos/bridgeEntry/ASMAG_TR_CONTROLLER_ONLINE_GUARDED

😄 Fun status line  : Sắp xong thêm một chặng nữa!
============================================================
============================================================
📡 [G2G3 LIVE STATUS]
🗂 Overall jobs     : completed 30 / 56 | pending 25 | failed 0
📼 Videos done      : 0 / 14
🧮 Current job index: 31 / 56
🎬 Current video    : nightVideos / bridgeEntry
🧪 Current pipeline : ONLINE_CALIBRATED
🧩 Video progress   : 2 / 6 pipelines
🖼 Frame progress   : 100 / 100
📊 Job progress     : 100.00%

Progress bar job:
[████████████████████] 100.00%

Progress bar overall:
[███████████░░░░░░░░░] 53.57%

⚡ FPS current      : 15.96
⚡ FPS average      : 3.68
⏱ Avg latency      : 378.53 ms
⏱ P95 latency      : 574.27 ms
🧠 CPU process      : 20.82 %
💾 RAM process      : 817.62 MB
🔋 Energy/frame     : 6.0840
🔋 Sim energy/frame : 0.0000

⌛ Runtime job      : 00:01:25
⌛ Runtime session  : 00:04:48
🕒 ETA current job  : 00:00:00
🕒 ETA all remain   : 00:09:16

✅ Last completed   : nightVideos/bridgeEntry/ASMAG_TR_CONTROLLER
➡️ Next pending     : nightVideos/bridgeEntry/ASMAG_TR_CONTROLLER_ONLINE_GUARDED

😄 Fun status line  : Một pipeline xong là gần bài báo hơn một bước!
============================================================
[JOB PROGRESS] completed=31 | pending=25 | running=0 | failed=0 | current_job=-
[JOB COMPLETED]
nightVideos/bridgeEntry/ONLINE_CALIBRATED
frames_done=100
runtime_seconds=37.85338115692139
avg_fps=3.679067451653223
p95_latency_ms=574.2694973945618
activation=0.86
energy_per_frame=6.083999999999999
simulated_runtime_energy_per_frame=6.61117491013626
    EventF1=0.974 | FMeasure=0.231 | Activation=0.860 | ROI=1000-2500 | EvalFrames=100 | SkippedBeforeROI=999
  - Running ASMAG_TR_CONTROLLER_ONLINE_GUARDED ...
============================================================
🚀 [G2G3 SINGLE-JOB RUN STARTED]
🎯 Current mission : nightVideos / bridgeEntry / ASMAG_TR_CONTROLLER_ONLINE_GUARDED
📦 Job type        : 1 video + 1 pipeline
📍 Output folder   : outputs\guarded_v2_residual_risk_subset_dryrun
🧠 Mode            : CPU Edge Simulation
============================================================
============================================================
📡 [G2G3 LIVE STATUS]
🗂 Overall jobs     : completed 31 / 56 | pending 24 | failed 0
📼 Videos done      : 0 / 14
🧮 Current job index: 32 / 56
🎬 Current video    : nightVideos / bridgeEntry
🧪 Current pipeline : ASMAG_TR_CONTROLLER_ONLINE_GUARDED
🧩 Video progress   : 2 / 6 pipelines
🖼 Frame progress   : 1 / 100
📊 Job progress     : 1.00%

Progress bar job:
[░░░░░░░░░░░░░░░░░░░░] 1.00%

Progress bar overall:
[███████████░░░░░░░░░] 55.36%

⚡ FPS current      : 2.28
⚡ FPS average      : 2.28
⏱ Avg latency      : 437.87 ms
⏱ P95 latency      : 437.87 ms
🧠 CPU process      : 33.45 %
💾 RAM process      : 705.04 MB
🔋 Energy/frame     : 6.8000
🔋 Sim energy/frame : 0.0000

⌛ Runtime job      : 00:00:03
⌛ Runtime session  : 00:04:52
🕒 ETA current job  : 00:00:43
🕒 ETA all remain   : 00:09:08

✅ Last completed   : nightVideos/bridgeEntry/ONLINE_CALIBRATED
➡️ Next pending     : PTZ/continuousPan/P3_MOG2

😄 Fun status line  : Một pipeline xong là gần bài báo hơn một bước!
============================================================
============================================================
📡 [G2G3 LIVE STATUS]
🗂 Overall jobs     : completed 31 / 56 | pending 24 | failed 0
📼 Videos done      : 0 / 14
🧮 Current job index: 32 / 56
🎬 Current video    : nightVideos / bridgeEntry
🧪 Current pipeline : ASMAG_TR_CONTROLLER_ONLINE_GUARDED
🧩 Video progress   : 2 / 6 pipelines
🖼 Frame progress   : 25 / 100
📊 Job progress     : 25.00%

Progress bar job:
[█████░░░░░░░░░░░░░░░] 25.00%

Progress bar overall:
[███████████░░░░░░░░░] 55.36%

⚡ FPS current      : 18.52
⚡ FPS average      : 13.31
⏱ Avg latency      : 200.21 ms
⏱ P95 latency      : 491.10 ms
🧠 CPU process      : 24.90 %
💾 RAM process      : 706.00 MB
🔋 Energy/frame     : 3.8600
🔋 Sim energy/frame : 0.0000

⌛ Runtime job      : 00:00:12
⌛ Runtime session  : 00:05:01
🕒 ETA current job  : 00:00:05
🕒 ETA all remain   : 00:09:08

✅ Last completed   : nightVideos/bridgeEntry/ONLINE_CALIBRATED
➡️ Next pending     : PTZ/continuousPan/P3_MOG2

😄 Fun status line  : Giữ vững phong độ, dữ liệu đang chảy về!
============================================================
============================================================
📡 [G2G3 LIVE STATUS]
🗂 Overall jobs     : completed 31 / 56 | pending 24 | failed 0
📼 Videos done      : 0 / 14
🧮 Current job index: 32 / 56
🎬 Current video    : nightVideos / bridgeEntry
🧪 Current pipeline : ASMAG_TR_CONTROLLER_ONLINE_GUARDED
🧩 Video progress   : 2 / 6 pipelines
🖼 Frame progress   : 50 / 100
📊 Job progress     : 50.00%

Progress bar job:
[██████████░░░░░░░░░░] 50.00%

Progress bar overall:
[███████████░░░░░░░░░] 55.36%

⚡ FPS current      : 44.39
⚡ FPS average      : 19.92
⏱ Avg latency      : 176.95 ms
⏱ P95 latency      : 487.85 ms
🧠 CPU process      : 28.68 %
💾 RAM process      : 715.52 MB
🔋 Energy/frame     : 3.6560
🔋 Sim energy/frame : 0.0000

⌛ Runtime job      : 00:00:19
⌛ Runtime session  : 00:05:08
🕒 ETA current job  : 00:00:02
🕒 ETA all remain   : 00:09:08

✅ Last completed   : nightVideos/bridgeEntry/ONLINE_CALIBRATED
➡️ Next pending     : PTZ/continuousPan/P3_MOG2

😄 Fun status line  : Edge profiling vẫn đang ổn định!
============================================================
============================================================
📡 [G2G3 LIVE STATUS]
🗂 Overall jobs     : completed 31 / 56 | pending 24 | failed 0
📼 Videos done      : 0 / 14
🧮 Current job index: 32 / 56
🎬 Current video    : nightVideos / bridgeEntry
🧪 Current pipeline : ASMAG_TR_CONTROLLER_ONLINE_GUARDED
🧩 Video progress   : 2 / 6 pipelines
🖼 Frame progress   : 75 / 100
📊 Job progress     : 75.00%

Progress bar job:
[███████████████░░░░░] 75.00%

Progress bar overall:
[███████████░░░░░░░░░] 55.36%

⚡ FPS current      : 42.61
⚡ FPS average      : 25.25
⏱ Avg latency      : 133.87 ms
⏱ P95 latency      : 484.60 ms
🧠 CPU process      : 21.30 %
💾 RAM process      : 725.06 MB
🔋 Energy/frame     : 3.1307
🔋 Sim energy/frame : 0.0000

⌛ Runtime job      : 00:00:23
⌛ Runtime session  : 00:05:12
🕒 ETA current job  : 00:00:00
🕒 ETA all remain   : 00:09:08

✅ Last completed   : nightVideos/bridgeEntry/ONLINE_CALIBRATED
➡️ Next pending     : PTZ/continuousPan/P3_MOG2

😄 Fun status line  : Sắp xong thêm một chặng nữa!
============================================================
============================================================
📡 [G2G3 LIVE STATUS]
🗂 Overall jobs     : completed 31 / 56 | pending 24 | failed 0
📼 Videos done      : 0 / 14
🧮 Current job index: 32 / 56
🎬 Current video    : nightVideos / bridgeEntry
🧪 Current pipeline : ASMAG_TR_CONTROLLER_ONLINE_GUARDED
🧩 Video progress   : 2 / 6 pipelines
🖼 Frame progress   : 100 / 100
📊 Job progress     : 100.00%

Progress bar job:
[████████████████████] 100.00%

Progress bar overall:
[███████████░░░░░░░░░] 55.36%

⚡ FPS current      : 38.01
⚡ FPS average      : 25.79
⏱ Avg latency      : 139.32 ms
⏱ P95 latency      : 481.35 ms
🧠 CPU process      : 25.00 %
💾 RAM process      : 733.09 MB
🔋 Energy/frame     : 3.2600
🔋 Sim energy/frame : 0.0000

⌛ Runtime job      : 00:00:30
⌛ Runtime session  : 00:05:19
🕒 ETA current job  : 00:00:00
🕒 ETA all remain   : 00:09:08

✅ Last completed   : nightVideos/bridgeEntry/ONLINE_CALIBRATED
➡️ Next pending     : PTZ/continuousPan/P3_MOG2

😄 Fun status line  : Giữ vững phong độ, dữ liệu đang chảy về!
============================================================
[JOB PROGRESS] completed=32 | pending=24 | running=0 | failed=0 | current_job=-
[JOB COMPLETED]
nightVideos/bridgeEntry/ASMAG_TR_CONTROLLER_ONLINE_GUARDED
frames_done=100
runtime_seconds=13.932489156723022
avg_fps=25.785741428318932
p95_latency_ms=481.34863376617426
activation=0.28
energy_per_frame=3.2599999999999985
simulated_runtime_energy_per_frame=3.1684562145899364
    EventF1=0.974 | FMeasure=0.142 | Activation=0.280 | ROI=1000-2500 | EvalFrames=100 | SkippedBeforeROI=999

[SEQ] PTZ/continuousPan
  - Running P3_MOG2 ...
============================================================
🚀 [G2G3 SINGLE-JOB RUN STARTED]
🎯 Current mission : PTZ / continuousPan / P3_MOG2
📦 Job type        : 1 video + 1 pipeline
📍 Output folder   : outputs\guarded_v2_residual_risk_subset_dryrun
🧠 Mode            : CPU Edge Simulation
============================================================
============================================================
📡 [G2G3 LIVE STATUS]
🗂 Overall jobs     : completed 32 / 56 | pending 23 | failed 0
📼 Videos done      : 0 / 14
🧮 Current job index: 33 / 56
🎬 Current video    : PTZ / continuousPan
🧪 Current pipeline : P3_MOG2
🧩 Video progress   : 0 / 6 pipelines
🖼 Frame progress   : 1 / 100
📊 Job progress     : 1.00%

Progress bar job:
[░░░░░░░░░░░░░░░░░░░░] 1.00%

Progress bar overall:
[███████████░░░░░░░░░] 57.14%

⚡ FPS current      : 3.79
⚡ FPS average      : 3.79
⏱ Avg latency      : 263.60 ms
⏱ P95 latency      : 263.60 ms
🧠 CPU process      : 26.95 %
💾 RAM process      : 726.92 MB
🔋 Energy/frame     : 6.7000
🔋 Sim energy/frame : 0.0000

⌛ Runtime job      : 00:00:02
⌛ Runtime session  : 00:05:21
🕒 ETA current job  : 00:00:26
🕒 ETA all remain   : 00:08:40

✅ Last completed   : nightVideos/bridgeEntry/ASMAG_TR_CONTROLLER_ONLINE_GUARDED
➡️ Next pending     : PTZ/continuousPan/ASMAG_TR_CONTROLLER

😄 Fun status line  : Đang tăng tốc, cố lên nào!
============================================================
============================================================
📡 [G2G3 LIVE STATUS]
🗂 Overall jobs     : completed 32 / 56 | pending 23 | failed 0
📼 Videos done      : 0 / 14
🧮 Current job index: 33 / 56
🎬 Current video    : PTZ / continuousPan
🧪 Current pipeline : P3_MOG2
🧩 Video progress   : 0 / 6 pipelines
🖼 Frame progress   : 25 / 100
📊 Job progress     : 25.00%

Progress bar job:
[█████░░░░░░░░░░░░░░░] 25.00%

Progress bar overall:
[███████████░░░░░░░░░] 57.14%

⚡ FPS current      : 4.39
⚡ FPS average      : 3.74
⏱ Avg latency      : 273.65 ms
⏱ P95 latency      : 330.92 ms
🧠 CPU process      : 139.10 %
💾 RAM process      : 725.80 MB
🔋 Energy/frame     : 6.7000
🔋 Sim energy/frame : 0.0000

⌛ Runtime job      : 00:00:15
⌛ Runtime session  : 00:05:34
🕒 ETA current job  : 00:00:20
🕒 ETA all remain   : 00:08:40

✅ Last completed   : nightVideos/bridgeEntry/ASMAG_TR_CONTROLLER_ONLINE_GUARDED
➡️ Next pending     : PTZ/continuousPan/ASMAG_TR_CONTROLLER

😄 Fun status line  : Bình tĩnh, video dài nhưng chúng ta bền bỉ!
============================================================
============================================================
📡 [G2G3 LIVE STATUS]
🗂 Overall jobs     : completed 32 / 56 | pending 23 | failed 0
📼 Videos done      : 0 / 14
🧮 Current job index: 33 / 56
🎬 Current video    : PTZ / continuousPan
🧪 Current pipeline : P3_MOG2
🧩 Video progress   : 0 / 6 pipelines
🖼 Frame progress   : 50 / 100
📊 Job progress     : 50.00%

Progress bar job:
[██████████░░░░░░░░░░] 50.00%

Progress bar overall:
[███████████░░░░░░░░░] 57.14%

⚡ FPS current      : 3.96
⚡ FPS average      : 3.50
⏱ Avg latency      : 294.51 ms
⏱ P95 latency      : 376.36 ms
🧠 CPU process      : 113.05 %
💾 RAM process      : 731.64 MB
🔋 Energy/frame     : 6.7000
🔋 Sim energy/frame : 0.0000

⌛ Runtime job      : 00:00:28
⌛ Runtime session  : 00:05:48
🕒 ETA current job  : 00:00:14
🕒 ETA all remain   : 00:08:40

✅ Last completed   : nightVideos/bridgeEntry/ASMAG_TR_CONTROLLER_ONLINE_GUARDED
➡️ Next pending     : PTZ/continuousPan/ASMAG_TR_CONTROLLER

😄 Fun status line  : Pipeline đang làm việc rất chăm chỉ...
============================================================
============================================================
📡 [G2G3 LIVE STATUS]
🗂 Overall jobs     : completed 32 / 56 | pending 23 | failed 0
📼 Videos done      : 0 / 14
🧮 Current job index: 33 / 56
🎬 Current video    : PTZ / continuousPan
🧪 Current pipeline : P3_MOG2
🧩 Video progress   : 0 / 6 pipelines
🖼 Frame progress   : 75 / 100
📊 Job progress     : 75.00%

Progress bar job:
[███████████████░░░░░] 75.00%

Progress bar overall:
[███████████░░░░░░░░░] 57.14%

⚡ FPS current      : 2.60
⚡ FPS average      : 3.35
⏱ Avg latency      : 309.41 ms
⏱ P95 latency      : 414.99 ms
🧠 CPU process      : 103.75 %
💾 RAM process      : 732.35 MB
🔋 Energy/frame     : 6.7000
🔋 Sim energy/frame : 0.0000

⌛ Runtime job      : 00:00:43
⌛ Runtime session  : 00:06:03
🕒 ETA current job  : 00:00:07
🕒 ETA all remain   : 00:08:40

✅ Last completed   : nightVideos/bridgeEntry/ASMAG_TR_CONTROLLER_ONLINE_GUARDED
➡️ Next pending     : PTZ/continuousPan/ASMAG_TR_CONTROLLER

😄 Fun status line  : Sắp xong thêm một chặng nữa!
============================================================
============================================================
📡 [G2G3 LIVE STATUS]
🗂 Overall jobs     : completed 32 / 56 | pending 23 | failed 0
📼 Videos done      : 0 / 14
🧮 Current job index: 33 / 56
🎬 Current video    : PTZ / continuousPan
🧪 Current pipeline : P3_MOG2
🧩 Video progress   : 0 / 6 pipelines
🖼 Frame progress   : 100 / 100
📊 Job progress     : 100.00%

Progress bar job:
[████████████████████] 100.00%

Progress bar overall:
[███████████░░░░░░░░░] 57.14%

⚡ FPS current      : 3.57
⚡ FPS average      : 3.29
⏱ Avg latency      : 314.34 ms
⏱ P95 latency      : 438.07 ms
🧠 CPU process      : 111.28 %
💾 RAM process      : 732.37 MB
🔋 Energy/frame     : 6.7000
🔋 Sim energy/frame : 0.0000

⌛ Runtime job      : 00:00:58
⌛ Runtime session  : 00:06:17
🕒 ETA current job  : 00:00:00
🕒 ETA all remain   : 00:08:40

✅ Last completed   : nightVideos/bridgeEntry/ASMAG_TR_CONTROLLER_ONLINE_GUARDED
➡️ Next pending     : PTZ/continuousPan/ASMAG_TR_CONTROLLER

😄 Fun status line  : Thêm một ít nữa là chạm mốc mới!
============================================================
[JOB PROGRESS] completed=33 | pending=23 | running=0 | failed=0 | current_job=-
[JOB COMPLETED]
PTZ/continuousPan/P3_MOG2
frames_done=100
runtime_seconds=31.43423056602478
avg_fps=3.2911792457096753
p95_latency_ms=438.07438611984253
activation=1.0
energy_per_frame=6.700000000000004
simulated_runtime_energy_per_frame=7.766633637909844
    EventF1=0.291 | FMeasure=0.235 | Activation=1.000 | ROI=600-1700 | EvalFrames=100 | SkippedBeforeROI=599
  - Running ASMAG_TR_CONTROLLER ...
============================================================
🚀 [G2G3 SINGLE-JOB RUN STARTED]
🎯 Current mission : PTZ / continuousPan / ASMAG_TR_CONTROLLER
📦 Job type        : 1 video + 1 pipeline
📍 Output folder   : outputs\guarded_v2_residual_risk_subset_dryrun
🧠 Mode            : CPU Edge Simulation
============================================================
============================================================
📡 [G2G3 LIVE STATUS]
🗂 Overall jobs     : completed 33 / 56 | pending 22 | failed 0
📼 Videos done      : 0 / 14
🧮 Current job index: 34 / 56
🎬 Current video    : PTZ / continuousPan
🧪 Current pipeline : ASMAG_TR_CONTROLLER
🧩 Video progress   : 1 / 6 pipelines
🖼 Frame progress   : 1 / 100
📊 Job progress     : 1.00%

Progress bar job:
[░░░░░░░░░░░░░░░░░░░░] 1.00%

Progress bar overall:
[████████████░░░░░░░░] 58.93%

⚡ FPS current      : 3.43
⚡ FPS average      : 3.43
⏱ Avg latency      : 291.72 ms
⏱ P95 latency      : 291.72 ms
🧠 CPU process      : 48.70 %
💾 RAM process      : 732.59 MB
🔋 Energy/frame     : 6.7000
🔋 Sim energy/frame : 0.0000

⌛ Runtime job      : 00:00:01
⌛ Runtime session  : 00:06:20
🕒 ETA current job  : 00:00:28
🕒 ETA all remain   : 00:08:25

✅ Last completed   : PTZ/continuousPan/P3_MOG2
➡️ Next pending     : PTZ/continuousPan/ONLINE_CALIBRATED

😄 Fun status line  : Bình tĩnh, video dài nhưng chúng ta bền bỉ!
============================================================
============================================================
📡 [G2G3 LIVE STATUS]
🗂 Overall jobs     : completed 33 / 56 | pending 22 | failed 0
📼 Videos done      : 0 / 14
🧮 Current job index: 34 / 56
🎬 Current video    : PTZ / continuousPan
🧪 Current pipeline : ASMAG_TR_CONTROLLER
🧩 Video progress   : 1 / 6 pipelines
🖼 Frame progress   : 25 / 100
📊 Job progress     : 25.00%

Progress bar job:
[█████░░░░░░░░░░░░░░░] 25.00%

Progress bar overall:
[████████████░░░░░░░░] 58.93%

⚡ FPS current      : 2.31
⚡ FPS average      : 2.72
⏱ Avg latency      : 386.32 ms
⏱ P95 latency      : 567.76 ms
🧠 CPU process      : 112.08 %
💾 RAM process      : 722.39 MB
🔋 Energy/frame     : 6.7000
🔋 Sim energy/frame : 0.0000

⌛ Runtime job      : 00:00:15
⌛ Runtime session  : 00:06:33
🕒 ETA current job  : 00:00:27
🕒 ETA all remain   : 00:08:25

✅ Last completed   : PTZ/continuousPan/P3_MOG2
➡️ Next pending     : PTZ/continuousPan/ONLINE_CALIBRATED

😄 Fun status line  : Thêm một ít nữa là chạm mốc mới!
============================================================
============================================================
📡 [G2G3 LIVE STATUS]
🗂 Overall jobs     : completed 33 / 56 | pending 22 | failed 0
📼 Videos done      : 0 / 14
🧮 Current job index: 34 / 56
🎬 Current video    : PTZ / continuousPan
🧪 Current pipeline : ASMAG_TR_CONTROLLER
🧩 Video progress   : 1 / 6 pipelines
🖼 Frame progress   : 50 / 100
📊 Job progress     : 50.00%

Progress bar job:
[██████████░░░░░░░░░░] 50.00%

Progress bar overall:
[████████████░░░░░░░░] 58.93%

⚡ FPS current      : 2.94
⚡ FPS average      : 2.75
⏱ Avg latency      : 377.73 ms
⏱ P95 latency      : 547.50 ms
🧠 CPU process      : 142.43 %
💾 RAM process      : 727.45 MB
🔋 Energy/frame     : 6.7000
🔋 Sim energy/frame : 0.0000

⌛ Runtime job      : 00:00:28
⌛ Runtime session  : 00:06:47
🕒 ETA current job  : 00:00:18
🕒 ETA all remain   : 00:08:25

✅ Last completed   : PTZ/continuousPan/P3_MOG2
➡️ Next pending     : PTZ/continuousPan/ONLINE_CALIBRATED

😄 Fun status line  : Bình tĩnh, video dài nhưng chúng ta bền bỉ!
============================================================
============================================================
📡 [G2G3 LIVE STATUS]
🗂 Overall jobs     : completed 33 / 56 | pending 22 | failed 0
📼 Videos done      : 0 / 14
🧮 Current job index: 34 / 56
🎬 Current video    : PTZ / continuousPan
🧪 Current pipeline : ASMAG_TR_CONTROLLER
🧩 Video progress   : 1 / 6 pipelines
🖼 Frame progress   : 75 / 100
📊 Job progress     : 75.00%

Progress bar job:
[███████████████░░░░░] 75.00%

Progress bar overall:
[████████████░░░░░░░░] 58.93%

⚡ FPS current      : 2.39
⚡ FPS average      : 2.73
⏱ Avg latency      : 377.28 ms
⏱ P95 latency      : 535.90 ms
🧠 CPU process      : 129.25 %
💾 RAM process      : 728.03 MB
🔋 Energy/frame     : 6.7000
🔋 Sim energy/frame : 0.0000

⌛ Runtime job      : 00:00:41
⌛ Runtime session  : 00:07:00
🕒 ETA current job  : 00:00:09
🕒 ETA all remain   : 00:08:25

✅ Last completed   : PTZ/continuousPan/P3_MOG2
➡️ Next pending     : PTZ/continuousPan/ONLINE_CALIBRATED

😄 Fun status line  : Một pipeline xong là gần bài báo hơn một bước!
============================================================
============================================================
📡 [G2G3 LIVE STATUS]
🗂 Overall jobs     : completed 33 / 56 | pending 22 | failed 0
📼 Videos done      : 0 / 14
🧮 Current job index: 34 / 56
🎬 Current video    : PTZ / continuousPan
🧪 Current pipeline : ASMAG_TR_CONTROLLER
🧩 Video progress   : 1 / 6 pipelines
🖼 Frame progress   : 100 / 100
📊 Job progress     : 100.00%

Progress bar job:
[████████████████████] 100.00%

Progress bar overall:
[████████████░░░░░░░░] 58.93%

⚡ FPS current      : 3.65
⚡ FPS average      : 2.77
⏱ Avg latency      : 372.78 ms
⏱ P95 latency      : 537.20 ms
🧠 CPU process      : 152.72 %
💾 RAM process      : 728.11 MB
🔋 Energy/frame     : 6.7000
🔋 Sim energy/frame : 0.0000

⌛ Runtime job      : 00:00:54
⌛ Runtime session  : 00:07:12
🕒 ETA current job  : 00:00:00
🕒 ETA all remain   : 00:08:25

✅ Last completed   : PTZ/continuousPan/P3_MOG2
➡️ Next pending     : PTZ/continuousPan/ONLINE_CALIBRATED

😄 Fun status line  : Bình tĩnh, video dài nhưng chúng ta bền bỉ!
============================================================
[JOB PROGRESS] completed=34 | pending=22 | running=0 | failed=0 | current_job=-
[JOB COMPLETED]
PTZ/continuousPan/ASMAG_TR_CONTROLLER
frames_done=100
runtime_seconds=37.27789258956909
avg_fps=2.7671413866548193
p95_latency_ms=537.1958255767822
activation=1.0
energy_per_frame=6.700000000000004
simulated_runtime_energy_per_frame=7.794652395411923
    EventF1=0.291 | FMeasure=0.235 | Activation=1.000 | ROI=600-1700 | EvalFrames=100 | SkippedBeforeROI=599
  - Running ONLINE_CALIBRATED ...
============================================================
🚀 [G2G3 SINGLE-JOB RUN STARTED]
🎯 Current mission : PTZ / continuousPan / ONLINE_CALIBRATED
📦 Job type        : 1 video + 1 pipeline
📍 Output folder   : outputs\guarded_v2_residual_risk_subset_dryrun
🧠 Mode            : CPU Edge Simulation
============================================================
============================================================
📡 [G2G3 LIVE STATUS]
🗂 Overall jobs     : completed 34 / 56 | pending 21 | failed 0
📼 Videos done      : 0 / 14
🧮 Current job index: 35 / 56
🎬 Current video    : PTZ / continuousPan
🧪 Current pipeline : ONLINE_CALIBRATED
🧩 Video progress   : 2 / 6 pipelines
🖼 Frame progress   : 1 / 100
📊 Job progress     : 1.00%

Progress bar job:
[░░░░░░░░░░░░░░░░░░░░] 1.00%

Progress bar overall:
[████████████░░░░░░░░] 60.71%

⚡ FPS current      : 3.03
⚡ FPS average      : 3.03
⏱ Avg latency      : 329.71 ms
⏱ P95 latency      : 329.71 ms
🧠 CPU process      : 27.70 %
💾 RAM process      : 857.10 MB
🔋 Energy/frame     : 6.7000
🔋 Sim energy/frame : 0.0000

⌛ Runtime job      : 00:00:08
⌛ Runtime session  : 00:07:22
🕒 ETA current job  : 00:00:32
🕒 ETA all remain   : 00:08:13

✅ Last completed   : PTZ/continuousPan/ASMAG_TR_CONTROLLER
➡️ Next pending     : PTZ/continuousPan/ASMAG_TR_CONTROLLER_ONLINE_GUARDED

😄 Fun status line  : YOLO nghỉ ít thôi, còn nhiều video phía trước 😄
============================================================
============================================================
📡 [G2G3 LIVE STATUS]
🗂 Overall jobs     : completed 34 / 56 | pending 21 | failed 0
📼 Videos done      : 0 / 14
🧮 Current job index: 35 / 56
🎬 Current video    : PTZ / continuousPan
🧪 Current pipeline : ONLINE_CALIBRATED
🧩 Video progress   : 2 / 6 pipelines
🖼 Frame progress   : 15 / 100
📊 Job progress     : 15.00%

Progress bar job:
[███░░░░░░░░░░░░░░░░░] 15.00%

Progress bar overall:
[████████████░░░░░░░░] 60.71%

⚡ FPS current      : 1.48
⚡ FPS average      : 1.49
⏱ Avg latency      : 983.95 ms
⏱ P95 latency      : 1910.45 ms
🧠 CPU process      : 53.00 %
💾 RAM process      : 855.80 MB
🔋 Energy/frame     : 6.7000
🔋 Sim energy/frame : 0.0000

⌛ Runtime job      : 00:00:39
⌛ Runtime session  : 00:07:52
🕒 ETA current job  : 00:00:56
🕒 ETA all remain   : 00:08:13

✅ Last completed   : PTZ/continuousPan/ASMAG_TR_CONTROLLER
➡️ Next pending     : PTZ/continuousPan/ASMAG_TR_CONTROLLER_ONLINE_GUARDED

😄 Fun status line  : YOLO nghỉ ít thôi, còn nhiều video phía trước 😄
============================================================
============================================================
📡 [G2G3 LIVE STATUS]
🗂 Overall jobs     : completed 34 / 56 | pending 21 | failed 0
📼 Videos done      : 0 / 14
🧮 Current job index: 35 / 56
🎬 Current video    : PTZ / continuousPan
🧪 Current pipeline : ONLINE_CALIBRATED
🧩 Video progress   : 2 / 6 pipelines
🖼 Frame progress   : 25 / 100
📊 Job progress     : 25.00%

Progress bar job:
[█████░░░░░░░░░░░░░░░] 25.00%

Progress bar overall:
[████████████░░░░░░░░] 60.71%

⚡ FPS current      : 1.18
⚡ FPS average      : 1.55
⏱ Avg latency      : 860.66 ms
⏱ P95 latency      : 1647.85 ms
🧠 CPU process      : 44.90 %
💾 RAM process      : 862.72 MB
🔋 Energy/frame     : 6.7000
🔋 Sim energy/frame : 0.0000

⌛ Runtime job      : 00:00:56
⌛ Runtime session  : 00:08:10
🕒 ETA current job  : 00:00:48
🕒 ETA all remain   : 00:08:13

✅ Last completed   : PTZ/continuousPan/ASMAG_TR_CONTROLLER
➡️ Next pending     : PTZ/continuousPan/ASMAG_TR_CONTROLLER_ONLINE_GUARDED

😄 Fun status line  : Progress đang đẹp lên từng frame!
============================================================
============================================================
📡 [G2G3 LIVE STATUS]
🗂 Overall jobs     : completed 34 / 56 | pending 21 | failed 0
📼 Videos done      : 0 / 14
🧮 Current job index: 35 / 56
🎬 Current video    : PTZ / continuousPan
🧪 Current pipeline : ONLINE_CALIBRATED
🧩 Video progress   : 2 / 6 pipelines
🖼 Frame progress   : 42 / 100
📊 Job progress     : 42.00%

Progress bar job:
[████████░░░░░░░░░░░░] 42.00%

Progress bar overall:
[████████████░░░░░░░░] 60.71%

⚡ FPS current      : 1.40
⚡ FPS average      : 1.52
⏱ Avg latency      : 793.34 ms
⏱ P95 latency      : 1604.88 ms
🧠 CPU process      : 53.25 %
💾 RAM process      : 862.18 MB
🔋 Energy/frame     : 6.7000
🔋 Sim energy/frame : 0.0000

⌛ Runtime job      : 00:01:28
⌛ Runtime session  : 00:08:41
🕒 ETA current job  : 00:00:38
🕒 ETA all remain   : 00:08:13

✅ Last completed   : PTZ/continuousPan/ASMAG_TR_CONTROLLER
➡️ Next pending     : PTZ/continuousPan/ASMAG_TR_CONTROLLER_ONLINE_GUARDED

😄 Fun status line  : YOLO nghỉ ít thôi, còn nhiều video phía trước 😄
============================================================
============================================================
📡 [G2G3 LIVE STATUS]
🗂 Overall jobs     : completed 34 / 56 | pending 21 | failed 0
📼 Videos done      : 0 / 14
🧮 Current job index: 35 / 56
🎬 Current video    : PTZ / continuousPan
🧪 Current pipeline : ONLINE_CALIBRATED
🧩 Video progress   : 2 / 6 pipelines
🖼 Frame progress   : 50 / 100
📊 Job progress     : 50.00%

Progress bar job:
[██████████░░░░░░░░░░] 50.00%

Progress bar overall:
[████████████░░░░░░░░] 60.71%

⚡ FPS current      : 1.66
⚡ FPS average      : 1.48
⏱ Avg latency      : 793.89 ms
⏱ P95 latency      : 1535.10 ms
🧠 CPU process      : 61.33 %
💾 RAM process      : 862.22 MB
🔋 Energy/frame     : 6.7000
🔋 Sim energy/frame : 0.0000

⌛ Runtime job      : 00:01:43
⌛ Runtime session  : 00:08:57
🕒 ETA current job  : 00:00:33
🕒 ETA all remain   : 00:08:13

✅ Last completed   : PTZ/continuousPan/ASMAG_TR_CONTROLLER
➡️ Next pending     : PTZ/continuousPan/ASMAG_TR_CONTROLLER_ONLINE_GUARDED

😄 Fun status line  : Đang tăng tốc, cố lên nào!
============================================================
============================================================
📡 [G2G3 LIVE STATUS]
🗂 Overall jobs     : completed 34 / 56 | pending 21 | failed 0
📼 Videos done      : 0 / 14
🧮 Current job index: 35 / 56
🎬 Current video    : PTZ / continuousPan
🧪 Current pipeline : ONLINE_CALIBRATED
🧩 Video progress   : 2 / 6 pipelines
🖼 Frame progress   : 69 / 100
📊 Job progress     : 69.00%

Progress bar job:
[██████████████░░░░░░] 69.00%

Progress bar overall:
[████████████░░░░░░░░] 60.71%

⚡ FPS current      : 1.99
⚡ FPS average      : 1.56
⏱ Avg latency      : 735.87 ms
⏱ P95 latency      : 1332.72 ms
🧠 CPU process      : 75.00 %
💾 RAM process      : 862.29 MB
🔋 Energy/frame     : 6.7000
🔋 Sim energy/frame : 0.0000

⌛ Runtime job      : 00:02:14
⌛ Runtime session  : 00:09:27
🕒 ETA current job  : 00:00:19
🕒 ETA all remain   : 00:08:13

✅ Last completed   : PTZ/continuousPan/ASMAG_TR_CONTROLLER
➡️ Next pending     : PTZ/continuousPan/ASMAG_TR_CONTROLLER_ONLINE_GUARDED

😄 Fun status line  : Giữ vững phong độ, dữ liệu đang chảy về!
============================================================
============================================================
📡 [G2G3 LIVE STATUS]
🗂 Overall jobs     : completed 34 / 56 | pending 21 | failed 0
📼 Videos done      : 0 / 14
🧮 Current job index: 35 / 56
🎬 Current video    : PTZ / continuousPan
🧪 Current pipeline : ONLINE_CALIBRATED
🧩 Video progress   : 2 / 6 pipelines
🖼 Frame progress   : 75 / 100
📊 Job progress     : 75.00%

Progress bar job:
[███████████████░░░░░] 75.00%

Progress bar overall:
[████████████░░░░░░░░] 60.71%

⚡ FPS current      : 1.75
⚡ FPS average      : 1.58
⏱ Avg latency      : 721.85 ms
⏱ P95 latency      : 1252.91 ms
🧠 CPU process      : 57.65 %
💾 RAM process      : 862.30 MB
🔋 Energy/frame     : 6.7000
🔋 Sim energy/frame : 0.0000

⌛ Runtime job      : 00:02:23
⌛ Runtime session  : 00:09:37
🕒 ETA current job  : 00:00:15
🕒 ETA all remain   : 00:08:13

✅ Last completed   : PTZ/continuousPan/ASMAG_TR_CONTROLLER
➡️ Next pending     : PTZ/continuousPan/ASMAG_TR_CONTROLLER_ONLINE_GUARDED

😄 Fun status line  : YOLO nghỉ ít thôi, còn nhiều video phía trước 😄
============================================================
============================================================
📡 [G2G3 LIVE STATUS]
🗂 Overall jobs     : completed 34 / 56 | pending 21 | failed 0
📼 Videos done      : 0 / 14
🧮 Current job index: 35 / 56
🎬 Current video    : PTZ / continuousPan
🧪 Current pipeline : ONLINE_CALIBRATED
🧩 Video progress   : 2 / 6 pipelines
🖼 Frame progress   : 100 / 100
📊 Job progress     : 100.00%

Progress bar job:
[████████████████████] 100.00%

Progress bar overall:
[████████████░░░░░░░░] 60.71%

⚡ FPS current      : 2.67
⚡ FPS average      : 1.79
⏱ Avg latency      : 649.99 ms
⏱ P95 latency      : 1110.49 ms
🧠 CPU process      : 73.88 %
💾 RAM process      : 863.39 MB
🔋 Energy/frame     : 6.7000
🔋 Sim energy/frame : 0.0000

⌛ Runtime job      : 00:02:54
⌛ Runtime session  : 00:10:07
🕒 ETA current job  : 00:00:00
🕒 ETA all remain   : 00:08:13

✅ Last completed   : PTZ/continuousPan/ASMAG_TR_CONTROLLER
➡️ Next pending     : PTZ/continuousPan/ASMAG_TR_CONTROLLER_ONLINE_GUARDED

😄 Fun status line  : Edge profiling vẫn đang ổn định!
============================================================
[JOB PROGRESS] completed=35 | pending=21 | running=0 | failed=0 | current_job=-
[JOB COMPLETED]
PTZ/continuousPan/ONLINE_CALIBRATED
frames_done=100
runtime_seconds=64.99850606918335
avg_fps=1.7907447345950194
p95_latency_ms=1110.493445396423
activation=1.0
energy_per_frame=6.700000000000004
simulated_runtime_energy_per_frame=6.842331451796197
    EventF1=0.291 | FMeasure=0.235 | Activation=1.000 | ROI=600-1700 | EvalFrames=100 | SkippedBeforeROI=599
  - Running ASMAG_TR_CONTROLLER_ONLINE_GUARDED ...
============================================================
🚀 [G2G3 SINGLE-JOB RUN STARTED]
🎯 Current mission : PTZ / continuousPan / ASMAG_TR_CONTROLLER_ONLINE_GUARDED
📦 Job type        : 1 video + 1 pipeline
📍 Output folder   : outputs\guarded_v2_residual_risk_subset_dryrun
🧠 Mode            : CPU Edge Simulation
============================================================
============================================================
📡 [G2G3 LIVE STATUS]
🗂 Overall jobs     : completed 35 / 56 | pending 20 | failed 0
📼 Videos done      : 0 / 14
🧮 Current job index: 36 / 56
🎬 Current video    : PTZ / continuousPan
🧪 Current pipeline : ASMAG_TR_CONTROLLER_ONLINE_GUARDED
🧩 Video progress   : 2 / 6 pipelines
🖼 Frame progress   : 1 / 100
📊 Job progress     : 1.00%

Progress bar job:
[░░░░░░░░░░░░░░░░░░░░] 1.00%

Progress bar overall:
[████████████░░░░░░░░] 62.50%

⚡ FPS current      : 2.19
⚡ FPS average      : 2.19
⏱ Avg latency      : 456.69 ms
⏱ P95 latency      : 456.69 ms
🧠 CPU process      : 30.82 %
💾 RAM process      : 739.41 MB
🔋 Energy/frame     : 6.8000
🔋 Sim energy/frame : 0.0000

⌛ Runtime job      : 00:00:04
⌛ Runtime session  : 00:10:12
🕒 ETA current job  : 00:00:45
🕒 ETA all remain   : 00:08:16

✅ Last completed   : PTZ/continuousPan/ONLINE_CALIBRATED
➡️ Next pending     : PTZ/intermittentPan/P3_MOG2

😄 Fun status line  : Edge profiling vẫn đang ổn định!
============================================================
============================================================
📡 [G2G3 LIVE STATUS]
🗂 Overall jobs     : completed 35 / 56 | pending 20 | failed 0
📼 Videos done      : 0 / 14
🧮 Current job index: 36 / 56
🎬 Current video    : PTZ / continuousPan
🧪 Current pipeline : ASMAG_TR_CONTROLLER_ONLINE_GUARDED
🧩 Video progress   : 2 / 6 pipelines
🖼 Frame progress   : 25 / 100
📊 Job progress     : 25.00%

Progress bar job:
[█████░░░░░░░░░░░░░░░] 25.00%

Progress bar overall:
[████████████░░░░░░░░] 62.50%

⚡ FPS current      : 10.72
⚡ FPS average      : 6.94
⏱ Avg latency      : 227.95 ms
⏱ P95 latency      : 437.12 ms
🧠 CPU process      : 106.42 %
💾 RAM process      : 762.50 MB
🔋 Energy/frame     : 4.5760
🔋 Sim energy/frame : 0.0000

⌛ Runtime job      : 00:00:15
⌛ Runtime session  : 00:10:23
🕒 ETA current job  : 00:00:10
🕒 ETA all remain   : 00:08:16

✅ Last completed   : PTZ/continuousPan/ONLINE_CALIBRATED
➡️ Next pending     : PTZ/intermittentPan/P3_MOG2

😄 Fun status line  : Sắp xong thêm một chặng nữa!
============================================================
============================================================
📡 [G2G3 LIVE STATUS]
🗂 Overall jobs     : completed 35 / 56 | pending 20 | failed 0
📼 Videos done      : 0 / 14
🧮 Current job index: 36 / 56
🎬 Current video    : PTZ / continuousPan
🧪 Current pipeline : ASMAG_TR_CONTROLLER_ONLINE_GUARDED
🧩 Video progress   : 2 / 6 pipelines
🖼 Frame progress   : 50 / 100
📊 Job progress     : 50.00%

Progress bar job:
[██████████░░░░░░░░░░] 50.00%

Progress bar overall:
[████████████░░░░░░░░] 62.50%

⚡ FPS current      : 3.13
⚡ FPS average      : 5.15
⏱ Avg latency      : 275.30 ms
⏱ P95 latency      : 431.12 ms
🧠 CPU process      : 130.68 %
💾 RAM process      : 773.59 MB
🔋 Energy/frame     : 5.5460
🔋 Sim energy/frame : 0.0000

⌛ Runtime job      : 00:00:30
⌛ Runtime session  : 00:10:38
🕒 ETA current job  : 00:00:09
🕒 ETA all remain   : 00:08:16

✅ Last completed   : PTZ/continuousPan/ONLINE_CALIBRATED
➡️ Next pending     : PTZ/intermittentPan/P3_MOG2

😄 Fun status line  : Edge profiling vẫn đang ổn định!
============================================================
============================================================
📡 [G2G3 LIVE STATUS]
🗂 Overall jobs     : completed 35 / 56 | pending 20 | failed 0
📼 Videos done      : 0 / 14
🧮 Current job index: 36 / 56
🎬 Current video    : PTZ / continuousPan
🧪 Current pipeline : ASMAG_TR_CONTROLLER_ONLINE_GUARDED
🧩 Video progress   : 2 / 6 pipelines
🖼 Frame progress   : 75 / 100
📊 Job progress     : 75.00%

Progress bar job:
[███████████████░░░░░] 75.00%

Progress bar overall:
[████████████░░░░░░░░] 62.50%

⚡ FPS current      : 2.98
⚡ FPS average      : 4.36
⏱ Avg latency      : 308.06 ms
⏱ P95 latency      : 455.64 ms
🧠 CPU process      : 114.22 %
💾 RAM process      : 785.44 MB
🔋 Energy/frame     : 5.9373
🔋 Sim energy/frame : 0.0000

⌛ Runtime job      : 00:00:46
⌛ Runtime session  : 00:10:54
🕒 ETA current job  : 00:00:05
🕒 ETA all remain   : 00:08:16

✅ Last completed   : PTZ/continuousPan/ONLINE_CALIBRATED
➡️ Next pending     : PTZ/intermittentPan/P3_MOG2

😄 Fun status line  : Progress đang đẹp lên từng frame!
============================================================
============================================================
📡 [G2G3 LIVE STATUS]
🗂 Overall jobs     : completed 35 / 56 | pending 20 | failed 0
📼 Videos done      : 0 / 14
🧮 Current job index: 36 / 56
🎬 Current video    : PTZ / continuousPan
🧪 Current pipeline : ASMAG_TR_CONTROLLER_ONLINE_GUARDED
🧩 Video progress   : 2 / 6 pipelines
🖼 Frame progress   : 100 / 100
📊 Job progress     : 100.00%

Progress bar job:
[████████████████████] 100.00%

Progress bar overall:
[████████████░░░░░░░░] 62.50%

⚡ FPS current      : 2.22
⚡ FPS average      : 3.77
⏱ Avg latency      : 366.41 ms
⏱ P95 latency      : 666.52 ms
🧠 CPU process      : 85.42 %
💾 RAM process      : 798.91 MB
🔋 Energy/frame     : 6.1410
🔋 Sim energy/frame : 0.0000

⌛ Runtime job      : 00:01:09
⌛ Runtime session  : 00:11:17
🕒 ETA current job  : 00:00:00
🕒 ETA all remain   : 00:08:16

✅ Last completed   : PTZ/continuousPan/ONLINE_CALIBRATED
➡️ Next pending     : PTZ/intermittentPan/P3_MOG2

😄 Fun status line  : Sắp xong thêm một chặng nữa!
============================================================
[JOB PROGRESS] completed=36 | pending=20 | running=0 | failed=0 | current_job=-
[JOB COMPLETED]
PTZ/continuousPan/ASMAG_TR_CONTROLLER_ONLINE_GUARDED
frames_done=100
runtime_seconds=36.64128875732422
avg_fps=3.7669344507709868
p95_latency_ms=666.5184259414672
activation=0.88
energy_per_frame=6.141000000000002
simulated_runtime_energy_per_frame=6.78370414633309
    EventF1=0.291 | FMeasure=0.091 | Activation=0.880 | ROI=600-1700 | EvalFrames=100 | SkippedBeforeROI=599

[SEQ] PTZ/intermittentPan
  - Running P3_MOG2 ...
============================================================
🚀 [G2G3 SINGLE-JOB RUN STARTED]
🎯 Current mission : PTZ / intermittentPan / P3_MOG2
📦 Job type        : 1 video + 1 pipeline
📍 Output folder   : outputs\guarded_v2_residual_risk_subset_dryrun
🧠 Mode            : CPU Edge Simulation
============================================================
============================================================
📡 [G2G3 LIVE STATUS]
🗂 Overall jobs     : completed 36 / 56 | pending 19 | failed 0
📼 Videos done      : 0 / 14
🧮 Current job index: 37 / 56
🎬 Current video    : PTZ / intermittentPan
🧪 Current pipeline : P3_MOG2
🧩 Video progress   : 0 / 6 pipelines
🖼 Frame progress   : 1 / 100
📊 Job progress     : 1.00%

Progress bar job:
[░░░░░░░░░░░░░░░░░░░░] 1.00%

Progress bar overall:
[█████████████░░░░░░░] 64.29%

⚡ FPS current      : 1.89
⚡ FPS average      : 1.89
⏱ Avg latency      : 528.10 ms
⏱ P95 latency      : 528.10 ms
🧠 CPU process      : 28.90 %
💾 RAM process      : 760.70 MB
🔋 Energy/frame     : 6.7000
🔋 Sim energy/frame : 0.0000

⌛ Runtime job      : 00:00:01
⌛ Runtime session  : 00:11:21
🕒 ETA current job  : 00:00:52
🕒 ETA all remain   : 00:08:00

✅ Last completed   : PTZ/continuousPan/ASMAG_TR_CONTROLLER_ONLINE_GUARDED
➡️ Next pending     : PTZ/intermittentPan/ASMAG_TR_CONTROLLER

😄 Fun status line  : YOLO nghỉ ít thôi, còn nhiều video phía trước 😄
============================================================
============================================================
📡 [G2G3 LIVE STATUS]
🗂 Overall jobs     : completed 36 / 56 | pending 19 | failed 0
📼 Videos done      : 0 / 14
🧮 Current job index: 37 / 56
🎬 Current video    : PTZ / intermittentPan
🧪 Current pipeline : P3_MOG2
🧩 Video progress   : 0 / 6 pipelines
🖼 Frame progress   : 25 / 100
📊 Job progress     : 25.00%

Progress bar job:
[█████░░░░░░░░░░░░░░░] 25.00%

Progress bar overall:
[█████████████░░░░░░░] 64.29%

⚡ FPS current      : 4.37
⚡ FPS average      : 3.19
⏱ Avg latency      : 345.03 ms
⏱ P95 latency      : 599.26 ms
🧠 CPU process      : 144.93 %
💾 RAM process      : 764.04 MB
🔋 Energy/frame     : 6.7000
🔋 Sim energy/frame : 0.0000

⌛ Runtime job      : 00:00:15
⌛ Runtime session  : 00:11:34
🕒 ETA current job  : 00:00:23
🕒 ETA all remain   : 00:08:00

✅ Last completed   : PTZ/continuousPan/ASMAG_TR_CONTROLLER_ONLINE_GUARDED
➡️ Next pending     : PTZ/intermittentPan/ASMAG_TR_CONTROLLER

😄 Fun status line  : Đang tăng tốc, cố lên nào!
============================================================
============================================================
📡 [G2G3 LIVE STATUS]
🗂 Overall jobs     : completed 36 / 56 | pending 19 | failed 0
📼 Videos done      : 0 / 14
🧮 Current job index: 37 / 56
🎬 Current video    : PTZ / intermittentPan
🧪 Current pipeline : P3_MOG2
🧩 Video progress   : 0 / 6 pipelines
🖼 Frame progress   : 50 / 100
📊 Job progress     : 50.00%

Progress bar job:
[██████████░░░░░░░░░░] 50.00%

Progress bar overall:
[█████████████░░░░░░░] 64.29%

⚡ FPS current      : 214.00
⚡ FPS average      : 37.47
⏱ Avg latency      : 262.25 ms
⏱ P95 latency      : 577.02 ms
🧠 CPU process      : 4.97 %
💾 RAM process      : 764.13 MB
🔋 Energy/frame     : 5.7000
🔋 Sim energy/frame : 0.0000

⌛ Runtime job      : 00:00:24
⌛ Runtime session  : 00:11:43
🕒 ETA current job  : 00:00:01
🕒 ETA all remain   : 00:08:00

✅ Last completed   : PTZ/continuousPan/ASMAG_TR_CONTROLLER_ONLINE_GUARDED
➡️ Next pending     : PTZ/intermittentPan/ASMAG_TR_CONTROLLER

😄 Fun status line  : Giữ vững phong độ, dữ liệu đang chảy về!
============================================================
============================================================
📡 [G2G3 LIVE STATUS]
🗂 Overall jobs     : completed 36 / 56 | pending 19 | failed 0
📼 Videos done      : 0 / 14
🧮 Current job index: 37 / 56
🎬 Current video    : PTZ / intermittentPan
🧪 Current pipeline : P3_MOG2
🧩 Video progress   : 0 / 6 pipelines
🖼 Frame progress   : 75 / 100
📊 Job progress     : 75.00%

Progress bar job:
[███████████████░░░░░] 75.00%

Progress bar overall:
[█████████████░░░░░░░] 64.29%

⚡ FPS current      : 3.25
⚡ FPS average      : 33.16
⏱ Avg latency      : 259.56 ms
⏱ P95 latency      : 498.15 ms
🧠 CPU process      : 118.65 %
💾 RAM process      : 768.43 MB
🔋 Energy/frame     : 5.8333
🔋 Sim energy/frame : 0.0000

⌛ Runtime job      : 00:00:35
⌛ Runtime session  : 00:11:54
🕒 ETA current job  : 00:00:00
🕒 ETA all remain   : 00:08:00

✅ Last completed   : PTZ/continuousPan/ASMAG_TR_CONTROLLER_ONLINE_GUARDED
➡️ Next pending     : PTZ/intermittentPan/ASMAG_TR_CONTROLLER

😄 Fun status line  : Thêm một ít nữa là chạm mốc mới!
============================================================
============================================================
📡 [G2G3 LIVE STATUS]
🗂 Overall jobs     : completed 36 / 56 | pending 19 | failed 0
📼 Videos done      : 0 / 14
🧮 Current job index: 37 / 56
🎬 Current video    : PTZ / intermittentPan
🧪 Current pipeline : P3_MOG2
🧩 Video progress   : 0 / 6 pipelines
🖼 Frame progress   : 100 / 100
📊 Job progress     : 100.00%

Progress bar job:
[████████████████████] 100.00%

Progress bar overall:
[█████████████░░░░░░░] 64.29%

⚡ FPS current      : 4.52
⚡ FPS average      : 25.78
⏱ Avg latency      : 266.48 ms
⏱ P95 latency      : 487.29 ms
🧠 CPU process      : 112.17 %
💾 RAM process      : 762.25 MB
🔋 Energy/frame     : 6.0500
🔋 Sim energy/frame : 0.0000

⌛ Runtime job      : 00:00:48
⌛ Runtime session  : 00:12:07
🕒 ETA current job  : 00:00:00
🕒 ETA all remain   : 00:08:00

✅ Last completed   : PTZ/continuousPan/ASMAG_TR_CONTROLLER_ONLINE_GUARDED
➡️ Next pending     : PTZ/intermittentPan/ASMAG_TR_CONTROLLER

😄 Fun status line  : Sắp xong thêm một chặng nữa!
============================================================
[JOB PROGRESS] completed=37 | pending=19 | running=0 | failed=0 | current_job=-
[JOB COMPLETED]
PTZ/intermittentPan/P3_MOG2
frames_done=100
runtime_seconds=26.647863388061523
avg_fps=25.778521705205275
p95_latency_ms=487.287414073944
activation=0.87
energy_per_frame=6.0500000000000025
simulated_runtime_energy_per_frame=6.795926754918298
    EventF1=0.821 | FMeasure=0.499 | Activation=0.870 | ROI=1200-3500 | EvalFrames=100 | SkippedBeforeROI=1199
  - Running ASMAG_TR_CONTROLLER ...
============================================================
🚀 [G2G3 SINGLE-JOB RUN STARTED]
🎯 Current mission : PTZ / intermittentPan / ASMAG_TR_CONTROLLER
📦 Job type        : 1 video + 1 pipeline
📍 Output folder   : outputs\guarded_v2_residual_risk_subset_dryrun
🧠 Mode            : CPU Edge Simulation
============================================================
============================================================
📡 [G2G3 LIVE STATUS]
🗂 Overall jobs     : completed 37 / 56 | pending 18 | failed 0
📼 Videos done      : 0 / 14
🧮 Current job index: 38 / 56
🎬 Current video    : PTZ / intermittentPan
🧪 Current pipeline : ASMAG_TR_CONTROLLER
🧩 Video progress   : 1 / 6 pipelines
🖼 Frame progress   : 1 / 100
📊 Job progress     : 1.00%

Progress bar job:
[░░░░░░░░░░░░░░░░░░░░] 1.00%

Progress bar overall:
[█████████████░░░░░░░] 66.07%

⚡ FPS current      : 4.19
⚡ FPS average      : 4.19
⏱ Avg latency      : 238.41 ms
⏱ P95 latency      : 238.41 ms
🧠 CPU process      : 57.17 %
💾 RAM process      : 762.80 MB
🔋 Energy/frame     : 6.7000
🔋 Sim energy/frame : 0.0000

⌛ Runtime job      : 00:00:00
⌛ Runtime session  : 00:12:09
🕒 ETA current job  : 00:00:23
🕒 ETA all remain   : 00:07:37

✅ Last completed   : PTZ/intermittentPan/P3_MOG2
➡️ Next pending     : PTZ/intermittentPan/ONLINE_CALIBRATED

😄 Fun status line  : Một pipeline xong là gần bài báo hơn một bước!
============================================================
============================================================
📡 [G2G3 LIVE STATUS]
🗂 Overall jobs     : completed 37 / 56 | pending 18 | failed 0
📼 Videos done      : 0 / 14
🧮 Current job index: 38 / 56
🎬 Current video    : PTZ / intermittentPan
🧪 Current pipeline : ASMAG_TR_CONTROLLER
🧩 Video progress   : 1 / 6 pipelines
🖼 Frame progress   : 25 / 100
📊 Job progress     : 25.00%

Progress bar job:
[█████░░░░░░░░░░░░░░░] 25.00%

Progress bar overall:
[█████████████░░░░░░░] 66.07%

⚡ FPS current      : 3.29
⚡ FPS average      : 3.36
⏱ Avg latency      : 301.98 ms
⏱ P95 latency      : 362.78 ms
🧠 CPU process      : 137.50 %
💾 RAM process      : 763.59 MB
🔋 Energy/frame     : 6.7000
🔋 Sim energy/frame : 0.0000

⌛ Runtime job      : 00:00:09
⌛ Runtime session  : 00:12:18
🕒 ETA current job  : 00:00:22
🕒 ETA all remain   : 00:07:37

✅ Last completed   : PTZ/intermittentPan/P3_MOG2
➡️ Next pending     : PTZ/intermittentPan/ONLINE_CALIBRATED

😄 Fun status line  : Đang tăng tốc, cố lên nào!
============================================================
============================================================
📡 [G2G3 LIVE STATUS]
🗂 Overall jobs     : completed 37 / 56 | pending 18 | failed 0
📼 Videos done      : 0 / 14
🧮 Current job index: 38 / 56
🎬 Current video    : PTZ / intermittentPan
🧪 Current pipeline : ASMAG_TR_CONTROLLER
🧩 Video progress   : 1 / 6 pipelines
🖼 Frame progress   : 50 / 100
📊 Job progress     : 50.00%

Progress bar job:
[██████████░░░░░░░░░░] 50.00%

Progress bar overall:
[█████████████░░░░░░░] 66.07%

⚡ FPS current      : 209.47
⚡ FPS average      : 35.53
⏱ Avg latency      : 248.15 ms
⏱ P95 latency      : 371.03 ms
🧠 CPU process      : 18.60 %
💾 RAM process      : 763.57 MB
🔋 Energy/frame     : 5.7000
🔋 Sim energy/frame : 0.0000

⌛ Runtime job      : 00:00:16
⌛ Runtime session  : 00:12:24
🕒 ETA current job  : 00:00:01
🕒 ETA all remain   : 00:07:37

✅ Last completed   : PTZ/intermittentPan/P3_MOG2
➡️ Next pending     : PTZ/intermittentPan/ONLINE_CALIBRATED

😄 Fun status line  : Sắp xong thêm một chặng nữa!
============================================================
============================================================
📡 [G2G3 LIVE STATUS]
🗂 Overall jobs     : completed 37 / 56 | pending 18 | failed 0
📼 Videos done      : 0 / 14
🧮 Current job index: 38 / 56
🎬 Current video    : PTZ / intermittentPan
🧪 Current pipeline : ASMAG_TR_CONTROLLER
🧩 Video progress   : 1 / 6 pipelines
🖼 Frame progress   : 75 / 100
📊 Job progress     : 75.00%

Progress bar job:
[███████████████░░░░░] 75.00%

Progress bar overall:
[█████████████░░░░░░░] 66.07%

⚡ FPS current      : 3.73
⚡ FPS average      : 31.89
⏱ Avg latency      : 255.99 ms
⏱ P95 latency      : 377.83 ms
🧠 CPU process      : 139.97 %
💾 RAM process      : 764.19 MB
🔋 Energy/frame     : 5.8333
🔋 Sim energy/frame : 0.0000

⌛ Runtime job      : 00:00:25
⌛ Runtime session  : 00:12:33
🕒 ETA current job  : 00:00:00
🕒 ETA all remain   : 00:07:37

✅ Last completed   : PTZ/intermittentPan/P3_MOG2
➡️ Next pending     : PTZ/intermittentPan/ONLINE_CALIBRATED

😄 Fun status line  : Đang tăng tốc, cố lên nào!
============================================================
============================================================
📡 [G2G3 LIVE STATUS]
🗂 Overall jobs     : completed 37 / 56 | pending 18 | failed 0
📼 Videos done      : 0 / 14
🧮 Current job index: 38 / 56
🎬 Current video    : PTZ / intermittentPan
🧪 Current pipeline : ASMAG_TR_CONTROLLER
🧩 Video progress   : 1 / 6 pipelines
🖼 Frame progress   : 100 / 100
📊 Job progress     : 100.00%

Progress bar job:
[████████████████████] 100.00%

Progress bar overall:
[█████████████░░░░░░░] 66.07%

⚡ FPS current      : 1.83
⚡ FPS average      : 24.52
⏱ Avg latency      : 302.88 ms
⏱ P95 latency      : 483.19 ms
🧠 CPU process      : 95.33 %
💾 RAM process      : 762.03 MB
🔋 Energy/frame     : 6.0500
🔋 Sim energy/frame : 0.0000

⌛ Runtime job      : 00:00:39
⌛ Runtime session  : 00:12:47
🕒 ETA current job  : 00:00:00
🕒 ETA all remain   : 00:07:37

✅ Last completed   : PTZ/intermittentPan/P3_MOG2
➡️ Next pending     : PTZ/intermittentPan/ONLINE_CALIBRATED

😄 Fun status line  : Thêm một ít nữa là chạm mốc mới!
============================================================
[JOB PROGRESS] completed=38 | pending=18 | running=0 | failed=0 | current_job=-
[JOB COMPLETED]
PTZ/intermittentPan/ASMAG_TR_CONTROLLER
frames_done=100
runtime_seconds=30.287677764892578
avg_fps=24.518528046826788
p95_latency_ms=483.1949353218078
activation=0.87
energy_per_frame=6.0500000000000025
simulated_runtime_energy_per_frame=6.9093448832174555
    EventF1=0.821 | FMeasure=0.499 | Activation=0.870 | ROI=1200-3500 | EvalFrames=100 | SkippedBeforeROI=1199
  - Running ONLINE_CALIBRATED ...
============================================================
🚀 [G2G3 SINGLE-JOB RUN STARTED]
🎯 Current mission : PTZ / intermittentPan / ONLINE_CALIBRATED
📦 Job type        : 1 video + 1 pipeline
📍 Output folder   : outputs\guarded_v2_residual_risk_subset_dryrun
🧠 Mode            : CPU Edge Simulation
============================================================
============================================================
📡 [G2G3 LIVE STATUS]
🗂 Overall jobs     : completed 38 / 56 | pending 17 | failed 0
📼 Videos done      : 0 / 14
🧮 Current job index: 39 / 56
🎬 Current video    : PTZ / intermittentPan
🧪 Current pipeline : ONLINE_CALIBRATED
🧩 Video progress   : 2 / 6 pipelines
🖼 Frame progress   : 1 / 100
📊 Job progress     : 1.00%

Progress bar job:
[░░░░░░░░░░░░░░░░░░░░] 1.00%

Progress bar overall:
[██████████████░░░░░░] 67.86%

⚡ FPS current      : 3.29
⚡ FPS average      : 3.29
⏱ Avg latency      : 304.25 ms
⏱ P95 latency      : 304.25 ms
🧠 CPU process      : 29.45 %
💾 RAM process      : 837.97 MB
🔋 Energy/frame     : 6.7000
🔋 Sim energy/frame : 0.0000

⌛ Runtime job      : 00:00:06
⌛ Runtime session  : 00:12:55
🕒 ETA current job  : 00:00:30
🕒 ETA all remain   : 00:07:16

✅ Last completed   : PTZ/intermittentPan/ASMAG_TR_CONTROLLER
➡️ Next pending     : PTZ/intermittentPan/ASMAG_TR_CONTROLLER_ONLINE_GUARDED

😄 Fun status line  : Sắp xong thêm một chặng nữa!
============================================================
============================================================
📡 [G2G3 LIVE STATUS]
🗂 Overall jobs     : completed 38 / 56 | pending 17 | failed 0
📼 Videos done      : 0 / 14
🧮 Current job index: 39 / 56
🎬 Current video    : PTZ / intermittentPan
🧪 Current pipeline : ONLINE_CALIBRATED
🧩 Video progress   : 2 / 6 pipelines
🖼 Frame progress   : 25 / 100
📊 Job progress     : 25.00%

Progress bar job:
[█████░░░░░░░░░░░░░░░] 25.00%

Progress bar overall:
[██████████████░░░░░░] 67.86%

⚡ FPS current      : 2.36
⚡ FPS average      : 4.05
⏱ Avg latency      : 358.54 ms
⏱ P95 latency      : 488.38 ms
🧠 CPU process      : 98.12 %
💾 RAM process      : 838.73 MB
🔋 Energy/frame     : 5.6000
🔋 Sim energy/frame : 0.0000

⌛ Runtime job      : 00:00:25
⌛ Runtime session  : 00:13:14
🕒 ETA current job  : 00:00:18
🕒 ETA all remain   : 00:07:16

✅ Last completed   : PTZ/intermittentPan/ASMAG_TR_CONTROLLER
➡️ Next pending     : PTZ/intermittentPan/ASMAG_TR_CONTROLLER_ONLINE_GUARDED

😄 Fun status line  : Pipeline đang làm việc rất chăm chỉ...
============================================================
============================================================
📡 [G2G3 LIVE STATUS]
🗂 Overall jobs     : completed 38 / 56 | pending 17 | failed 0
📼 Videos done      : 0 / 14
🧮 Current job index: 39 / 56
🎬 Current video    : PTZ / intermittentPan
🧪 Current pipeline : ONLINE_CALIBRATED
🧩 Video progress   : 2 / 6 pipelines
🖼 Frame progress   : 50 / 100
📊 Job progress     : 50.00%

Progress bar job:
[██████████░░░░░░░░░░] 50.00%

Progress bar overall:
[██████████████░░░░░░] 67.86%

⚡ FPS current      : 13.21
⚡ FPS average      : 4.93
⏱ Avg latency      : 347.65 ms
⏱ P95 latency      : 530.13 ms
🧠 CPU process      : 23.10 %
💾 RAM process      : 838.78 MB
🔋 Energy/frame     : 5.3060
🔋 Sim energy/frame : 0.0000

⌛ Runtime job      : 00:00:44
⌛ Runtime session  : 00:13:32
🕒 ETA current job  : 00:00:10
🕒 ETA all remain   : 00:07:16

✅ Last completed   : PTZ/intermittentPan/ASMAG_TR_CONTROLLER
➡️ Next pending     : PTZ/intermittentPan/ASMAG_TR_CONTROLLER_ONLINE_GUARDED

😄 Fun status line  : Edge profiling vẫn đang ổn định!
============================================================
============================================================
📡 [G2G3 LIVE STATUS]
🗂 Overall jobs     : completed 38 / 56 | pending 17 | failed 0
📼 Videos done      : 0 / 14
🧮 Current job index: 39 / 56
🎬 Current video    : PTZ / intermittentPan
🧪 Current pipeline : ONLINE_CALIBRATED
🧩 Video progress   : 2 / 6 pipelines
🖼 Frame progress   : 75 / 100
📊 Job progress     : 75.00%

Progress bar job:
[███████████████░░░░░] 75.00%

Progress bar overall:
[██████████████░░░░░░] 67.86%

⚡ FPS current      : 2.26
⚡ FPS average      : 4.28
⏱ Avg latency      : 387.67 ms
⏱ P95 latency      : 622.24 ms
🧠 CPU process      : 86.67 %
💾 RAM process      : 849.71 MB
🔋 Energy/frame     : 5.6547
🔋 Sim energy/frame : 0.0000

⌛ Runtime job      : 00:01:11
⌛ Runtime session  : 00:14:00
🕒 ETA current job  : 00:00:05
🕒 ETA all remain   : 00:07:16

✅ Last completed   : PTZ/intermittentPan/ASMAG_TR_CONTROLLER
➡️ Next pending     : PTZ/intermittentPan/ASMAG_TR_CONTROLLER_ONLINE_GUARDED

😄 Fun status line  : YOLO nghỉ ít thôi, còn nhiều video phía trước 😄
============================================================
============================================================
📡 [G2G3 LIVE STATUS]
🗂 Overall jobs     : completed 38 / 56 | pending 17 | failed 0
📼 Videos done      : 0 / 14
🧮 Current job index: 39 / 56
🎬 Current video    : PTZ / intermittentPan
🧪 Current pipeline : ONLINE_CALIBRATED
🧩 Video progress   : 2 / 6 pipelines
🖼 Frame progress   : 100 / 100
📊 Job progress     : 100.00%

Progress bar job:
[████████████████████] 100.00%

Progress bar overall:
[██████████████░░░░░░] 67.86%

⚡ FPS current      : 3.16
⚡ FPS average      : 3.82
⏱ Avg latency      : 397.78 ms
⏱ P95 latency      : 606.69 ms
🧠 CPU process      : 94.25 %
💾 RAM process      : 845.34 MB
🔋 Energy/frame     : 5.9160
🔋 Sim energy/frame : 0.0000

⌛ Runtime job      : 00:01:35
⌛ Runtime session  : 00:14:24
🕒 ETA current job  : 00:00:00
🕒 ETA all remain   : 00:07:16

✅ Last completed   : PTZ/intermittentPan/ASMAG_TR_CONTROLLER
➡️ Next pending     : PTZ/intermittentPan/ASMAG_TR_CONTROLLER_ONLINE_GUARDED

😄 Fun status line  : YOLO nghỉ ít thôi, còn nhiều video phía trước 😄
============================================================
[JOB PROGRESS] completed=39 | pending=17 | running=0 | failed=0 | current_job=-
[JOB COMPLETED]
PTZ/intermittentPan/ONLINE_CALIBRATED
frames_done=100
runtime_seconds=39.77828025817871
avg_fps=3.8159649106433657
p95_latency_ms=606.6930413246155
activation=0.83
energy_per_frame=5.916000000000001
simulated_runtime_energy_per_frame=6.434614722591416
    EventF1=0.847 | FMeasure=0.335 | Activation=0.830 | ROI=1200-3500 | EvalFrames=100 | SkippedBeforeROI=1199
  - Running ASMAG_TR_CONTROLLER_ONLINE_GUARDED ...
============================================================
🚀 [G2G3 SINGLE-JOB RUN STARTED]
🎯 Current mission : PTZ / intermittentPan / ASMAG_TR_CONTROLLER_ONLINE_GUARDED
📦 Job type        : 1 video + 1 pipeline
📍 Output folder   : outputs\guarded_v2_residual_risk_subset_dryrun
🧠 Mode            : CPU Edge Simulation
============================================================
============================================================
📡 [G2G3 LIVE STATUS]
🗂 Overall jobs     : completed 39 / 56 | pending 16 | failed 0
📼 Videos done      : 0 / 14
🧮 Current job index: 40 / 56
🎬 Current video    : PTZ / intermittentPan
🧪 Current pipeline : ASMAG_TR_CONTROLLER_ONLINE_GUARDED
🧩 Video progress   : 2 / 6 pipelines
🖼 Frame progress   : 1 / 100
📊 Job progress     : 1.00%

Progress bar job:
[░░░░░░░░░░░░░░░░░░░░] 1.00%

Progress bar overall:
[██████████████░░░░░░] 69.64%

⚡ FPS current      : 3.59
⚡ FPS average      : 3.59
⏱ Avg latency      : 278.77 ms
⏱ P95 latency      : 278.77 ms
🧠 CPU process      : 38.65 %
💾 RAM process      : 765.32 MB
🔋 Energy/frame     : 6.8000
🔋 Sim energy/frame : 0.0000

⌛ Runtime job      : 00:00:01
⌛ Runtime session  : 00:14:27
🕒 ETA current job  : 00:00:27
🕒 ETA all remain   : 00:06:58

✅ Last completed   : PTZ/intermittentPan/ONLINE_CALIBRATED
➡️ Next pending     : shadow/copyMachine/P3_MOG2

😄 Fun status line  : Bình tĩnh, video dài nhưng chúng ta bền bỉ!
============================================================
============================================================
📡 [G2G3 LIVE STATUS]
🗂 Overall jobs     : completed 39 / 56 | pending 16 | failed 0
📼 Videos done      : 0 / 14
🧮 Current job index: 40 / 56
🎬 Current video    : PTZ / intermittentPan
🧪 Current pipeline : ASMAG_TR_CONTROLLER_ONLINE_GUARDED
🧩 Video progress   : 2 / 6 pipelines
🖼 Frame progress   : 25 / 100
📊 Job progress     : 25.00%

Progress bar job:
[█████░░░░░░░░░░░░░░░] 25.00%

Progress bar overall:
[██████████████░░░░░░] 69.64%

⚡ FPS current      : 1.16
⚡ FPS average      : 13.93
⏱ Avg latency      : 227.62 ms
⏱ P95 latency      : 692.52 ms
🧠 CPU process      : 77.88 %
💾 RAM process      : 765.39 MB
🔋 Energy/frame     : 4.2080
🔋 Sim energy/frame : 0.0000

⌛ Runtime job      : 00:00:10
⌛ Runtime session  : 00:14:35
🕒 ETA current job  : 00:00:05
🕒 ETA all remain   : 00:06:58

✅ Last completed   : PTZ/intermittentPan/ONLINE_CALIBRATED
➡️ Next pending     : shadow/copyMachine/P3_MOG2

😄 Fun status line  : Progress đang đẹp lên từng frame!
============================================================
============================================================
📡 [G2G3 LIVE STATUS]
🗂 Overall jobs     : completed 39 / 56 | pending 16 | failed 0
📼 Videos done      : 0 / 14
🧮 Current job index: 40 / 56
🎬 Current video    : PTZ / intermittentPan
🧪 Current pipeline : ASMAG_TR_CONTROLLER_ONLINE_GUARDED
🧩 Video progress   : 2 / 6 pipelines
🖼 Frame progress   : 50 / 100
📊 Job progress     : 50.00%

Progress bar job:
[██████████░░░░░░░░░░] 50.00%

Progress bar overall:
[██████████████░░░░░░] 69.64%

⚡ FPS current      : 52.60
⚡ FPS average      : 24.19
⏱ Avg latency      : 140.02 ms
⏱ P95 latency      : 473.37 ms
🧠 CPU process      : 24.85 %
💾 RAM process      : 765.73 MB
🔋 Energy/frame     : 3.2120
🔋 Sim energy/frame : 0.0000

⌛ Runtime job      : 00:00:14
⌛ Runtime session  : 00:14:39
🕒 ETA current job  : 00:00:02
🕒 ETA all remain   : 00:06:58

✅ Last completed   : PTZ/intermittentPan/ONLINE_CALIBRATED
➡️ Next pending     : shadow/copyMachine/P3_MOG2

😄 Fun status line  : Progress đang đẹp lên từng frame!
============================================================
============================================================
📡 [G2G3 LIVE STATUS]
🗂 Overall jobs     : completed 39 / 56 | pending 16 | failed 0
📼 Videos done      : 0 / 14
🧮 Current job index: 40 / 56
🎬 Current video    : PTZ / intermittentPan
🧪 Current pipeline : ASMAG_TR_CONTROLLER_ONLINE_GUARDED
🧩 Video progress   : 2 / 6 pipelines
🖼 Frame progress   : 75 / 100
📊 Job progress     : 75.00%

Progress bar job:
[███████████████░░░░░] 75.00%

Progress bar overall:
[██████████████░░░░░░] 69.64%

⚡ FPS current      : 2.39
⚡ FPS average      : 18.38
⏱ Avg latency      : 197.45 ms
⏱ P95 latency      : 437.48 ms
🧠 CPU process      : 103.65 %
💾 RAM process      : 784.10 MB
🔋 Energy/frame     : 4.0600
🔋 Sim energy/frame : 0.0000

⌛ Runtime job      : 00:00:30
⌛ Runtime session  : 00:14:55
🕒 ETA current job  : 00:00:01
🕒 ETA all remain   : 00:06:58

✅ Last completed   : PTZ/intermittentPan/ONLINE_CALIBRATED
➡️ Next pending     : shadow/copyMachine/P3_MOG2

😄 Fun status line  : Pipeline đang làm việc rất chăm chỉ...
============================================================
============================================================
📡 [G2G3 LIVE STATUS]
🗂 Overall jobs     : completed 39 / 56 | pending 16 | failed 0
📼 Videos done      : 0 / 14
🧮 Current job index: 40 / 56
🎬 Current video    : PTZ / intermittentPan
🧪 Current pipeline : ASMAG_TR_CONTROLLER_ONLINE_GUARDED
🧩 Video progress   : 2 / 6 pipelines
🖼 Frame progress   : 100 / 100
📊 Job progress     : 100.00%

Progress bar job:
[████████████████████] 100.00%

Progress bar overall:
[██████████████░░░░░░] 69.64%

⚡ FPS current      : 11.38
⚡ FPS average      : 14.56
⏱ Avg latency      : 258.82 ms
⏱ P95 latency      : 663.68 ms
🧠 CPU process      : 54.95 %
💾 RAM process      : 778.03 MB
🔋 Energy/frame     : 4.6310
🔋 Sim energy/frame : 0.0000

⌛ Runtime job      : 00:00:51
⌛ Runtime session  : 00:15:16
🕒 ETA current job  : 00:00:00
🕒 ETA all remain   : 00:06:58

✅ Last completed   : PTZ/intermittentPan/ONLINE_CALIBRATED
➡️ Next pending     : shadow/copyMachine/P3_MOG2

😄 Fun status line  : Một pipeline xong là gần bài báo hơn một bước!
============================================================
[JOB PROGRESS] completed=40 | pending=16 | running=0 | failed=0 | current_job=-
[JOB COMPLETED]
PTZ/intermittentPan/ASMAG_TR_CONTROLLER_ONLINE_GUARDED
frames_done=100
runtime_seconds=25.882341861724854
avg_fps=14.56025573358743
p95_latency_ms=663.6787891387937
activation=0.57
energy_per_frame=4.631000000000001
simulated_runtime_energy_per_frame=4.821111955351331
    EventF1=0.789 | FMeasure=0.148 | Activation=0.570 | ROI=1200-3500 | EvalFrames=100 | SkippedBeforeROI=1199

[SEQ] shadow/copyMachine
  - Running P3_MOG2 ...
============================================================
🚀 [G2G3 SINGLE-JOB RUN STARTED]
🎯 Current mission : shadow / copyMachine / P3_MOG2
📦 Job type        : 1 video + 1 pipeline
📍 Output folder   : outputs\guarded_v2_residual_risk_subset_dryrun
🧠 Mode            : CPU Edge Simulation
============================================================
============================================================
📡 [G2G3 LIVE STATUS]
🗂 Overall jobs     : completed 40 / 56 | pending 15 | failed 0
📼 Videos done      : 0 / 14
🧮 Current job index: 41 / 56
🎬 Current video    : shadow / copyMachine
🧪 Current pipeline : P3_MOG2
🧩 Video progress   : 0 / 6 pipelines
🖼 Frame progress   : 1 / 100
📊 Job progress     : 1.00%

Progress bar job:
[░░░░░░░░░░░░░░░░░░░░] 1.00%

Progress bar overall:
[██████████████░░░░░░] 71.43%

⚡ FPS current      : 2.34
⚡ FPS average      : 2.34
⏱ Avg latency      : 426.76 ms
⏱ P95 latency      : 426.76 ms
🧠 CPU process      : 30.00 %
💾 RAM process      : 784.91 MB
🔋 Energy/frame     : 6.7000
🔋 Sim energy/frame : 0.0000

⌛ Runtime job      : 00:00:02
⌛ Runtime session  : 00:15:21
🕒 ETA current job  : 00:00:42
🕒 ETA all remain   : 00:06:34

✅ Last completed   : PTZ/intermittentPan/ASMAG_TR_CONTROLLER_ONLINE_GUARDED
➡️ Next pending     : shadow/copyMachine/ASMAG_TR_CONTROLLER

😄 Fun status line  : Giữ vững phong độ, dữ liệu đang chảy về!
============================================================
============================================================
📡 [G2G3 LIVE STATUS]
🗂 Overall jobs     : completed 40 / 56 | pending 15 | failed 0
📼 Videos done      : 0 / 14
🧮 Current job index: 41 / 56
🎬 Current video    : shadow / copyMachine
🧪 Current pipeline : P3_MOG2
🧩 Video progress   : 0 / 6 pipelines
🖼 Frame progress   : 25 / 100
📊 Job progress     : 25.00%

Progress bar job:
[█████░░░░░░░░░░░░░░░] 25.00%

Progress bar overall:
[██████████████░░░░░░] 71.43%

⚡ FPS current      : 55.07
⚡ FPS average      : 37.78
⏱ Avg latency      : 211.22 ms
⏱ P95 latency      : 545.86 ms
🧠 CPU process      : 13.15 %
💾 RAM process      : 788.41 MB
🔋 Energy/frame     : 3.5000
🔋 Sim energy/frame : 0.0000

⌛ Runtime job      : 00:00:13
⌛ Runtime session  : 00:15:32
🕒 ETA current job  : 00:00:01
🕒 ETA all remain   : 00:06:34

✅ Last completed   : PTZ/intermittentPan/ASMAG_TR_CONTROLLER_ONLINE_GUARDED
➡️ Next pending     : shadow/copyMachine/ASMAG_TR_CONTROLLER

😄 Fun status line  : Sắp xong thêm một chặng nữa!
============================================================
============================================================
📡 [G2G3 LIVE STATUS]
🗂 Overall jobs     : completed 40 / 56 | pending 15 | failed 0
📼 Videos done      : 0 / 14
🧮 Current job index: 41 / 56
🎬 Current video    : shadow / copyMachine
🧪 Current pipeline : P3_MOG2
🧩 Video progress   : 0 / 6 pipelines
🖼 Frame progress   : 50 / 100
📊 Job progress     : 50.00%

Progress bar job:
[██████████░░░░░░░░░░] 50.00%

Progress bar overall:
[██████████████░░░░░░] 71.43%

⚡ FPS current      : 84.51
⚡ FPS average      : 37.06
⏱ Avg latency      : 212.04 ms
⏱ P95 latency      : 530.36 ms
🧠 CPU process      : 12.55 %
💾 RAM process      : 788.50 MB
🔋 Energy/frame     : 3.8000
🔋 Sim energy/frame : 0.0000

⌛ Runtime job      : 00:00:26
⌛ Runtime session  : 00:15:44
🕒 ETA current job  : 00:00:01
🕒 ETA all remain   : 00:06:34

✅ Last completed   : PTZ/intermittentPan/ASMAG_TR_CONTROLLER_ONLINE_GUARDED
➡️ Next pending     : shadow/copyMachine/ASMAG_TR_CONTROLLER

😄 Fun status line  : Pipeline đang làm việc rất chăm chỉ...
============================================================
============================================================
📡 [G2G3 LIVE STATUS]
🗂 Overall jobs     : completed 40 / 56 | pending 15 | failed 0
📼 Videos done      : 0 / 14
🧮 Current job index: 41 / 56
🎬 Current video    : shadow / copyMachine
🧪 Current pipeline : P3_MOG2
🧩 Video progress   : 0 / 6 pipelines
🖼 Frame progress   : 75 / 100
📊 Job progress     : 75.00%

Progress bar job:
[███████████████░░░░░] 75.00%

Progress bar overall:
[██████████████░░░░░░] 71.43%

⚡ FPS current      : 2.22
⚡ FPS average      : 34.97
⏱ Avg latency      : 241.10 ms
⏱ P95 latency      : 625.43 ms
🧠 CPU process      : 119.97 %
💾 RAM process      : 788.52 MB
🔋 Energy/frame     : 4.0333
🔋 Sim energy/frame : 0.0000

⌛ Runtime job      : 00:00:40
⌛ Runtime session  : 00:15:59
🕒 ETA current job  : 00:00:00
🕒 ETA all remain   : 00:06:34

✅ Last completed   : PTZ/intermittentPan/ASMAG_TR_CONTROLLER_ONLINE_GUARDED
➡️ Next pending     : shadow/copyMachine/ASMAG_TR_CONTROLLER

😄 Fun status line  : Đang tăng tốc, cố lên nào!
============================================================
============================================================
📡 [G2G3 LIVE STATUS]
🗂 Overall jobs     : completed 40 / 56 | pending 15 | failed 0
📼 Videos done      : 0 / 14
🧮 Current job index: 41 / 56
🎬 Current video    : shadow / copyMachine
🧪 Current pipeline : P3_MOG2
🧩 Video progress   : 0 / 6 pipelines
🖼 Frame progress   : 100 / 100
📊 Job progress     : 100.00%

Progress bar job:
[████████████████████] 100.00%

Progress bar overall:
[██████████████░░░░░░] 71.43%

⚡ FPS current      : 1.99
⚡ FPS average      : 33.66
⏱ Avg latency      : 233.97 ms
⏱ P95 latency      : 598.25 ms
🧠 CPU process      : 78.78 %
💾 RAM process      : 788.52 MB
🔋 Energy/frame     : 4.0500
🔋 Sim energy/frame : 0.0000

⌛ Runtime job      : 00:00:52
⌛ Runtime session  : 00:16:11
🕒 ETA current job  : 00:00:00
🕒 ETA all remain   : 00:06:34

✅ Last completed   : PTZ/intermittentPan/ASMAG_TR_CONTROLLER_ONLINE_GUARDED
➡️ Next pending     : shadow/copyMachine/ASMAG_TR_CONTROLLER

😄 Fun status line  : Thêm một ít nữa là chạm mốc mới!
============================================================
[JOB PROGRESS] completed=41 | pending=15 | running=0 | failed=0 | current_job=-
[JOB COMPLETED]
shadow/copyMachine/P3_MOG2
frames_done=100
runtime_seconds=23.397358655929565
avg_fps=33.656180380539865
p95_latency_ms=598.2530236244198
activation=0.47
energy_per_frame=4.05
simulated_runtime_energy_per_frame=4.077320211622324
    EventF1=0.639 | FMeasure=0.607 | Activation=0.470 | ROI=500-3400 | EvalFrames=100 | SkippedBeforeROI=499
  - Running ASMAG_TR_CONTROLLER ...
============================================================
🚀 [G2G3 SINGLE-JOB RUN STARTED]
🎯 Current mission : shadow / copyMachine / ASMAG_TR_CONTROLLER
📦 Job type        : 1 video + 1 pipeline
📍 Output folder   : outputs\guarded_v2_residual_risk_subset_dryrun
🧠 Mode            : CPU Edge Simulation
============================================================
============================================================
📡 [G2G3 LIVE STATUS]
🗂 Overall jobs     : completed 41 / 56 | pending 14 | failed 0
📼 Videos done      : 0 / 14
🧮 Current job index: 42 / 56
🎬 Current video    : shadow / copyMachine
🧪 Current pipeline : ASMAG_TR_CONTROLLER
🧩 Video progress   : 1 / 6 pipelines
🖼 Frame progress   : 1 / 100
📊 Job progress     : 1.00%

Progress bar job:
[░░░░░░░░░░░░░░░░░░░░] 1.00%

Progress bar overall:
[███████████████░░░░░] 73.21%

⚡ FPS current      : 3.35
⚡ FPS average      : 3.35
⏱ Avg latency      : 298.37 ms
⏱ P95 latency      : 298.37 ms
🧠 CPU process      : 56.42 %
💾 RAM process      : 789.18 MB
🔋 Energy/frame     : 6.7000
🔋 Sim energy/frame : 0.0000

⌛ Runtime job      : 00:00:01
⌛ Runtime session  : 00:16:13
🕒 ETA current job  : 00:00:29
🕒 ETA all remain   : 00:06:09

✅ Last completed   : shadow/copyMachine/P3_MOG2
➡️ Next pending     : shadow/copyMachine/ONLINE_CALIBRATED

😄 Fun status line  : Bình tĩnh, video dài nhưng chúng ta bền bỉ!
============================================================
============================================================
📡 [G2G3 LIVE STATUS]
🗂 Overall jobs     : completed 41 / 56 | pending 14 | failed 0
📼 Videos done      : 0 / 14
🧮 Current job index: 42 / 56
🎬 Current video    : shadow / copyMachine
🧪 Current pipeline : ASMAG_TR_CONTROLLER
🧩 Video progress   : 1 / 6 pipelines
🖼 Frame progress   : 25 / 100
📊 Job progress     : 25.00%

Progress bar job:
[█████░░░░░░░░░░░░░░░] 25.00%

Progress bar overall:
[███████████████░░░░░] 73.21%

⚡ FPS current      : 39.72
⚡ FPS average      : 46.24
⏱ Avg latency      : 132.48 ms
⏱ P95 latency      : 387.27 ms
🧠 CPU process      : 25.02 %
💾 RAM process      : 789.18 MB
🔋 Energy/frame     : 3.5000
🔋 Sim energy/frame : 0.0000

⌛ Runtime job      : 00:00:07
⌛ Runtime session  : 00:16:19
🕒 ETA current job  : 00:00:01
🕒 ETA all remain   : 00:06:09

✅ Last completed   : shadow/copyMachine/P3_MOG2
➡️ Next pending     : shadow/copyMachine/ONLINE_CALIBRATED

😄 Fun status line  : Thêm một ít nữa là chạm mốc mới!
============================================================
============================================================
📡 [G2G3 LIVE STATUS]
🗂 Overall jobs     : completed 41 / 56 | pending 14 | failed 0
📼 Videos done      : 0 / 14
🧮 Current job index: 42 / 56
🎬 Current video    : shadow / copyMachine
🧪 Current pipeline : ASMAG_TR_CONTROLLER
🧩 Video progress   : 1 / 6 pipelines
🖼 Frame progress   : 50 / 100
📊 Job progress     : 50.00%

Progress bar job:
[██████████░░░░░░░░░░] 50.00%

Progress bar overall:
[███████████████░░░░░] 73.21%

⚡ FPS current      : 76.35
⚡ FPS average      : 40.91
⏱ Avg latency      : 166.38 ms
⏱ P95 latency      : 438.07 ms
🧠 CPU process      : 65.62 %
💾 RAM process      : 789.18 MB
🔋 Energy/frame     : 3.8000
🔋 Sim energy/frame : 0.0000

⌛ Runtime job      : 00:00:15
⌛ Runtime session  : 00:16:28
🕒 ETA current job  : 00:00:01
🕒 ETA all remain   : 00:06:09

✅ Last completed   : shadow/copyMachine/P3_MOG2
➡️ Next pending     : shadow/copyMachine/ONLINE_CALIBRATED

😄 Fun status line  : Thêm một ít nữa là chạm mốc mới!
============================================================
============================================================
📡 [G2G3 LIVE STATUS]
🗂 Overall jobs     : completed 41 / 56 | pending 14 | failed 0
📼 Videos done      : 0 / 14
🧮 Current job index: 42 / 56
🎬 Current video    : shadow / copyMachine
🧪 Current pipeline : ASMAG_TR_CONTROLLER
🧩 Video progress   : 1 / 6 pipelines
🖼 Frame progress   : 75 / 100
📊 Job progress     : 75.00%

Progress bar job:
[███████████████░░░░░] 75.00%

Progress bar overall:
[███████████████░░░░░] 73.21%

⚡ FPS current      : 2.31
⚡ FPS average      : 37.20
⏱ Avg latency      : 209.05 ms
⏱ P95 latency      : 465.69 ms
🧠 CPU process      : 134.25 %
💾 RAM process      : 789.18 MB
🔋 Energy/frame     : 4.0333
🔋 Sim energy/frame : 0.0000

⌛ Runtime job      : 00:00:26
⌛ Runtime session  : 00:16:39
🕒 ETA current job  : 00:00:00
🕒 ETA all remain   : 00:06:09

✅ Last completed   : shadow/copyMachine/P3_MOG2
➡️ Next pending     : shadow/copyMachine/ONLINE_CALIBRATED

😄 Fun status line  : YOLO nghỉ ít thôi, còn nhiều video phía trước 😄
============================================================
============================================================
📡 [G2G3 LIVE STATUS]
🗂 Overall jobs     : completed 41 / 56 | pending 14 | failed 0
📼 Videos done      : 0 / 14
🧮 Current job index: 42 / 56
🎬 Current video    : shadow / copyMachine
🧪 Current pipeline : ASMAG_TR_CONTROLLER
🧩 Video progress   : 1 / 6 pipelines
🖼 Frame progress   : 100 / 100
📊 Job progress     : 100.00%

Progress bar job:
[████████████████████] 100.00%

Progress bar overall:
[███████████████░░░░░] 73.21%

⚡ FPS current      : 2.36
⚡ FPS average      : 36.12
⏱ Avg latency      : 209.78 ms
⏱ P95 latency      : 513.23 ms
🧠 CPU process      : 121.42 %
💾 RAM process      : 789.18 MB
🔋 Energy/frame     : 4.0500
🔋 Sim energy/frame : 0.0000

⌛ Runtime job      : 00:00:35
⌛ Runtime session  : 00:16:48
🕒 ETA current job  : 00:00:00
🕒 ETA all remain   : 00:06:09

✅ Last completed   : shadow/copyMachine/P3_MOG2
➡️ Next pending     : shadow/copyMachine/ONLINE_CALIBRATED

😄 Fun status line  : Progress đang đẹp lên từng frame!
============================================================
[JOB PROGRESS] completed=42 | pending=14 | running=0 | failed=0 | current_job=-
[JOB COMPLETED]
shadow/copyMachine/ASMAG_TR_CONTROLLER
frames_done=100
runtime_seconds=20.977561473846436
avg_fps=36.1157263874634
p95_latency_ms=513.2329225540161
activation=0.47
energy_per_frame=4.05
simulated_runtime_energy_per_frame=4.254673874254317
    EventF1=0.639 | FMeasure=0.607 | Activation=0.470 | ROI=500-3400 | EvalFrames=100 | SkippedBeforeROI=499
  - Running ONLINE_CALIBRATED ...
============================================================
🚀 [G2G3 SINGLE-JOB RUN STARTED]
🎯 Current mission : shadow / copyMachine / ONLINE_CALIBRATED
📦 Job type        : 1 video + 1 pipeline
📍 Output folder   : outputs\guarded_v2_residual_risk_subset_dryrun
🧠 Mode            : CPU Edge Simulation
============================================================
============================================================
📡 [G2G3 LIVE STATUS]
🗂 Overall jobs     : completed 42 / 56 | pending 13 | failed 0
📼 Videos done      : 0 / 14
🧮 Current job index: 43 / 56
🎬 Current video    : shadow / copyMachine
🧪 Current pipeline : ONLINE_CALIBRATED
🧩 Video progress   : 2 / 6 pipelines
🖼 Frame progress   : 1 / 100
📊 Job progress     : 1.00%

Progress bar job:
[░░░░░░░░░░░░░░░░░░░░] 1.00%

Progress bar overall:
[███████████████░░░░░] 75.00%

⚡ FPS current      : 2.48
⚡ FPS average      : 2.48
⏱ Avg latency      : 404.01 ms
⏱ P95 latency      : 404.01 ms
🧠 CPU process      : 28.38 %
💾 RAM process      : 914.54 MB
🔋 Energy/frame     : 6.7000
🔋 Sim energy/frame : 0.0000

⌛ Runtime job      : 00:00:08
⌛ Runtime session  : 00:16:57
🕒 ETA current job  : 00:00:39
🕒 ETA all remain   : 00:05:43

✅ Last completed   : shadow/copyMachine/ASMAG_TR_CONTROLLER
➡️ Next pending     : shadow/copyMachine/ASMAG_TR_CONTROLLER_ONLINE_GUARDED

😄 Fun status line  : Thêm một ít nữa là chạm mốc mới!
============================================================
============================================================
📡 [G2G3 LIVE STATUS]
🗂 Overall jobs     : completed 42 / 56 | pending 13 | failed 0
📼 Videos done      : 0 / 14
🧮 Current job index: 43 / 56
🎬 Current video    : shadow / copyMachine
🧪 Current pipeline : ONLINE_CALIBRATED
🧩 Video progress   : 2 / 6 pipelines
🖼 Frame progress   : 25 / 100
📊 Job progress     : 25.00%

Progress bar job:
[█████░░░░░░░░░░░░░░░] 25.00%

Progress bar overall:
[███████████████░░░░░] 75.00%

⚡ FPS current      : 9.73
⚡ FPS average      : 7.43
⏱ Avg latency      : 194.62 ms
⏱ P95 latency      : 457.16 ms
🧠 CPU process      : 22.88 %
💾 RAM process      : 917.35 MB
🔋 Energy/frame     : 3.2240
🔋 Sim energy/frame : 0.0000

⌛ Runtime job      : 00:00:24
⌛ Runtime session  : 00:17:13
🕒 ETA current job  : 00:00:10
🕒 ETA all remain   : 00:05:43

✅ Last completed   : shadow/copyMachine/ASMAG_TR_CONTROLLER
➡️ Next pending     : shadow/copyMachine/ASMAG_TR_CONTROLLER_ONLINE_GUARDED

😄 Fun status line  : Bình tĩnh, video dài nhưng chúng ta bền bỉ!
============================================================
============================================================
📡 [G2G3 LIVE STATUS]
🗂 Overall jobs     : completed 42 / 56 | pending 13 | failed 0
📼 Videos done      : 0 / 14
🧮 Current job index: 43 / 56
🎬 Current video    : shadow / copyMachine
🧪 Current pipeline : ONLINE_CALIBRATED
🧩 Video progress   : 2 / 6 pipelines
🖼 Frame progress   : 50 / 100
📊 Job progress     : 50.00%

Progress bar job:
[██████████░░░░░░░░░░] 50.00%

Progress bar overall:
[███████████████░░░░░] 75.00%

⚡ FPS current      : 18.68
⚡ FPS average      : 8.16
⏱ Avg latency      : 190.28 ms
⏱ P95 latency      : 464.43 ms
🧠 CPU process      : 22.93 %
💾 RAM process      : 917.54 MB
🔋 Energy/frame     : 3.4260
🔋 Sim energy/frame : 0.0000

⌛ Runtime job      : 00:00:38
⌛ Runtime session  : 00:17:27
🕒 ETA current job  : 00:00:06
🕒 ETA all remain   : 00:05:43

✅ Last completed   : shadow/copyMachine/ASMAG_TR_CONTROLLER
➡️ Next pending     : shadow/copyMachine/ASMAG_TR_CONTROLLER_ONLINE_GUARDED

😄 Fun status line  : Thêm một ít nữa là chạm mốc mới!
============================================================
============================================================
📡 [G2G3 LIVE STATUS]
🗂 Overall jobs     : completed 42 / 56 | pending 13 | failed 0
📼 Videos done      : 0 / 14
🧮 Current job index: 43 / 56
🎬 Current video    : shadow / copyMachine
🧪 Current pipeline : ONLINE_CALIBRATED
🧩 Video progress   : 2 / 6 pipelines
🖼 Frame progress   : 75 / 100
📊 Job progress     : 75.00%

Progress bar job:
[███████████████░░░░░] 75.00%

Progress bar overall:
[███████████████░░░░░] 75.00%

⚡ FPS current      : 3.29
⚡ FPS average      : 8.29
⏱ Avg latency      : 191.79 ms
⏱ P95 latency      : 462.72 ms
🧠 CPU process      : 103.75 %
💾 RAM process      : 917.61 MB
🔋 Energy/frame     : 3.5587
🔋 Sim energy/frame : 0.0000

⌛ Runtime job      : 00:00:52
⌛ Runtime session  : 00:17:41
🕒 ETA current job  : 00:00:03
🕒 ETA all remain   : 00:05:43

✅ Last completed   : shadow/copyMachine/ASMAG_TR_CONTROLLER
➡️ Next pending     : shadow/copyMachine/ASMAG_TR_CONTROLLER_ONLINE_GUARDED

😄 Fun status line  : Giữ vững phong độ, dữ liệu đang chảy về!
============================================================
============================================================
📡 [G2G3 LIVE STATUS]
🗂 Overall jobs     : completed 42 / 56 | pending 13 | failed 0
📼 Videos done      : 0 / 14
🧮 Current job index: 43 / 56
🎬 Current video    : shadow / copyMachine
🧪 Current pipeline : ONLINE_CALIBRATED
🧩 Video progress   : 2 / 6 pipelines
🖼 Frame progress   : 100 / 100
📊 Job progress     : 100.00%

Progress bar job:
[████████████████████] 100.00%

Progress bar overall:
[███████████████░░░░░] 75.00%

⚡ FPS current      : 14.19
⚡ FPS average      : 9.11
⏱ Avg latency      : 174.13 ms
⏱ P95 latency      : 444.02 ms
🧠 CPU process      : 25.02 %
💾 RAM process      : 917.68 MB
🔋 Energy/frame     : 3.3790
🔋 Sim energy/frame : 0.0000

⌛ Runtime job      : 00:01:03
⌛ Runtime session  : 00:17:52
🕒 ETA current job  : 00:00:00
🕒 ETA all remain   : 00:05:43

✅ Last completed   : shadow/copyMachine/ASMAG_TR_CONTROLLER
➡️ Next pending     : shadow/copyMachine/ASMAG_TR_CONTROLLER_ONLINE_GUARDED

😄 Fun status line  : Một pipeline xong là gần bài báo hơn một bước!
============================================================
[JOB PROGRESS] completed=43 | pending=13 | running=0 | failed=0 | current_job=-
[JOB COMPLETED]
shadow/copyMachine/ONLINE_CALIBRATED
frames_done=100
runtime_seconds=17.41266131401062
avg_fps=9.11357406485607
p95_latency_ms=444.0181374549865
activation=0.31
energy_per_frame=3.378999999999999
simulated_runtime_energy_per_frame=3.4173533638228086
    EventF1=0.758 | FMeasure=0.721 | Activation=0.310 | ROI=500-3400 | EvalFrames=100 | SkippedBeforeROI=499
  - Running ASMAG_TR_CONTROLLER_ONLINE_GUARDED ...
============================================================
🚀 [G2G3 SINGLE-JOB RUN STARTED]
🎯 Current mission : shadow / copyMachine / ASMAG_TR_CONTROLLER_ONLINE_GUARDED
📦 Job type        : 1 video + 1 pipeline
📍 Output folder   : outputs\guarded_v2_residual_risk_subset_dryrun
🧠 Mode            : CPU Edge Simulation
============================================================
============================================================
📡 [G2G3 LIVE STATUS]
🗂 Overall jobs     : completed 43 / 56 | pending 12 | failed 0
📼 Videos done      : 0 / 14
🧮 Current job index: 44 / 56
🎬 Current video    : shadow / copyMachine
🧪 Current pipeline : ASMAG_TR_CONTROLLER_ONLINE_GUARDED
🧩 Video progress   : 2 / 6 pipelines
🖼 Frame progress   : 1 / 100
📊 Job progress     : 1.00%

Progress bar job:
[░░░░░░░░░░░░░░░░░░░░] 1.00%

Progress bar overall:
[███████████████░░░░░] 76.79%

⚡ FPS current      : 4.12
⚡ FPS average      : 4.12
⏱ Avg latency      : 242.95 ms
⏱ P95 latency      : 242.95 ms
🧠 CPU process      : 39.15 %
💾 RAM process      : 777.37 MB
🔋 Energy/frame     : 6.8000
🔋 Sim energy/frame : 0.0000

⌛ Runtime job      : 00:00:01
⌛ Runtime session  : 00:17:54
🕒 ETA current job  : 00:00:24
🕒 ETA all remain   : 00:05:17

✅ Last completed   : shadow/copyMachine/ONLINE_CALIBRATED
➡️ Next pending     : shadow/cubicle/P3_MOG2

😄 Fun status line  : Thêm một ít nữa là chạm mốc mới!
============================================================
============================================================
📡 [G2G3 LIVE STATUS]
🗂 Overall jobs     : completed 43 / 56 | pending 12 | failed 0
📼 Videos done      : 0 / 14
🧮 Current job index: 44 / 56
🎬 Current video    : shadow / copyMachine
🧪 Current pipeline : ASMAG_TR_CONTROLLER_ONLINE_GUARDED
🧩 Video progress   : 2 / 6 pipelines
🖼 Frame progress   : 25 / 100
📊 Job progress     : 25.00%

Progress bar job:
[█████░░░░░░░░░░░░░░░] 25.00%

Progress bar overall:
[███████████████░░░░░] 76.79%

⚡ FPS current      : 19.88
⚡ FPS average      : 30.83
⏱ Avg latency      : 79.49 ms
⏱ P95 latency      : 290.87 ms
🧠 CPU process      : 23.20 %
💾 RAM process      : 777.23 MB
🔋 Energy/frame     : 2.8160
🔋 Sim energy/frame : 0.0000

⌛ Runtime job      : 00:00:06
⌛ Runtime session  : 00:17:59
🕒 ETA current job  : 00:00:02
🕒 ETA all remain   : 00:05:17

✅ Last completed   : shadow/copyMachine/ONLINE_CALIBRATED
➡️ Next pending     : shadow/cubicle/P3_MOG2

😄 Fun status line  : Giữ vững phong độ, dữ liệu đang chảy về!
============================================================
============================================================
📡 [G2G3 LIVE STATUS]
🗂 Overall jobs     : completed 43 / 56 | pending 12 | failed 0
📼 Videos done      : 0 / 14
🧮 Current job index: 44 / 56
🎬 Current video    : shadow / copyMachine
🧪 Current pipeline : ASMAG_TR_CONTROLLER_ONLINE_GUARDED
🧩 Video progress   : 2 / 6 pipelines
🖼 Frame progress   : 50 / 100
📊 Job progress     : 50.00%

Progress bar job:
[██████████░░░░░░░░░░] 50.00%

Progress bar overall:
[███████████████░░░░░] 76.79%

⚡ FPS current      : 41.55
⚡ FPS average      : 30.32
⏱ Avg latency      : 82.37 ms
⏱ P95 latency      : 290.05 ms
🧠 CPU process      : 24.98 %
💾 RAM process      : 782.85 MB
🔋 Energy/frame     : 2.9240
🔋 Sim energy/frame : 0.0000

⌛ Runtime job      : 00:00:11
⌛ Runtime session  : 00:18:04
🕒 ETA current job  : 00:00:01
🕒 ETA all remain   : 00:05:17

✅ Last completed   : shadow/copyMachine/ONLINE_CALIBRATED
➡️ Next pending     : shadow/cubicle/P3_MOG2

😄 Fun status line  : Progress đang đẹp lên từng frame!
============================================================
============================================================
📡 [G2G3 LIVE STATUS]
🗂 Overall jobs     : completed 43 / 56 | pending 12 | failed 0
📼 Videos done      : 0 / 14
🧮 Current job index: 44 / 56
🎬 Current video    : shadow / copyMachine
🧪 Current pipeline : ASMAG_TR_CONTROLLER_ONLINE_GUARDED
🧩 Video progress   : 2 / 6 pipelines
🖼 Frame progress   : 75 / 100
📊 Job progress     : 75.00%

Progress bar job:
[███████████████░░░░░] 75.00%

Progress bar overall:
[███████████████░░░░░] 76.79%

⚡ FPS current      : 54.24
⚡ FPS average      : 29.97
⏱ Avg latency      : 86.88 ms
⏱ P95 latency      : 289.22 ms
🧠 CPU process      : 42.62 %
💾 RAM process      : 791.99 MB
🔋 Energy/frame     : 3.0267
🔋 Sim energy/frame : 0.0000

⌛ Runtime job      : 00:00:17
⌛ Runtime session  : 00:18:10
🕒 ETA current job  : 00:00:00
🕒 ETA all remain   : 00:05:17

✅ Last completed   : shadow/copyMachine/ONLINE_CALIBRATED
➡️ Next pending     : shadow/cubicle/P3_MOG2

😄 Fun status line  : Một pipeline xong là gần bài báo hơn một bước!
============================================================
============================================================
📡 [G2G3 LIVE STATUS]
🗂 Overall jobs     : completed 43 / 56 | pending 12 | failed 0
📼 Videos done      : 0 / 14
🧮 Current job index: 44 / 56
🎬 Current video    : shadow / copyMachine
🧪 Current pipeline : ASMAG_TR_CONTROLLER_ONLINE_GUARDED
🧩 Video progress   : 2 / 6 pipelines
🖼 Frame progress   : 100 / 100
📊 Job progress     : 100.00%

Progress bar job:
[████████████████████] 100.00%

Progress bar overall:
[███████████████░░░░░] 76.79%

⚡ FPS current      : 41.17
⚡ FPS average      : 29.56
⏱ Avg latency      : 90.33 ms
⏱ P95 latency      : 292.06 ms
🧠 CPU process      : 97.65 %
💾 RAM process      : 801.85 MB
🔋 Energy/frame     : 3.1260
🔋 Sim energy/frame : 0.0000

⌛ Runtime job      : 00:00:22
⌛ Runtime session  : 00:18:15
🕒 ETA current job  : 00:00:00
🕒 ETA all remain   : 00:05:17

✅ Last completed   : shadow/copyMachine/ONLINE_CALIBRATED
➡️ Next pending     : shadow/cubicle/P3_MOG2

😄 Fun status line  : Đang tăng tốc, cố lên nào!
============================================================
[JOB PROGRESS] completed=44 | pending=12 | running=0 | failed=0 | current_job=-
[JOB COMPLETED]
shadow/copyMachine/ASMAG_TR_CONTROLLER_ONLINE_GUARDED
frames_done=100
runtime_seconds=9.033374547958374
avg_fps=29.55997689065497
p95_latency_ms=292.0574069023132
activation=0.26
energy_per_frame=3.1260000000000003
simulated_runtime_energy_per_frame=3.3640131593791147
    EventF1=0.701 | FMeasure=0.658 | Activation=0.260 | ROI=500-3400 | EvalFrames=100 | SkippedBeforeROI=499

[SEQ] shadow/cubicle
  - Running P3_MOG2 ...
============================================================
🚀 [G2G3 SINGLE-JOB RUN STARTED]
🎯 Current mission : shadow / cubicle / P3_MOG2
📦 Job type        : 1 video + 1 pipeline
📍 Output folder   : outputs\guarded_v2_residual_risk_subset_dryrun
🧠 Mode            : CPU Edge Simulation
============================================================
============================================================
📡 [G2G3 LIVE STATUS]
🗂 Overall jobs     : completed 44 / 56 | pending 11 | failed 0
📼 Videos done      : 0 / 14
🧮 Current job index: 45 / 56
🎬 Current video    : shadow / cubicle
🧪 Current pipeline : P3_MOG2
🧩 Video progress   : 0 / 6 pipelines
🖼 Frame progress   : 1 / 100
📊 Job progress     : 1.00%

Progress bar job:
[░░░░░░░░░░░░░░░░░░░░] 1.00%

Progress bar overall:
[████████████████░░░░] 78.57%

⚡ FPS current      : 178.89
⚡ FPS average      : 178.89
⏱ Avg latency      : 5.59 ms
⏱ P95 latency      : 5.59 ms
🧠 CPU process      : 9.38 %
💾 RAM process      : 757.61 MB
🔋 Energy/frame     : 1.7000
🔋 Sim energy/frame : 0.0000

⌛ Runtime job      : 00:00:00
⌛ Runtime session  : 00:18:17
🕒 ETA current job  : 00:00:00
🕒 ETA all remain   : 00:04:48

✅ Last completed   : shadow/copyMachine/ASMAG_TR_CONTROLLER_ONLINE_GUARDED
➡️ Next pending     : shadow/cubicle/ASMAG_TR_CONTROLLER

😄 Fun status line  : Edge profiling vẫn đang ổn định!
============================================================
============================================================
📡 [G2G3 LIVE STATUS]
🗂 Overall jobs     : completed 44 / 56 | pending 11 | failed 0
📼 Videos done      : 0 / 14
🧮 Current job index: 45 / 56
🎬 Current video    : shadow / cubicle
🧪 Current pipeline : P3_MOG2
🧩 Video progress   : 0 / 6 pipelines
🖼 Frame progress   : 25 / 100
📊 Job progress     : 25.00%

Progress bar job:
[█████░░░░░░░░░░░░░░░] 25.00%

Progress bar overall:
[████████████████░░░░] 78.57%

⚡ FPS current      : 4.95
⚡ FPS average      : 113.59
⏱ Avg latency      : 165.69 ms
⏱ P95 latency      : 260.35 ms
🧠 CPU process      : 126.40 %
💾 RAM process      : 758.73 MB
🔋 Energy/frame     : 5.3000
🔋 Sim energy/frame : 0.0000

⌛ Runtime job      : 00:00:07
⌛ Runtime session  : 00:18:24
🕒 ETA current job  : 00:00:00
🕒 ETA all remain   : 00:04:48

✅ Last completed   : shadow/copyMachine/ASMAG_TR_CONTROLLER_ONLINE_GUARDED
➡️ Next pending     : shadow/cubicle/ASMAG_TR_CONTROLLER

😄 Fun status line  : Sắp xong thêm một chặng nữa!
============================================================
============================================================
📡 [G2G3 LIVE STATUS]
🗂 Overall jobs     : completed 44 / 56 | pending 11 | failed 0
📼 Videos done      : 0 / 14
🧮 Current job index: 45 / 56
🎬 Current video    : shadow / cubicle
🧪 Current pipeline : P3_MOG2
🧩 Video progress   : 0 / 6 pipelines
🖼 Frame progress   : 50 / 100
📊 Job progress     : 50.00%

Progress bar job:
[██████████░░░░░░░░░░] 50.00%

Progress bar overall:
[████████████████░░░░] 78.57%

⚡ FPS current      : 475.81
⚡ FPS average      : 122.54
⏱ Avg latency      : 155.38 ms
⏱ P95 latency      : 288.98 ms
🧠 CPU process      : 2.50 %
💾 RAM process      : 758.41 MB
🔋 Energy/frame     : 5.0000
🔋 Sim energy/frame : 0.0000

⌛ Runtime job      : 00:00:15
⌛ Runtime session  : 00:18:31
🕒 ETA current job  : 00:00:00
🕒 ETA all remain   : 00:04:48

✅ Last completed   : shadow/copyMachine/ASMAG_TR_CONTROLLER_ONLINE_GUARDED
➡️ Next pending     : shadow/cubicle/ASMAG_TR_CONTROLLER

😄 Fun status line  : Một pipeline xong là gần bài báo hơn một bước!
============================================================
============================================================
📡 [G2G3 LIVE STATUS]
🗂 Overall jobs     : completed 44 / 56 | pending 11 | failed 0
📼 Videos done      : 0 / 14
🧮 Current job index: 45 / 56
🎬 Current video    : shadow / cubicle
🧪 Current pipeline : P3_MOG2
🧩 Video progress   : 0 / 6 pipelines
🖼 Frame progress   : 75 / 100
📊 Job progress     : 75.00%

Progress bar job:
[███████████████░░░░░] 75.00%

Progress bar overall:
[████████████████░░░░] 78.57%

⚡ FPS current      : 460.51
⚡ FPS average      : 186.86
⏱ Avg latency      : 111.15 ms
⏱ P95 latency      : 277.34 ms
🧠 CPU process      : 4.15 %
💾 RAM process      : 758.41 MB
🔋 Energy/frame     : 4.0333
🔋 Sim energy/frame : 0.0000

⌛ Runtime job      : 00:00:18
⌛ Runtime session  : 00:18:35
🕒 ETA current job  : 00:00:00
🕒 ETA all remain   : 00:04:48

✅ Last completed   : shadow/copyMachine/ASMAG_TR_CONTROLLER_ONLINE_GUARDED
➡️ Next pending     : shadow/cubicle/ASMAG_TR_CONTROLLER

😄 Fun status line  : Thêm một ít nữa là chạm mốc mới!
============================================================
============================================================
📡 [G2G3 LIVE STATUS]
🗂 Overall jobs     : completed 44 / 56 | pending 11 | failed 0
📼 Videos done      : 0 / 14
🧮 Current job index: 45 / 56
🎬 Current video    : shadow / cubicle
🧪 Current pipeline : P3_MOG2
🧩 Video progress   : 0 / 6 pipelines
🖼 Frame progress   : 100 / 100
📊 Job progress     : 100.00%

Progress bar job:
[████████████████████] 100.00%

Progress bar overall:
[████████████████░░░░] 78.57%

⚡ FPS current      : 3.46
⚡ FPS average      : 196.70
⏱ Avg latency      : 103.88 ms
⏱ P95 latency      : 284.49 ms
🧠 CPU process      : 106.33 %
💾 RAM process      : 758.46 MB
🔋 Energy/frame     : 3.8500
🔋 Sim energy/frame : 0.0000

⌛ Runtime job      : 00:00:23
⌛ Runtime session  : 00:18:40
🕒 ETA current job  : 00:00:00
🕒 ETA all remain   : 00:04:48

✅ Last completed   : shadow/copyMachine/ASMAG_TR_CONTROLLER_ONLINE_GUARDED
➡️ Next pending     : shadow/cubicle/ASMAG_TR_CONTROLLER

😄 Fun status line  : Đang tăng tốc, cố lên nào!
============================================================
[JOB PROGRESS] completed=45 | pending=11 | running=0 | failed=0 | current_job=-
[JOB COMPLETED]
shadow/cubicle/P3_MOG2
frames_done=100
runtime_seconds=10.38752007484436
avg_fps=196.6956866634574
p95_latency_ms=284.4899892807007
activation=0.43
energy_per_frame=3.850000000000001
simulated_runtime_energy_per_frame=4.126269521479057
    EventF1=0.819 | FMeasure=0.282 | Activation=0.430 | ROI=1100-7400 | EvalFrames=100 | SkippedBeforeROI=1099
  - Running ASMAG_TR_CONTROLLER ...
============================================================
🚀 [G2G3 SINGLE-JOB RUN STARTED]
🎯 Current mission : shadow / cubicle / ASMAG_TR_CONTROLLER
📦 Job type        : 1 video + 1 pipeline
📍 Output folder   : outputs\guarded_v2_residual_risk_subset_dryrun
🧠 Mode            : CPU Edge Simulation
============================================================
============================================================
📡 [G2G3 LIVE STATUS]
🗂 Overall jobs     : completed 45 / 56 | pending 10 | failed 0
📼 Videos done      : 0 / 14
🧮 Current job index: 46 / 56
🎬 Current video    : shadow / cubicle
🧪 Current pipeline : ASMAG_TR_CONTROLLER
🧩 Video progress   : 1 / 6 pipelines
🖼 Frame progress   : 1 / 100
📊 Job progress     : 1.00%

Progress bar job:
[░░░░░░░░░░░░░░░░░░░░] 1.00%

Progress bar overall:
[████████████████░░░░] 80.36%

⚡ FPS current      : 88.36
⚡ FPS average      : 88.36
⏱ Avg latency      : 11.32 ms
⏱ P95 latency      : 11.32 ms
🧠 CPU process      : 25.05 %
💾 RAM process      : 760.45 MB
🔋 Energy/frame     : 1.7000
🔋 Sim energy/frame : 0.0000

⌛ Runtime job      : 00:00:00
⌛ Runtime session  : 00:18:41
🕒 ETA current job  : 00:00:01
🕒 ETA all remain   : 00:04:21

✅ Last completed   : shadow/cubicle/P3_MOG2
➡️ Next pending     : shadow/cubicle/ONLINE_CALIBRATED

😄 Fun status line  : YOLO nghỉ ít thôi, còn nhiều video phía trước 😄
============================================================
============================================================
📡 [G2G3 LIVE STATUS]
🗂 Overall jobs     : completed 45 / 56 | pending 10 | failed 0
📼 Videos done      : 0 / 14
🧮 Current job index: 46 / 56
🎬 Current video    : shadow / cubicle
🧪 Current pipeline : ASMAG_TR_CONTROLLER
🧩 Video progress   : 1 / 6 pipelines
🖼 Frame progress   : 25 / 100
📊 Job progress     : 25.00%

Progress bar job:
[█████░░░░░░░░░░░░░░░] 25.00%

Progress bar overall:
[████████████████░░░░] 80.36%

⚡ FPS current      : 3.91
⚡ FPS average      : 105.62
⏱ Avg latency      : 164.28 ms
⏱ P95 latency      : 261.96 ms
🧠 CPU process      : 144.57 %
💾 RAM process      : 760.45 MB
🔋 Energy/frame     : 5.3000
🔋 Sim energy/frame : 0.0000

⌛ Runtime job      : 00:00:05
⌛ Runtime session  : 00:18:46
🕒 ETA current job  : 00:00:00
🕒 ETA all remain   : 00:04:21

✅ Last completed   : shadow/cubicle/P3_MOG2
➡️ Next pending     : shadow/cubicle/ONLINE_CALIBRATED

😄 Fun status line  : Progress đang đẹp lên từng frame!
============================================================
============================================================
📡 [G2G3 LIVE STATUS]
🗂 Overall jobs     : completed 45 / 56 | pending 10 | failed 0
📼 Videos done      : 0 / 14
🧮 Current job index: 46 / 56
🎬 Current video    : shadow / cubicle
🧪 Current pipeline : ASMAG_TR_CONTROLLER
🧩 Video progress   : 1 / 6 pipelines
🖼 Frame progress   : 50 / 100
📊 Job progress     : 50.00%

Progress bar job:
[██████████░░░░░░░░░░] 50.00%

Progress bar overall:
[████████████████░░░░] 80.36%

⚡ FPS current      : 0.00
⚡ FPS average      : 113.07
⏱ Avg latency      : 154.46 ms
⏱ P95 latency      : 272.65 ms
🧠 CPU process      : 25.20 %
💾 RAM process      : 760.45 MB
🔋 Energy/frame     : 5.0000
🔋 Sim energy/frame : 0.0000

⌛ Runtime job      : 00:00:09
⌛ Runtime session  : 00:18:50
🕒 ETA current job  : 00:00:00
🕒 ETA all remain   : 00:04:21

✅ Last completed   : shadow/cubicle/P3_MOG2
➡️ Next pending     : shadow/cubicle/ONLINE_CALIBRATED

😄 Fun status line  : Giữ vững phong độ, dữ liệu đang chảy về!
============================================================
============================================================
📡 [G2G3 LIVE STATUS]
🗂 Overall jobs     : completed 45 / 56 | pending 10 | failed 0
📼 Videos done      : 0 / 14
🧮 Current job index: 46 / 56
🎬 Current video    : shadow / cubicle
🧪 Current pipeline : ASMAG_TR_CONTROLLER
🧩 Video progress   : 1 / 6 pipelines
🖼 Frame progress   : 75 / 100
📊 Job progress     : 75.00%

Progress bar job:
[███████████████░░░░░] 75.00%

Progress bar overall:
[████████████████░░░░] 80.36%

⚡ FPS current      : 976.56
⚡ FPS average      : 220.15
⏱ Avg latency      : 110.65 ms
⏱ P95 latency      : 271.59 ms
🧠 CPU process      : 12.60 %
💾 RAM process      : 760.45 MB
🔋 Energy/frame     : 4.0333
🔋 Sim energy/frame : 0.0000

⌛ Runtime job      : 00:00:10
⌛ Runtime session  : 00:18:51
🕒 ETA current job  : 00:00:00
🕒 ETA all remain   : 00:04:21

✅ Last completed   : shadow/cubicle/P3_MOG2
➡️ Next pending     : shadow/cubicle/ONLINE_CALIBRATED

😄 Fun status line  : Thêm một ít nữa là chạm mốc mới!
============================================================
============================================================
📡 [G2G3 LIVE STATUS]
🗂 Overall jobs     : completed 45 / 56 | pending 10 | failed 0
📼 Videos done      : 0 / 14
🧮 Current job index: 46 / 56
🎬 Current video    : shadow / cubicle
🧪 Current pipeline : ASMAG_TR_CONTROLLER
🧩 Video progress   : 1 / 6 pipelines
🖼 Frame progress   : 100 / 100
📊 Job progress     : 100.00%

Progress bar job:
[████████████████████] 100.00%

Progress bar overall:
[████████████████░░░░] 80.36%

⚡ FPS current      : 4.48
⚡ FPS average      : 200.67
⏱ Avg latency      : 101.90 ms
⏱ P95 latency      : 270.52 ms
🧠 CPU process      : 153.12 %
💾 RAM process      : 760.43 MB
🔋 Energy/frame     : 3.8500
🔋 Sim energy/frame : 0.0000

⌛ Runtime job      : 00:00:13
⌛ Runtime session  : 00:18:54
🕒 ETA current job  : 00:00:00
🕒 ETA all remain   : 00:04:21

✅ Last completed   : shadow/cubicle/P3_MOG2
➡️ Next pending     : shadow/cubicle/ONLINE_CALIBRATED

😄 Fun status line  : Sắp xong thêm một chặng nữa!
============================================================
[JOB PROGRESS] completed=46 | pending=10 | running=0 | failed=0 | current_job=-
[JOB COMPLETED]
shadow/cubicle/ASMAG_TR_CONTROLLER
frames_done=100
runtime_seconds=10.19035816192627
avg_fps=200.6749378015259
p95_latency_ms=270.5227851867676
activation=0.43
energy_per_frame=3.850000000000001
simulated_runtime_energy_per_frame=4.469850961501234
    EventF1=0.819 | FMeasure=0.282 | Activation=0.430 | ROI=1100-7400 | EvalFrames=100 | SkippedBeforeROI=1099
  - Running ONLINE_CALIBRATED ...
============================================================
🚀 [G2G3 SINGLE-JOB RUN STARTED]
🎯 Current mission : shadow / cubicle / ONLINE_CALIBRATED
📦 Job type        : 1 video + 1 pipeline
📍 Output folder   : outputs\guarded_v2_residual_risk_subset_dryrun
🧠 Mode            : CPU Edge Simulation
============================================================
============================================================
📡 [G2G3 LIVE STATUS]
🗂 Overall jobs     : completed 46 / 56 | pending 9 | failed 0
📼 Videos done      : 0 / 14
🧮 Current job index: 47 / 56
🎬 Current video    : shadow / cubicle
🧪 Current pipeline : ONLINE_CALIBRATED
🧩 Video progress   : 2 / 6 pipelines
🖼 Frame progress   : 1 / 100
📊 Job progress     : 1.00%

Progress bar job:
[░░░░░░░░░░░░░░░░░░░░] 1.00%

Progress bar overall:
[████████████████░░░░] 82.14%

⚡ FPS current      : 73.55
⚡ FPS average      : 73.55
⏱ Avg latency      : 13.60 ms
⏱ P95 latency      : 13.60 ms
🧠 CPU process      : 25.00 %
💾 RAM process      : 796.69 MB
🔋 Energy/frame     : 1.7000
🔋 Sim energy/frame : 0.0000

⌛ Runtime job      : 00:00:01
⌛ Runtime session  : 00:18:56
🕒 ETA current job  : 00:00:01
🕒 ETA all remain   : 00:03:54

✅ Last completed   : shadow/cubicle/ASMAG_TR_CONTROLLER
➡️ Next pending     : shadow/cubicle/ASMAG_TR_CONTROLLER_ONLINE_GUARDED

😄 Fun status line  : Bình tĩnh, video dài nhưng chúng ta bền bỉ!
============================================================
============================================================
📡 [G2G3 LIVE STATUS]
🗂 Overall jobs     : completed 46 / 56 | pending 9 | failed 0
📼 Videos done      : 0 / 14
🧮 Current job index: 47 / 56
🎬 Current video    : shadow / cubicle
🧪 Current pipeline : ONLINE_CALIBRATED
🧩 Video progress   : 2 / 6 pipelines
🖼 Frame progress   : 25 / 100
📊 Job progress     : 25.00%

Progress bar job:
[█████░░░░░░░░░░░░░░░] 25.00%

Progress bar overall:
[████████████████░░░░] 82.14%

⚡ FPS current      : 4.52
⚡ FPS average      : 15.83
⏱ Avg latency      : 198.12 ms
⏱ P95 latency      : 309.86 ms
🧠 CPU process      : 166.72 %
💾 RAM process      : 797.42 MB
🔋 Energy/frame     : 5.3360
🔋 Sim energy/frame : 0.0000

⌛ Runtime job      : 00:00:08
⌛ Runtime session  : 00:19:03
🕒 ETA current job  : 00:00:04
🕒 ETA all remain   : 00:03:54

✅ Last completed   : shadow/cubicle/ASMAG_TR_CONTROLLER
➡️ Next pending     : shadow/cubicle/ASMAG_TR_CONTROLLER_ONLINE_GUARDED

😄 Fun status line  : Giữ vững phong độ, dữ liệu đang chảy về!
============================================================
============================================================
📡 [G2G3 LIVE STATUS]
🗂 Overall jobs     : completed 46 / 56 | pending 9 | failed 0
📼 Videos done      : 0 / 14
🧮 Current job index: 47 / 56
🎬 Current video    : shadow / cubicle
🧪 Current pipeline : ONLINE_CALIBRATED
🧩 Video progress   : 2 / 6 pipelines
🖼 Frame progress   : 50 / 100
📊 Job progress     : 50.00%

Progress bar job:
[██████████░░░░░░░░░░] 50.00%

Progress bar overall:
[████████████████░░░░] 82.14%

⚡ FPS current      : 45.88
⚡ FPS average      : 17.07
⏱ Avg latency      : 193.68 ms
⏱ P95 latency      : 334.36 ms
🧠 CPU process      : 21.50 %
💾 RAM process      : 797.43 MB
🔋 Energy/frame     : 5.1340
🔋 Sim energy/frame : 0.0000

⌛ Runtime job      : 00:00:15
⌛ Runtime session  : 00:19:11
🕒 ETA current job  : 00:00:02
🕒 ETA all remain   : 00:03:54

✅ Last completed   : shadow/cubicle/ASMAG_TR_CONTROLLER
➡️ Next pending     : shadow/cubicle/ASMAG_TR_CONTROLLER_ONLINE_GUARDED

😄 Fun status line  : Giữ vững phong độ, dữ liệu đang chảy về!
============================================================
============================================================
📡 [G2G3 LIVE STATUS]
🗂 Overall jobs     : completed 46 / 56 | pending 9 | failed 0
📼 Videos done      : 0 / 14
🧮 Current job index: 47 / 56
🎬 Current video    : shadow / cubicle
🧪 Current pipeline : ONLINE_CALIBRATED
🧩 Video progress   : 2 / 6 pipelines
🖼 Frame progress   : 75 / 100
📊 Job progress     : 75.00%

Progress bar job:
[███████████████░░░░░] 75.00%

Progress bar overall:
[████████████████░░░░] 82.14%

⚡ FPS current      : 54.91
⚡ FPS average      : 25.10
⏱ Avg latency      : 151.97 ms
⏱ P95 latency      : 317.25 ms
🧠 CPU process      : 24.73 %
💾 RAM process      : 797.43 MB
🔋 Energy/frame     : 4.3627
🔋 Sim energy/frame : 0.0000

⌛ Runtime job      : 00:00:19
⌛ Runtime session  : 00:19:14
🕒 ETA current job  : 00:00:00
🕒 ETA all remain   : 00:03:54

✅ Last completed   : shadow/cubicle/ASMAG_TR_CONTROLLER
➡️ Next pending     : shadow/cubicle/ASMAG_TR_CONTROLLER_ONLINE_GUARDED

😄 Fun status line  : Pipeline đang làm việc rất chăm chỉ...
============================================================
============================================================
📡 [G2G3 LIVE STATUS]
🗂 Overall jobs     : completed 46 / 56 | pending 9 | failed 0
📼 Videos done      : 0 / 14
🧮 Current job index: 47 / 56
🎬 Current video    : shadow / cubicle
🧪 Current pipeline : ONLINE_CALIBRATED
🧩 Video progress   : 2 / 6 pipelines
🖼 Frame progress   : 100 / 100
📊 Job progress     : 100.00%

Progress bar job:
[████████████████████] 100.00%

Progress bar overall:
[████████████████░░░░] 82.14%

⚡ FPS current      : 2.71
⚡ FPS average      : 28.07
⏱ Avg latency      : 143.88 ms
⏱ P95 latency      : 314.32 ms
🧠 CPU process      : 110.58 %
💾 RAM process      : 797.43 MB
🔋 Energy/frame     : 4.2230
🔋 Sim energy/frame : 0.0000

⌛ Runtime job      : 00:00:25
⌛ Runtime session  : 00:19:20
🕒 ETA current job  : 00:00:00
🕒 ETA all remain   : 00:03:54

✅ Last completed   : shadow/cubicle/ASMAG_TR_CONTROLLER
➡️ Next pending     : shadow/cubicle/ASMAG_TR_CONTROLLER_ONLINE_GUARDED

😄 Fun status line  : Progress đang đẹp lên từng frame!
============================================================
[JOB PROGRESS] completed=47 | pending=9 | running=0 | failed=0 | current_job=-
[JOB COMPLETED]
shadow/cubicle/ONLINE_CALIBRATED
frames_done=100
runtime_seconds=14.388244867324829
avg_fps=28.068573613088088
p95_latency_ms=314.3169283866882
activation=0.49
energy_per_frame=4.222999999999999
simulated_runtime_energy_per_frame=4.798483177299986
    EventF1=0.770 | FMeasure=0.224 | Activation=0.490 | ROI=1100-7400 | EvalFrames=100 | SkippedBeforeROI=1099
  - Running ASMAG_TR_CONTROLLER_ONLINE_GUARDED ...
============================================================
🚀 [G2G3 SINGLE-JOB RUN STARTED]
🎯 Current mission : shadow / cubicle / ASMAG_TR_CONTROLLER_ONLINE_GUARDED
📦 Job type        : 1 video + 1 pipeline
📍 Output folder   : outputs\guarded_v2_residual_risk_subset_dryrun
🧠 Mode            : CPU Edge Simulation
============================================================
============================================================
📡 [G2G3 LIVE STATUS]
🗂 Overall jobs     : completed 47 / 56 | pending 8 | failed 0
📼 Videos done      : 0 / 14
🧮 Current job index: 48 / 56
🎬 Current video    : shadow / cubicle
🧪 Current pipeline : ASMAG_TR_CONTROLLER_ONLINE_GUARDED
🧩 Video progress   : 2 / 6 pipelines
🖼 Frame progress   : 1 / 100
📊 Job progress     : 1.00%

Progress bar job:
[░░░░░░░░░░░░░░░░░░░░] 1.00%

Progress bar overall:
[█████████████████░░░] 83.93%

⚡ FPS current      : 4.53
⚡ FPS average      : 4.53
⏱ Avg latency      : 220.68 ms
⏱ P95 latency      : 220.68 ms
🧠 CPU process      : 47.35 %
💾 RAM process      : 774.93 MB
🔋 Energy/frame     : 6.8000
🔋 Sim energy/frame : 0.0000

⌛ Runtime job      : 00:00:01
⌛ Runtime session  : 00:19:22
🕒 ETA current job  : 00:00:21
🕒 ETA all remain   : 00:03:29

✅ Last completed   : shadow/cubicle/ONLINE_CALIBRATED
➡️ Next pending     : thermal/lakeSide/P3_MOG2

😄 Fun status line  : Thêm một ít nữa là chạm mốc mới!
============================================================
============================================================
📡 [G2G3 LIVE STATUS]
🗂 Overall jobs     : completed 47 / 56 | pending 8 | failed 0
📼 Videos done      : 0 / 14
🧮 Current job index: 48 / 56
🎬 Current video    : shadow / cubicle
🧪 Current pipeline : ASMAG_TR_CONTROLLER_ONLINE_GUARDED
🧩 Video progress   : 2 / 6 pipelines
🖼 Frame progress   : 25 / 100
📊 Job progress     : 25.00%

Progress bar job:
[█████░░░░░░░░░░░░░░░] 25.00%

Progress bar overall:
[█████████████████░░░] 83.93%

⚡ FPS current      : 3.29
⚡ FPS average      : 25.00
⏱ Avg latency      : 177.59 ms
⏱ P95 latency      : 316.60 ms
🧠 CPU process      : 112.58 %
💾 RAM process      : 774.98 MB
🔋 Energy/frame     : 5.0000
🔋 Sim energy/frame : 0.0000

⌛ Runtime job      : 00:00:07
⌛ Runtime session  : 00:19:28
🕒 ETA current job  : 00:00:03
🕒 ETA all remain   : 00:03:29

✅ Last completed   : shadow/cubicle/ONLINE_CALIBRATED
➡️ Next pending     : thermal/lakeSide/P3_MOG2

😄 Fun status line  : YOLO nghỉ ít thôi, còn nhiều video phía trước 😄
============================================================
============================================================
📡 [G2G3 LIVE STATUS]
🗂 Overall jobs     : completed 47 / 56 | pending 8 | failed 0
📼 Videos done      : 0 / 14
🧮 Current job index: 48 / 56
🎬 Current video    : shadow / cubicle
🧪 Current pipeline : ASMAG_TR_CONTROLLER_ONLINE_GUARDED
🧩 Video progress   : 2 / 6 pipelines
🖼 Frame progress   : 50 / 100
📊 Job progress     : 50.00%

Progress bar job:
[██████████░░░░░░░░░░] 50.00%

Progress bar overall:
[█████████████████░░░] 83.93%

⚡ FPS current      : 43.81
⚡ FPS average      : 24.98
⏱ Avg latency      : 171.96 ms
⏱ P95 latency      : 315.95 ms
🧠 CPU process      : 24.93 %
💾 RAM process      : 775.11 MB
🔋 Energy/frame     : 4.8620
🔋 Sim energy/frame : 0.0000

⌛ Runtime job      : 00:00:13
⌛ Runtime session  : 00:19:34
🕒 ETA current job  : 00:00:02
🕒 ETA all remain   : 00:03:29

✅ Last completed   : shadow/cubicle/ONLINE_CALIBRATED
➡️ Next pending     : thermal/lakeSide/P3_MOG2

😄 Fun status line  : Progress đang đẹp lên từng frame!
============================================================
============================================================
📡 [G2G3 LIVE STATUS]
🗂 Overall jobs     : completed 47 / 56 | pending 8 | failed 0
📼 Videos done      : 0 / 14
🧮 Current job index: 48 / 56
🎬 Current video    : shadow / cubicle
🧪 Current pipeline : ASMAG_TR_CONTROLLER_ONLINE_GUARDED
🧩 Video progress   : 2 / 6 pipelines
🖼 Frame progress   : 75 / 100
📊 Job progress     : 75.00%

Progress bar job:
[███████████████░░░░░] 75.00%

Progress bar overall:
[█████████████████░░░] 83.93%

⚡ FPS current      : 84.02
⚡ FPS average      : 32.03
⏱ Avg latency      : 143.88 ms
⏱ P95 latency      : 313.79 ms
🧠 CPU process      : 24.80 %
💾 RAM process      : 775.52 MB
🔋 Energy/frame     : 4.3120
🔋 Sim energy/frame : 0.0000

⌛ Runtime job      : 00:00:17
⌛ Runtime session  : 00:19:38
🕒 ETA current job  : 00:00:00
🕒 ETA all remain   : 00:03:29

✅ Last completed   : shadow/cubicle/ONLINE_CALIBRATED
➡️ Next pending     : thermal/lakeSide/P3_MOG2

😄 Fun status line  : Progress đang đẹp lên từng frame!
============================================================
============================================================
📡 [G2G3 LIVE STATUS]
🗂 Overall jobs     : completed 47 / 56 | pending 8 | failed 0
📼 Videos done      : 0 / 14
🧮 Current job index: 48 / 56
🎬 Current video    : shadow / cubicle
🧪 Current pipeline : ASMAG_TR_CONTROLLER_ONLINE_GUARDED
🧩 Video progress   : 2 / 6 pipelines
🖼 Frame progress   : 100 / 100
📊 Job progress     : 100.00%

Progress bar job:
[████████████████████] 100.00%

Progress bar overall:
[█████████████████░░░] 83.93%

⚡ FPS current      : 4.45
⚡ FPS average      : 34.93
⏱ Avg latency      : 133.64 ms
⏱ P95 latency      : 320.13 ms
🧠 CPU process      : 151.25 %
💾 RAM process      : 778.27 MB
🔋 Energy/frame     : 4.0390
🔋 Sim energy/frame : 0.0000

⌛ Runtime job      : 00:00:21
⌛ Runtime session  : 00:19:42
🕒 ETA current job  : 00:00:00
🕒 ETA all remain   : 00:03:29

✅ Last completed   : shadow/cubicle/ONLINE_CALIBRATED
➡️ Next pending     : thermal/lakeSide/P3_MOG2

😄 Fun status line  : Thêm một ít nữa là chạm mốc mới!
============================================================
[JOB PROGRESS] completed=48 | pending=8 | running=0 | failed=0 | current_job=-
[JOB COMPLETED]
shadow/cubicle/ASMAG_TR_CONTROLLER_ONLINE_GUARDED
frames_done=100
runtime_seconds=13.364059209823608
avg_fps=34.92948791547928
p95_latency_ms=320.12715339660645
activation=0.45
energy_per_frame=4.039
simulated_runtime_energy_per_frame=4.593618495097036
    EventF1=0.756 | FMeasure=0.208 | Activation=0.450 | ROI=1100-7400 | EvalFrames=100 | SkippedBeforeROI=1099

[SEQ] thermal/lakeSide
  - Running P3_MOG2 ...
============================================================
🚀 [G2G3 SINGLE-JOB RUN STARTED]
🎯 Current mission : thermal / lakeSide / P3_MOG2
📦 Job type        : 1 video + 1 pipeline
📍 Output folder   : outputs\guarded_v2_residual_risk_subset_dryrun
🧠 Mode            : CPU Edge Simulation
============================================================
============================================================
📡 [G2G3 LIVE STATUS]
🗂 Overall jobs     : completed 48 / 56 | pending 7 | failed 0
📼 Videos done      : 0 / 14
🧮 Current job index: 49 / 56
🎬 Current video    : thermal / lakeSide
🧪 Current pipeline : P3_MOG2
🧩 Video progress   : 0 / 6 pipelines
🖼 Frame progress   : 1 / 100
📊 Job progress     : 1.00%

Progress bar job:
[░░░░░░░░░░░░░░░░░░░░] 1.00%

Progress bar overall:
[█████████████████░░░] 85.71%

⚡ FPS current      : 940.22
⚡ FPS average      : 940.22
⏱ Avg latency      : 1.06 ms
⏱ P95 latency      : 1.06 ms
🧠 CPU process      : 6.58 %
💾 RAM process      : 775.30 MB
🔋 Energy/frame     : 1.7000
🔋 Sim energy/frame : 0.0000

⌛ Runtime job      : 00:00:00
⌛ Runtime session  : 00:19:44
🕒 ETA current job  : 00:00:00
🕒 ETA all remain   : 00:03:04

✅ Last completed   : shadow/cubicle/ASMAG_TR_CONTROLLER_ONLINE_GUARDED
➡️ Next pending     : thermal/lakeSide/ASMAG_TR_CONTROLLER

😄 Fun status line  : Một pipeline xong là gần bài báo hơn một bước!
============================================================
============================================================
📡 [G2G3 LIVE STATUS]
🗂 Overall jobs     : completed 48 / 56 | pending 7 | failed 0
📼 Videos done      : 0 / 14
🧮 Current job index: 49 / 56
🎬 Current video    : thermal / lakeSide
🧪 Current pipeline : P3_MOG2
🧩 Video progress   : 0 / 6 pipelines
🖼 Frame progress   : 25 / 100
📊 Job progress     : 25.00%

Progress bar job:
[█████░░░░░░░░░░░░░░░] 25.00%

Progress bar overall:
[█████████████████░░░] 85.71%

⚡ FPS current      : 214.15
⚡ FPS average      : 320.79
⏱ Avg latency      : 56.47 ms
⏱ P95 latency      : 276.09 ms
🧠 CPU process      : 5.58 %
💾 RAM process      : 780.61 MB
🔋 Energy/frame     : 2.7000
🔋 Sim energy/frame : 0.0000

⌛ Runtime job      : 00:00:05
⌛ Runtime session  : 00:19:49
🕒 ETA current job  : 00:00:00
🕒 ETA all remain   : 00:03:04

✅ Last completed   : shadow/cubicle/ASMAG_TR_CONTROLLER_ONLINE_GUARDED
➡️ Next pending     : thermal/lakeSide/ASMAG_TR_CONTROLLER

😄 Fun status line  : Progress đang đẹp lên từng frame!
============================================================
============================================================
📡 [G2G3 LIVE STATUS]
🗂 Overall jobs     : completed 48 / 56 | pending 7 | failed 0
📼 Videos done      : 0 / 14
🧮 Current job index: 49 / 56
🎬 Current video    : thermal / lakeSide
🧪 Current pipeline : P3_MOG2
🧩 Video progress   : 0 / 6 pipelines
🖼 Frame progress   : 50 / 100
📊 Job progress     : 50.00%

Progress bar job:
[██████████░░░░░░░░░░] 50.00%

Progress bar overall:
[█████████████████░░░] 85.71%

⚡ FPS current      : 455.06
⚡ FPS average      : 351.01
⏱ Avg latency      : 52.68 ms
⏱ P95 latency      : 264.81 ms
🧠 CPU process      : 7.10 %
💾 RAM process      : 780.94 MB
🔋 Energy/frame     : 2.7000
🔋 Sim energy/frame : 0.0000

⌛ Runtime job      : 00:00:10
⌛ Runtime session  : 00:19:54
🕒 ETA current job  : 00:00:00
🕒 ETA all remain   : 00:03:04

✅ Last completed   : shadow/cubicle/ASMAG_TR_CONTROLLER_ONLINE_GUARDED
➡️ Next pending     : thermal/lakeSide/ASMAG_TR_CONTROLLER

😄 Fun status line  : Thêm một ít nữa là chạm mốc mới!
============================================================
============================================================
📡 [G2G3 LIVE STATUS]
🗂 Overall jobs     : completed 48 / 56 | pending 7 | failed 0
📼 Videos done      : 0 / 14
🧮 Current job index: 49 / 56
🎬 Current video    : thermal / lakeSide
🧪 Current pipeline : P3_MOG2
🧩 Video progress   : 0 / 6 pipelines
🖼 Frame progress   : 75 / 100
📊 Job progress     : 75.00%

Progress bar job:
[███████████████░░░░░] 75.00%

Progress bar overall:
[█████████████████░░░] 85.71%

⚡ FPS current      : 497.55
⚡ FPS average      : 355.53
⏱ Avg latency      : 38.70 ms
⏱ P95 latency      : 249.94 ms
🧠 CPU process      : 2.27 %
💾 RAM process      : 780.94 MB
🔋 Energy/frame     : 2.4333
🔋 Sim energy/frame : 0.0000

⌛ Runtime job      : 00:00:13
⌛ Runtime session  : 00:19:57
🕒 ETA current job  : 00:00:00
🕒 ETA all remain   : 00:03:04

✅ Last completed   : shadow/cubicle/ASMAG_TR_CONTROLLER_ONLINE_GUARDED
➡️ Next pending     : thermal/lakeSide/ASMAG_TR_CONTROLLER

😄 Fun status line  : YOLO nghỉ ít thôi, còn nhiều video phía trước 😄
============================================================
============================================================
📡 [G2G3 LIVE STATUS]
🗂 Overall jobs     : completed 48 / 56 | pending 7 | failed 0
📼 Videos done      : 0 / 14
🧮 Current job index: 49 / 56
🎬 Current video    : thermal / lakeSide
🧪 Current pipeline : P3_MOG2
🧩 Video progress   : 0 / 6 pipelines
🖼 Frame progress   : 100 / 100
📊 Job progress     : 100.00%

Progress bar job:
[████████████████████] 100.00%

Progress bar overall:
[█████████████████░░░] 85.71%

⚡ FPS current      : 161.96
⚡ FPS average      : 357.60
⏱ Avg latency      : 37.54 ms
⏱ P95 latency      : 253.62 ms
🧠 CPU process      : 11.15 %
💾 RAM process      : 781.02 MB
🔋 Energy/frame     : 2.4000
🔋 Sim energy/frame : 0.0000

⌛ Runtime job      : 00:00:17
⌛ Runtime session  : 00:20:01
🕒 ETA current job  : 00:00:00
🕒 ETA all remain   : 00:03:04

✅ Last completed   : shadow/cubicle/ASMAG_TR_CONTROLLER_ONLINE_GUARDED
➡️ Next pending     : thermal/lakeSide/ASMAG_TR_CONTROLLER

😄 Fun status line  : Thêm một ít nữa là chạm mốc mới!
============================================================
[JOB PROGRESS] completed=49 | pending=7 | running=0 | failed=0 | current_job=-
[JOB COMPLETED]
thermal/lakeSide/P3_MOG2
frames_done=100
runtime_seconds=3.7538533210754395
avg_fps=357.5994519781376
p95_latency_ms=253.6192178726196
activation=0.14
energy_per_frame=2.3999999999999995
simulated_runtime_energy_per_frame=2.1248785998275026
    EventF1=0.269 | FMeasure=0.194 | Activation=0.140 | ROI=1000-6500 | EvalFrames=100 | SkippedBeforeROI=999
  - Running ASMAG_TR_CONTROLLER ...
============================================================
🚀 [G2G3 SINGLE-JOB RUN STARTED]
🎯 Current mission : thermal / lakeSide / ASMAG_TR_CONTROLLER
📦 Job type        : 1 video + 1 pipeline
📍 Output folder   : outputs\guarded_v2_residual_risk_subset_dryrun
🧠 Mode            : CPU Edge Simulation
============================================================
============================================================
📡 [G2G3 LIVE STATUS]
🗂 Overall jobs     : completed 49 / 56 | pending 6 | failed 0
📼 Videos done      : 0 / 14
🧮 Current job index: 50 / 56
🎬 Current video    : thermal / lakeSide
🧪 Current pipeline : ASMAG_TR_CONTROLLER
🧩 Video progress   : 1 / 6 pipelines
🖼 Frame progress   : 1 / 100
📊 Job progress     : 1.00%

Progress bar job:
[░░░░░░░░░░░░░░░░░░░░] 1.00%

Progress bar overall:
[██████████████████░░] 87.50%

⚡ FPS current      : 3.82
⚡ FPS average      : 3.82
⏱ Avg latency      : 261.73 ms
⏱ P95 latency      : 261.73 ms
🧠 CPU process      : 61.52 %
💾 RAM process      : 789.65 MB
🔋 Energy/frame     : 6.8000
🔋 Sim energy/frame : 0.0000

⌛ Runtime job      : 00:00:00
⌛ Runtime session  : 00:20:02
🕒 ETA current job  : 00:00:25
🕒 ETA all remain   : 00:02:38

✅ Last completed   : thermal/lakeSide/P3_MOG2
➡️ Next pending     : thermal/lakeSide/ONLINE_CALIBRATED

😄 Fun status line  : Đang tăng tốc, cố lên nào!
============================================================
============================================================
📡 [G2G3 LIVE STATUS]
🗂 Overall jobs     : completed 49 / 56 | pending 6 | failed 0
📼 Videos done      : 0 / 14
🧮 Current job index: 50 / 56
🎬 Current video    : thermal / lakeSide
🧪 Current pipeline : ASMAG_TR_CONTROLLER
🧩 Video progress   : 1 / 6 pipelines
🖼 Frame progress   : 25 / 100
📊 Job progress     : 25.00%

Progress bar job:
[█████░░░░░░░░░░░░░░░] 25.00%

Progress bar overall:
[██████████████████░░] 87.50%

⚡ FPS current      : 157.63
⚡ FPS average      : 109.02
⏱ Avg latency      : 72.24 ms
⏱ P95 latency      : 342.58 ms
🧠 CPU process      : 141.30 %
💾 RAM process      : 789.96 MB
🔋 Energy/frame     : 2.8120
🔋 Sim energy/frame : 0.0000

⌛ Runtime job      : 00:00:03
⌛ Runtime session  : 00:20:05
🕒 ETA current job  : 00:00:00
🕒 ETA all remain   : 00:02:38

✅ Last completed   : thermal/lakeSide/P3_MOG2
➡️ Next pending     : thermal/lakeSide/ONLINE_CALIBRATED

😄 Fun status line  : Sắp xong thêm một chặng nữa!
============================================================
============================================================
📡 [G2G3 LIVE STATUS]
🗂 Overall jobs     : completed 49 / 56 | pending 6 | failed 0
📼 Videos done      : 0 / 14
🧮 Current job index: 50 / 56
🎬 Current video    : thermal / lakeSide
🧪 Current pipeline : ASMAG_TR_CONTROLLER
🧩 Video progress   : 1 / 6 pipelines
🖼 Frame progress   : 50 / 100
📊 Job progress     : 50.00%

Progress bar job:
[██████████░░░░░░░░░░] 50.00%

Progress bar overall:
[██████████████████░░] 87.50%

⚡ FPS current      : 147.99
⚡ FPS average      : 113.93
⏱ Avg latency      : 69.73 ms
⏱ P95 latency      : 340.37 ms
🧠 CPU process      : 99.72 %
💾 RAM process      : 790.03 MB
🔋 Energy/frame     : 2.8160
🔋 Sim energy/frame : 0.0000

⌛ Runtime job      : 00:00:06
⌛ Runtime session  : 00:20:08
🕒 ETA current job  : 00:00:00
🕒 ETA all remain   : 00:02:38

✅ Last completed   : thermal/lakeSide/P3_MOG2
➡️ Next pending     : thermal/lakeSide/ONLINE_CALIBRATED

😄 Fun status line  : YOLO nghỉ ít thôi, còn nhiều video phía trước 😄
============================================================
============================================================
📡 [G2G3 LIVE STATUS]
🗂 Overall jobs     : completed 49 / 56 | pending 6 | failed 0
📼 Videos done      : 0 / 14
🧮 Current job index: 50 / 56
🎬 Current video    : thermal / lakeSide
🧪 Current pipeline : ASMAG_TR_CONTROLLER
🧩 Video progress   : 1 / 6 pipelines
🖼 Frame progress   : 75 / 100
📊 Job progress     : 75.00%

Progress bar job:
[███████████████░░░░░] 75.00%

Progress bar overall:
[██████████████████░░] 87.50%

⚡ FPS current      : 123.69
⚡ FPS average      : 110.49
⏱ Avg latency      : 88.33 ms
⏱ P95 latency      : 384.30 ms
🧠 CPU process      : 41.55 %
💾 RAM process      : 789.97 MB
🔋 Energy/frame     : 2.8173
🔋 Sim energy/frame : 0.0000

⌛ Runtime job      : 00:00:10
⌛ Runtime session  : 00:20:12
🕒 ETA current job  : 00:00:00
🕒 ETA all remain   : 00:02:38

✅ Last completed   : thermal/lakeSide/P3_MOG2
➡️ Next pending     : thermal/lakeSide/ONLINE_CALIBRATED

😄 Fun status line  : YOLO nghỉ ít thôi, còn nhiều video phía trước 😄
============================================================
============================================================
📡 [G2G3 LIVE STATUS]
🗂 Overall jobs     : completed 49 / 56 | pending 6 | failed 0
📼 Videos done      : 0 / 14
🧮 Current job index: 50 / 56
🎬 Current video    : thermal / lakeSide
🧪 Current pipeline : ASMAG_TR_CONTROLLER
🧩 Video progress   : 1 / 6 pipelines
🖼 Frame progress   : 100 / 100
📊 Job progress     : 100.00%

Progress bar job:
[████████████████████] 100.00%

Progress bar overall:
[██████████████████░░] 87.50%

⚡ FPS current      : 160.90
⚡ FPS average      : 112.66
⏱ Avg latency      : 86.20 ms
⏱ P95 latency      : 383.45 ms
🧠 CPU process      : 170.90 %
💾 RAM process      : 789.97 MB
🔋 Energy/frame     : 2.8180
🔋 Sim energy/frame : 0.0000

⌛ Runtime job      : 00:00:13
⌛ Runtime session  : 00:20:15
🕒 ETA current job  : 00:00:00
🕒 ETA all remain   : 00:02:38

✅ Last completed   : thermal/lakeSide/P3_MOG2
➡️ Next pending     : thermal/lakeSide/ONLINE_CALIBRATED

😄 Fun status line  : Sắp xong thêm một chặng nữa!
============================================================
[JOB PROGRESS] completed=50 | pending=6 | running=0 | failed=0 | current_job=-
[JOB COMPLETED]
thermal/lakeSide/ASMAG_TR_CONTROLLER
frames_done=100
runtime_seconds=8.620010614395142
avg_fps=112.65723987242154
p95_latency_ms=383.452832698822
activation=0.2
energy_per_frame=2.818
simulated_runtime_energy_per_frame=3.091039752168444
    EventF1=0.571 | FMeasure=0.467 | Activation=0.200 | ROI=1000-6500 | EvalFrames=100 | SkippedBeforeROI=999
  - Running ONLINE_CALIBRATED ...
============================================================
🚀 [G2G3 SINGLE-JOB RUN STARTED]
🎯 Current mission : thermal / lakeSide / ONLINE_CALIBRATED
📦 Job type        : 1 video + 1 pipeline
📍 Output folder   : outputs\guarded_v2_residual_risk_subset_dryrun
🧠 Mode            : CPU Edge Simulation
============================================================
============================================================
📡 [G2G3 LIVE STATUS]
🗂 Overall jobs     : completed 50 / 56 | pending 5 | failed 0
📼 Videos done      : 0 / 14
🧮 Current job index: 51 / 56
🎬 Current video    : thermal / lakeSide
🧪 Current pipeline : ONLINE_CALIBRATED
🧩 Video progress   : 2 / 6 pipelines
🖼 Frame progress   : 1 / 100
📊 Job progress     : 1.00%

Progress bar job:
[░░░░░░░░░░░░░░░░░░░░] 1.00%

Progress bar overall:
[██████████████████░░] 89.29%

⚡ FPS current      : 59.95
⚡ FPS average      : 59.95
⏱ Avg latency      : 16.68 ms
⏱ P95 latency      : 16.68 ms
🧠 CPU process      : 24.70 %
💾 RAM process      : 811.34 MB
🔋 Energy/frame     : 1.7000
🔋 Sim energy/frame : 0.0000

⌛ Runtime job      : 00:00:01
⌛ Runtime session  : 00:20:17
🕒 ETA current job  : 00:00:01
🕒 ETA all remain   : 00:02:14

✅ Last completed   : thermal/lakeSide/ASMAG_TR_CONTROLLER
➡️ Next pending     : thermal/lakeSide/ASMAG_TR_CONTROLLER_ONLINE_GUARDED

😄 Fun status line  : Bình tĩnh, video dài nhưng chúng ta bền bỉ!
============================================================
============================================================
📡 [G2G3 LIVE STATUS]
🗂 Overall jobs     : completed 50 / 56 | pending 5 | failed 0
📼 Videos done      : 0 / 14
🧮 Current job index: 51 / 56
🎬 Current video    : thermal / lakeSide
🧪 Current pipeline : ONLINE_CALIBRATED
🧩 Video progress   : 2 / 6 pipelines
🖼 Frame progress   : 25 / 100
📊 Job progress     : 25.00%

Progress bar job:
[█████░░░░░░░░░░░░░░░] 25.00%

Progress bar overall:
[██████████████████░░] 89.29%

⚡ FPS current      : 48.68
⚡ FPS average      : 37.72
⏱ Avg latency      : 97.50 ms
⏱ P95 latency      : 530.21 ms
🧠 CPU process      : 21.30 %
💾 RAM process      : 811.66 MB
🔋 Energy/frame     : 2.6080
🔋 Sim energy/frame : 0.0000

⌛ Runtime job      : 00:00:05
⌛ Runtime session  : 00:20:22
🕒 ETA current job  : 00:00:01
🕒 ETA all remain   : 00:02:14

✅ Last completed   : thermal/lakeSide/ASMAG_TR_CONTROLLER
➡️ Next pending     : thermal/lakeSide/ASMAG_TR_CONTROLLER_ONLINE_GUARDED

😄 Fun status line  : Pipeline đang làm việc rất chăm chỉ...
============================================================
============================================================
📡 [G2G3 LIVE STATUS]
🗂 Overall jobs     : completed 50 / 56 | pending 5 | failed 0
📼 Videos done      : 0 / 14
🧮 Current job index: 51 / 56
🎬 Current video    : thermal / lakeSide
🧪 Current pipeline : ONLINE_CALIBRATED
🧩 Video progress   : 2 / 6 pipelines
🖼 Frame progress   : 50 / 100
📊 Job progress     : 50.00%

Progress bar job:
[██████████░░░░░░░░░░] 50.00%

Progress bar overall:
[██████████████████░░] 89.29%

⚡ FPS current      : 30.12
⚡ FPS average      : 37.98
⏱ Avg latency      : 93.15 ms
⏱ P95 latency      : 444.32 ms
🧠 CPU process      : 28.12 %
💾 RAM process      : 811.67 MB
🔋 Energy/frame     : 2.7140
🔋 Sim energy/frame : 0.0000

⌛ Runtime job      : 00:00:10
⌛ Runtime session  : 00:20:26
🕒 ETA current job  : 00:00:01
🕒 ETA all remain   : 00:02:14

✅ Last completed   : thermal/lakeSide/ASMAG_TR_CONTROLLER
➡️ Next pending     : thermal/lakeSide/ASMAG_TR_CONTROLLER_ONLINE_GUARDED

😄 Fun status line  : Sắp xong thêm một chặng nữa!
============================================================
============================================================
📡 [G2G3 LIVE STATUS]
🗂 Overall jobs     : completed 50 / 56 | pending 5 | failed 0
📼 Videos done      : 0 / 14
🧮 Current job index: 51 / 56
🎬 Current video    : thermal / lakeSide
🧪 Current pipeline : ONLINE_CALIBRATED
🧩 Video progress   : 2 / 6 pipelines
🖼 Frame progress   : 75 / 100
📊 Job progress     : 75.00%

Progress bar job:
[███████████████░░░░░] 75.00%

Progress bar overall:
[██████████████████░░] 89.29%

⚡ FPS current      : 49.05
⚡ FPS average      : 37.08
⏱ Avg latency      : 97.72 ms
⏱ P95 latency      : 481.79 ms
🧠 CPU process      : 21.30 %
💾 RAM process      : 811.75 MB
🔋 Energy/frame     : 2.7493
🔋 Sim energy/frame : 0.0000

⌛ Runtime job      : 00:00:15
⌛ Runtime session  : 00:20:31
🕒 ETA current job  : 00:00:00
🕒 ETA all remain   : 00:02:14

✅ Last completed   : thermal/lakeSide/ASMAG_TR_CONTROLLER
➡️ Next pending     : thermal/lakeSide/ASMAG_TR_CONTROLLER_ONLINE_GUARDED

😄 Fun status line  : Edge profiling vẫn đang ổn định!
============================================================
============================================================
📡 [G2G3 LIVE STATUS]
🗂 Overall jobs     : completed 50 / 56 | pending 5 | failed 0
📼 Videos done      : 0 / 14
🧮 Current job index: 51 / 56
🎬 Current video    : thermal / lakeSide
🧪 Current pipeline : ONLINE_CALIBRATED
🧩 Video progress   : 2 / 6 pipelines
🖼 Frame progress   : 100 / 100
📊 Job progress     : 100.00%

Progress bar job:
[████████████████████] 100.00%

Progress bar overall:
[██████████████████░░] 89.29%

⚡ FPS current      : 55.69
⚡ FPS average      : 37.11
⏱ Avg latency      : 95.71 ms
⏱ P95 latency      : 424.12 ms
🧠 CPU process      : 24.93 %
💾 RAM process      : 811.75 MB
🔋 Energy/frame     : 2.7670
🔋 Sim energy/frame : 0.0000

⌛ Runtime job      : 00:00:20
⌛ Runtime session  : 00:20:36
🕒 ETA current job  : 00:00:00
🕒 ETA all remain   : 00:02:14

✅ Last completed   : thermal/lakeSide/ASMAG_TR_CONTROLLER
➡️ Next pending     : thermal/lakeSide/ASMAG_TR_CONTROLLER_ONLINE_GUARDED

😄 Fun status line  : Progress đang đẹp lên từng frame!
============================================================
[JOB PROGRESS] completed=51 | pending=5 | running=0 | failed=0 | current_job=-
[JOB COMPLETED]
thermal/lakeSide/ONLINE_CALIBRATED
frames_done=100
runtime_seconds=9.571179151535034
avg_fps=37.112681140784346
p95_latency_ms=424.117875099182
activation=0.19
energy_per_frame=2.767
simulated_runtime_energy_per_frame=2.755726394732373
    EventF1=0.571 | FMeasure=0.466 | Activation=0.190 | ROI=1000-6500 | EvalFrames=100 | SkippedBeforeROI=999
  - Running ASMAG_TR_CONTROLLER_ONLINE_GUARDED ...
============================================================
🚀 [G2G3 SINGLE-JOB RUN STARTED]
🎯 Current mission : thermal / lakeSide / ASMAG_TR_CONTROLLER_ONLINE_GUARDED
📦 Job type        : 1 video + 1 pipeline
📍 Output folder   : outputs\guarded_v2_residual_risk_subset_dryrun
🧠 Mode            : CPU Edge Simulation
============================================================
============================================================
📡 [G2G3 LIVE STATUS]
🗂 Overall jobs     : completed 51 / 56 | pending 4 | failed 0
📼 Videos done      : 0 / 14
🧮 Current job index: 52 / 56
🎬 Current video    : thermal / lakeSide
🧪 Current pipeline : ASMAG_TR_CONTROLLER_ONLINE_GUARDED
🧩 Video progress   : 2 / 6 pipelines
🖼 Frame progress   : 1 / 100
📊 Job progress     : 1.00%

Progress bar job:
[░░░░░░░░░░░░░░░░░░░░] 1.00%

Progress bar overall:
[██████████████████░░] 91.07%

⚡ FPS current      : 3.78
⚡ FPS average      : 3.78
⏱ Avg latency      : 264.53 ms
⏱ P95 latency      : 264.53 ms
🧠 CPU process      : 41.58 %
💾 RAM process      : 791.41 MB
🔋 Energy/frame     : 6.8000
🔋 Sim energy/frame : 0.0000

⌛ Runtime job      : 00:00:01
⌛ Runtime session  : 00:20:38
🕒 ETA current job  : 00:00:26
🕒 ETA all remain   : 00:01:50

✅ Last completed   : thermal/lakeSide/ONLINE_CALIBRATED
➡️ Next pending     : turbulence/turbulence2/P3_MOG2

😄 Fun status line  : Một pipeline xong là gần bài báo hơn một bước!
============================================================
============================================================
📡 [G2G3 LIVE STATUS]
🗂 Overall jobs     : completed 51 / 56 | pending 4 | failed 0
📼 Videos done      : 0 / 14
🧮 Current job index: 52 / 56
🎬 Current video    : thermal / lakeSide
🧪 Current pipeline : ASMAG_TR_CONTROLLER_ONLINE_GUARDED
🧩 Video progress   : 2 / 6 pipelines
🖼 Frame progress   : 25 / 100
📊 Job progress     : 25.00%

Progress bar job:
[█████░░░░░░░░░░░░░░░] 25.00%

Progress bar overall:
[██████████████████░░] 91.07%

⚡ FPS current      : 53.72
⚡ FPS average      : 53.36
⏱ Avg latency      : 77.61 ms
⏱ P95 latency      : 345.18 ms
🧠 CPU process      : 20.02 %
💾 RAM process      : 792.51 MB
🔋 Energy/frame     : 2.8240
🔋 Sim energy/frame : 0.0000

⌛ Runtime job      : 00:00:05
⌛ Runtime session  : 00:20:42
🕒 ETA current job  : 00:00:01
🕒 ETA all remain   : 00:01:50

✅ Last completed   : thermal/lakeSide/ONLINE_CALIBRATED
➡️ Next pending     : turbulence/turbulence2/P3_MOG2

😄 Fun status line  : Giữ vững phong độ, dữ liệu đang chảy về!
============================================================
============================================================
📡 [G2G3 LIVE STATUS]
🗂 Overall jobs     : completed 51 / 56 | pending 4 | failed 0
📼 Videos done      : 0 / 14
🧮 Current job index: 52 / 56
🎬 Current video    : thermal / lakeSide
🧪 Current pipeline : ASMAG_TR_CONTROLLER_ONLINE_GUARDED
🧩 Video progress   : 2 / 6 pipelines
🖼 Frame progress   : 50 / 100
📊 Job progress     : 50.00%

Progress bar job:
[██████████░░░░░░░░░░] 50.00%

Progress bar overall:
[██████████████████░░] 91.07%

⚡ FPS current      : 68.31
⚡ FPS average      : 51.39
⏱ Avg latency      : 84.19 ms
⏱ P95 latency      : 383.31 ms
🧠 CPU process      : 19.40 %
💾 RAM process      : 792.66 MB
🔋 Energy/frame     : 2.7280
🔋 Sim energy/frame : 0.0000

⌛ Runtime job      : 00:00:09
⌛ Runtime session  : 00:20:46
🕒 ETA current job  : 00:00:00
🕒 ETA all remain   : 00:01:50

✅ Last completed   : thermal/lakeSide/ONLINE_CALIBRATED
➡️ Next pending     : turbulence/turbulence2/P3_MOG2

😄 Fun status line  : YOLO nghỉ ít thôi, còn nhiều video phía trước 😄
============================================================
============================================================
📡 [G2G3 LIVE STATUS]
🗂 Overall jobs     : completed 51 / 56 | pending 4 | failed 0
📼 Videos done      : 0 / 14
🧮 Current job index: 52 / 56
🎬 Current video    : thermal / lakeSide
🧪 Current pipeline : ASMAG_TR_CONTROLLER_ONLINE_GUARDED
🧩 Video progress   : 2 / 6 pipelines
🖼 Frame progress   : 75 / 100
📊 Job progress     : 75.00%

Progress bar job:
[███████████████░░░░░] 75.00%

Progress bar overall:
[██████████████████░░] 91.07%

⚡ FPS current      : 62.67
⚡ FPS average      : 53.18
⏱ Avg latency      : 70.09 ms
⏱ P95 latency      : 362.10 ms
🧠 CPU process      : 18.90 %
💾 RAM process      : 797.96 MB
🔋 Energy/frame     : 2.5547
🔋 Sim energy/frame : 0.0000

⌛ Runtime job      : 00:00:11
⌛ Runtime session  : 00:20:48
🕒 ETA current job  : 00:00:00
🕒 ETA all remain   : 00:01:50

✅ Last completed   : thermal/lakeSide/ONLINE_CALIBRATED
➡️ Next pending     : turbulence/turbulence2/P3_MOG2

😄 Fun status line  : Sắp xong thêm một chặng nữa!
============================================================
============================================================
📡 [G2G3 LIVE STATUS]
🗂 Overall jobs     : completed 51 / 56 | pending 4 | failed 0
📼 Videos done      : 0 / 14
🧮 Current job index: 52 / 56
🎬 Current video    : thermal / lakeSide
🧪 Current pipeline : ASMAG_TR_CONTROLLER_ONLINE_GUARDED
🧩 Video progress   : 2 / 6 pipelines
🖼 Frame progress   : 100 / 100
📊 Job progress     : 100.00%

Progress bar job:
[████████████████████] 100.00%

Progress bar overall:
[██████████████████░░] 91.07%

⚡ FPS current      : 82.06
⚡ FPS average      : 52.12
⏱ Avg latency      : 66.63 ms
⏱ P95 latency      : 359.87 ms
🧠 CPU process      : 20.02 %
💾 RAM process      : 801.86 MB
🔋 Energy/frame     : 2.4730
🔋 Sim energy/frame : 0.0000

⌛ Runtime job      : 00:00:14
⌛ Runtime session  : 00:20:52
🕒 ETA current job  : 00:00:00
🕒 ETA all remain   : 00:01:50

✅ Last completed   : thermal/lakeSide/ONLINE_CALIBRATED
➡️ Next pending     : turbulence/turbulence2/P3_MOG2

😄 Fun status line  : Đang tăng tốc, cố lên nào!
============================================================
[JOB PROGRESS] completed=52 | pending=4 | running=0 | failed=0 | current_job=-
[JOB COMPLETED]
thermal/lakeSide/ASMAG_TR_CONTROLLER_ONLINE_GUARDED
frames_done=100
runtime_seconds=6.662664175033569
avg_fps=52.11528819410958
p95_latency_ms=359.8652482032776
activation=0.13
energy_per_frame=2.4730000000000008
simulated_runtime_energy_per_frame=2.3660345374880922
    EventF1=0.560 | FMeasure=0.387 | Activation=0.130 | ROI=1000-6500 | EvalFrames=100 | SkippedBeforeROI=999

[SEQ] turbulence/turbulence2
  - Running P3_MOG2 ...
============================================================
🚀 [G2G3 SINGLE-JOB RUN STARTED]
🎯 Current mission : turbulence / turbulence2 / P3_MOG2
📦 Job type        : 1 video + 1 pipeline
📍 Output folder   : outputs\guarded_v2_residual_risk_subset_dryrun
🧠 Mode            : CPU Edge Simulation
============================================================
============================================================
📡 [G2G3 LIVE STATUS]
🗂 Overall jobs     : completed 52 / 56 | pending 3 | failed 0
📼 Videos done      : 0 / 14
🧮 Current job index: 53 / 56
🎬 Current video    : turbulence / turbulence2
🧪 Current pipeline : P3_MOG2
🧩 Video progress   : 0 / 6 pipelines
🖼 Frame progress   : 1 / 100
📊 Job progress     : 1.00%

Progress bar job:
[░░░░░░░░░░░░░░░░░░░░] 1.00%

Progress bar overall:
[███████████████████░] 92.86%

⚡ FPS current      : 3.44
⚡ FPS average      : 3.44
⏱ Avg latency      : 290.46 ms
⏱ P95 latency      : 290.46 ms
🧠 CPU process      : 32.08 %
💾 RAM process      : 814.31 MB
🔋 Energy/frame     : 6.7000
🔋 Sim energy/frame : 0.0000

⌛ Runtime job      : 00:00:01
⌛ Runtime session  : 00:20:54
🕒 ETA current job  : 00:00:28
🕒 ETA all remain   : 00:01:27

✅ Last completed   : thermal/lakeSide/ASMAG_TR_CONTROLLER_ONLINE_GUARDED
➡️ Next pending     : turbulence/turbulence2/ASMAG_TR_CONTROLLER

😄 Fun status line  : Pipeline đang làm việc rất chăm chỉ...
============================================================
============================================================
📡 [G2G3 LIVE STATUS]
🗂 Overall jobs     : completed 52 / 56 | pending 3 | failed 0
📼 Videos done      : 0 / 14
🧮 Current job index: 53 / 56
🎬 Current video    : turbulence / turbulence2
🧪 Current pipeline : P3_MOG2
🧩 Video progress   : 0 / 6 pipelines
🖼 Frame progress   : 25 / 100
📊 Job progress     : 25.00%

Progress bar job:
[█████░░░░░░░░░░░░░░░] 25.00%

Progress bar overall:
[███████████████████░] 92.86%

⚡ FPS current      : 4.02
⚡ FPS average      : 75.67
⏱ Avg latency      : 134.18 ms
⏱ P95 latency      : 278.12 ms
🧠 CPU process      : 112.58 %
💾 RAM process      : 816.68 MB
🔋 Energy/frame     : 4.5000
🔋 Sim energy/frame : 0.0000

⌛ Runtime job      : 00:00:08
⌛ Runtime session  : 00:21:01
🕒 ETA current job  : 00:00:00
🕒 ETA all remain   : 00:01:27

✅ Last completed   : thermal/lakeSide/ASMAG_TR_CONTROLLER_ONLINE_GUARDED
➡️ Next pending     : turbulence/turbulence2/ASMAG_TR_CONTROLLER

😄 Fun status line  : Bình tĩnh, video dài nhưng chúng ta bền bỉ!
============================================================
============================================================
📡 [G2G3 LIVE STATUS]
🗂 Overall jobs     : completed 52 / 56 | pending 3 | failed 0
📼 Videos done      : 0 / 14
🧮 Current job index: 53 / 56
🎬 Current video    : turbulence / turbulence2
🧪 Current pipeline : P3_MOG2
🧩 Video progress   : 0 / 6 pipelines
🖼 Frame progress   : 50 / 100
📊 Job progress     : 50.00%

Progress bar job:
[██████████░░░░░░░░░░] 50.00%

Progress bar overall:
[███████████████████░] 92.86%

⚡ FPS current      : 250.75
⚡ FPS average      : 62.13
⏱ Avg latency      : 159.79 ms
⏱ P95 latency      : 280.38 ms
🧠 CPU process      : 3.58 %
💾 RAM process      : 816.88 MB
🔋 Energy/frame     : 5.0000
🔋 Sim energy/frame : 0.0000

⌛ Runtime job      : 00:00:16
⌛ Runtime session  : 00:21:09
🕒 ETA current job  : 00:00:00
🕒 ETA all remain   : 00:01:27

✅ Last completed   : thermal/lakeSide/ASMAG_TR_CONTROLLER_ONLINE_GUARDED
➡️ Next pending     : turbulence/turbulence2/ASMAG_TR_CONTROLLER

😄 Fun status line  : Edge profiling vẫn đang ổn định!
============================================================
============================================================
📡 [G2G3 LIVE STATUS]
🗂 Overall jobs     : completed 52 / 56 | pending 3 | failed 0
📼 Videos done      : 0 / 14
🧮 Current job index: 53 / 56
🎬 Current video    : turbulence / turbulence2
🧪 Current pipeline : P3_MOG2
🧩 Video progress   : 0 / 6 pipelines
🖼 Frame progress   : 75 / 100
📊 Job progress     : 75.00%

Progress bar job:
[███████████████░░░░░] 75.00%

Progress bar overall:
[███████████████████░] 92.86%

⚡ FPS current      : 246.85
⚡ FPS average      : 108.37
⏱ Avg latency      : 108.22 ms
⏱ P95 latency      : 274.07 ms
🧠 CPU process      : 9.38 %
💾 RAM process      : 816.89 MB
🔋 Energy/frame     : 3.9000
🔋 Sim energy/frame : 0.0000

⌛ Runtime job      : 00:00:19
⌛ Runtime session  : 00:21:12
🕒 ETA current job  : 00:00:00
🕒 ETA all remain   : 00:01:27

✅ Last completed   : thermal/lakeSide/ASMAG_TR_CONTROLLER_ONLINE_GUARDED
➡️ Next pending     : turbulence/turbulence2/ASMAG_TR_CONTROLLER

😄 Fun status line  : Progress đang đẹp lên từng frame!
============================================================
============================================================
📡 [G2G3 LIVE STATUS]
🗂 Overall jobs     : completed 52 / 56 | pending 3 | failed 0
📼 Videos done      : 0 / 14
🧮 Current job index: 53 / 56
🎬 Current video    : turbulence / turbulence2
🧪 Current pipeline : P3_MOG2
🧩 Video progress   : 0 / 6 pipelines
🖼 Frame progress   : 100 / 100
📊 Job progress     : 100.00%

Progress bar job:
[████████████████████] 100.00%

Progress bar overall:
[███████████████████░] 92.86%

⚡ FPS current      : 5.54
⚡ FPS average      : 103.81
⏱ Avg latency      : 114.23 ms
⏱ P95 latency      : 272.04 ms
🧠 CPU process      : 126.95 %
💾 RAM process      : 816.89 MB
🔋 Energy/frame     : 4.1000
🔋 Sim energy/frame : 0.0000

⌛ Runtime job      : 00:00:26
⌛ Runtime session  : 00:21:19
🕒 ETA current job  : 00:00:00
🕒 ETA all remain   : 00:01:27

✅ Last completed   : thermal/lakeSide/ASMAG_TR_CONTROLLER_ONLINE_GUARDED
➡️ Next pending     : turbulence/turbulence2/ASMAG_TR_CONTROLLER

😄 Fun status line  : Progress đang đẹp lên từng frame!
============================================================
[JOB PROGRESS] completed=53 | pending=3 | running=0 | failed=0 | current_job=-
[JOB COMPLETED]
turbulence/turbulence2/P3_MOG2
frames_done=100
runtime_seconds=11.42316198348999
avg_fps=103.81267644284982
p95_latency_ms=272.0434546470642
activation=0.48
energy_per_frame=4.1000000000000005
simulated_runtime_energy_per_frame=4.211683721900072
    EventF1=0.899 | FMeasure=0.765 | Activation=0.480 | ROI=500-4500 | EvalFrames=100 | SkippedBeforeROI=499
  - Running ASMAG_TR_CONTROLLER ...
============================================================
🚀 [G2G3 SINGLE-JOB RUN STARTED]
🎯 Current mission : turbulence / turbulence2 / ASMAG_TR_CONTROLLER
📦 Job type        : 1 video + 1 pipeline
📍 Output folder   : outputs\guarded_v2_residual_risk_subset_dryrun
🧠 Mode            : CPU Edge Simulation
============================================================
============================================================
📡 [G2G3 LIVE STATUS]
🗂 Overall jobs     : completed 53 / 56 | pending 2 | failed 0
📼 Videos done      : 0 / 14
🧮 Current job index: 54 / 56
🎬 Current video    : turbulence / turbulence2
🧪 Current pipeline : ASMAG_TR_CONTROLLER
🧩 Video progress   : 1 / 6 pipelines
🖼 Frame progress   : 1 / 100
📊 Job progress     : 1.00%

Progress bar job:
[░░░░░░░░░░░░░░░░░░░░] 1.00%

Progress bar overall:
[███████████████████░] 94.64%

⚡ FPS current      : 4.35
⚡ FPS average      : 4.35
⏱ Avg latency      : 230.13 ms
⏱ P95 latency      : 230.13 ms
🧠 CPU process      : 55.80 %
💾 RAM process      : 817.38 MB
🔋 Energy/frame     : 6.7000
🔋 Sim energy/frame : 0.0000

⌛ Runtime job      : 00:00:00
⌛ Runtime session  : 00:21:20
🕒 ETA current job  : 00:00:22
🕒 ETA all remain   : 00:01:04

✅ Last completed   : turbulence/turbulence2/P3_MOG2
➡️ Next pending     : turbulence/turbulence2/ONLINE_CALIBRATED

😄 Fun status line  : Đang tăng tốc, cố lên nào!
============================================================
============================================================
📡 [G2G3 LIVE STATUS]
🗂 Overall jobs     : completed 53 / 56 | pending 2 | failed 0
📼 Videos done      : 0 / 14
🧮 Current job index: 54 / 56
🎬 Current video    : turbulence / turbulence2
🧪 Current pipeline : ASMAG_TR_CONTROLLER
🧩 Video progress   : 1 / 6 pipelines
🖼 Frame progress   : 25 / 100
📊 Job progress     : 25.00%

Progress bar job:
[█████░░░░░░░░░░░░░░░] 25.00%

Progress bar overall:
[███████████████████░] 94.64%

⚡ FPS current      : 3.02
⚡ FPS average      : 71.65
⏱ Avg latency      : 156.23 ms
⏱ P95 latency      : 336.57 ms
🧠 CPU process      : 111.60 %
💾 RAM process      : 818.87 MB
🔋 Energy/frame     : 4.5000
🔋 Sim energy/frame : 0.0000

⌛ Runtime job      : 00:00:06
⌛ Runtime session  : 00:21:26
🕒 ETA current job  : 00:00:01
🕒 ETA all remain   : 00:01:04

✅ Last completed   : turbulence/turbulence2/P3_MOG2
➡️ Next pending     : turbulence/turbulence2/ONLINE_CALIBRATED

😄 Fun status line  : Sắp xong thêm một chặng nữa!
============================================================
============================================================
📡 [G2G3 LIVE STATUS]
🗂 Overall jobs     : completed 53 / 56 | pending 2 | failed 0
📼 Videos done      : 0 / 14
🧮 Current job index: 54 / 56
🎬 Current video    : turbulence / turbulence2
🧪 Current pipeline : ASMAG_TR_CONTROLLER
🧩 Video progress   : 1 / 6 pipelines
🖼 Frame progress   : 50 / 100
📊 Job progress     : 50.00%

Progress bar job:
[██████████░░░░░░░░░░] 50.00%

Progress bar overall:
[███████████████████░] 94.64%

⚡ FPS current      : 181.46
⚡ FPS average      : 53.41
⏱ Avg latency      : 205.53 ms
⏱ P95 latency      : 401.57 ms
🧠 CPU process      : 24.80 %
💾 RAM process      : 818.91 MB
🔋 Energy/frame     : 5.0000
🔋 Sim energy/frame : 0.0000

⌛ Runtime job      : 00:00:14
⌛ Runtime session  : 00:21:34
🕒 ETA current job  : 00:00:00
🕒 ETA all remain   : 00:01:04

✅ Last completed   : turbulence/turbulence2/P3_MOG2
➡️ Next pending     : turbulence/turbulence2/ONLINE_CALIBRATED

😄 Fun status line  : Thêm một ít nữa là chạm mốc mới!
============================================================
============================================================
📡 [G2G3 LIVE STATUS]
🗂 Overall jobs     : completed 53 / 56 | pending 2 | failed 0
📼 Videos done      : 0 / 14
🧮 Current job index: 54 / 56
🎬 Current video    : turbulence / turbulence2
🧪 Current pipeline : ASMAG_TR_CONTROLLER
🧩 Video progress   : 1 / 6 pipelines
🖼 Frame progress   : 75 / 100
📊 Job progress     : 75.00%

Progress bar job:
[███████████████░░░░░] 75.00%

Progress bar overall:
[███████████████████░] 94.64%

⚡ FPS current      : 128.41
⚡ FPS average      : 94.27
⏱ Avg latency      : 139.02 ms
⏱ P95 latency      : 370.47 ms
🧠 CPU process      : 18.60 %
💾 RAM process      : 818.91 MB
🔋 Energy/frame     : 3.9000
🔋 Sim energy/frame : 0.0000

⌛ Runtime job      : 00:00:15
⌛ Runtime session  : 00:21:35
🕒 ETA current job  : 00:00:00
🕒 ETA all remain   : 00:01:04

✅ Last completed   : turbulence/turbulence2/P3_MOG2
➡️ Next pending     : turbulence/turbulence2/ONLINE_CALIBRATED

😄 Fun status line  : Sắp xong thêm một chặng nữa!
============================================================
============================================================
📡 [G2G3 LIVE STATUS]
🗂 Overall jobs     : completed 53 / 56 | pending 2 | failed 0
📼 Videos done      : 0 / 14
🧮 Current job index: 54 / 56
🎬 Current video    : turbulence / turbulence2
🧪 Current pipeline : ASMAG_TR_CONTROLLER
🧩 Video progress   : 1 / 6 pipelines
🖼 Frame progress   : 100 / 100
📊 Job progress     : 100.00%

Progress bar job:
[████████████████████] 100.00%

Progress bar overall:
[███████████████████░] 94.64%

⚡ FPS current      : 3.51
⚡ FPS average      : 89.35
⏱ Avg latency      : 138.62 ms
⏱ P95 latency      : 360.32 ms
🧠 CPU process      : 87.90 %
💾 RAM process      : 818.93 MB
🔋 Energy/frame     : 4.1000
🔋 Sim energy/frame : 0.0000

⌛ Runtime job      : 00:00:20
⌛ Runtime session  : 00:21:40
🕒 ETA current job  : 00:00:00
🕒 ETA all remain   : 00:01:04

✅ Last completed   : turbulence/turbulence2/P3_MOG2
➡️ Next pending     : turbulence/turbulence2/ONLINE_CALIBRATED

😄 Fun status line  : Edge profiling vẫn đang ổn định!
============================================================
[JOB PROGRESS] completed=54 | pending=2 | running=0 | failed=0 | current_job=-
[JOB COMPLETED]
turbulence/turbulence2/ASMAG_TR_CONTROLLER
frames_done=100
runtime_seconds=13.862184524536133
avg_fps=89.34728364848947
p95_latency_ms=360.317063331604
activation=0.48
energy_per_frame=4.1000000000000005
simulated_runtime_energy_per_frame=4.327318276610152
    EventF1=0.899 | FMeasure=0.765 | Activation=0.480 | ROI=500-4500 | EvalFrames=100 | SkippedBeforeROI=499
  - Running ONLINE_CALIBRATED ...
============================================================
🚀 [G2G3 SINGLE-JOB RUN STARTED]
🎯 Current mission : turbulence / turbulence2 / ONLINE_CALIBRATED
📦 Job type        : 1 video + 1 pipeline
📍 Output folder   : outputs\guarded_v2_residual_risk_subset_dryrun
🧠 Mode            : CPU Edge Simulation
============================================================
============================================================
📡 [G2G3 LIVE STATUS]
🗂 Overall jobs     : completed 54 / 56 | pending 1 | failed 0
📼 Videos done      : 0 / 14
🧮 Current job index: 55 / 56
🎬 Current video    : turbulence / turbulence2
🧪 Current pipeline : ONLINE_CALIBRATED
🧩 Video progress   : 2 / 6 pipelines
🖼 Frame progress   : 1 / 100
📊 Job progress     : 1.00%

Progress bar job:
[░░░░░░░░░░░░░░░░░░░░] 1.00%

Progress bar overall:
[███████████████████░] 96.43%

⚡ FPS current      : 5.02
⚡ FPS average      : 5.02
⏱ Avg latency      : 199.28 ms
⏱ P95 latency      : 199.28 ms
🧠 CPU process      : 28.30 %
💾 RAM process      : 894.32 MB
🔋 Energy/frame     : 6.7000
🔋 Sim energy/frame : 0.0000

⌛ Runtime job      : 00:00:04
⌛ Runtime session  : 00:21:45
🕒 ETA current job  : 00:00:19
🕒 ETA all remain   : 00:00:42

✅ Last completed   : turbulence/turbulence2/ASMAG_TR_CONTROLLER
➡️ Next pending     : turbulence/turbulence2/ASMAG_TR_CONTROLLER_ONLINE_GUARDED

😄 Fun status line  : Một pipeline xong là gần bài báo hơn một bước!
============================================================
============================================================
📡 [G2G3 LIVE STATUS]
🗂 Overall jobs     : completed 54 / 56 | pending 1 | failed 0
📼 Videos done      : 0 / 14
🧮 Current job index: 55 / 56
🎬 Current video    : turbulence / turbulence2
🧪 Current pipeline : ONLINE_CALIBRATED
🧩 Video progress   : 2 / 6 pipelines
🖼 Frame progress   : 25 / 100
📊 Job progress     : 25.00%

Progress bar job:
[█████░░░░░░░░░░░░░░░] 25.00%

Progress bar overall:
[███████████████████░] 96.43%

⚡ FPS current      : 4.51
⚡ FPS average      : 9.99
⏱ Avg latency      : 177.75 ms
⏱ P95 latency      : 344.93 ms
🧠 CPU process      : 131.93 %
💾 RAM process      : 894.28 MB
🔋 Energy/frame     : 4.5000
🔋 Sim energy/frame : 0.0000

⌛ Runtime job      : 00:00:14
⌛ Runtime session  : 00:21:55
🕒 ETA current job  : 00:00:07
🕒 ETA all remain   : 00:00:42

✅ Last completed   : turbulence/turbulence2/ASMAG_TR_CONTROLLER
➡️ Next pending     : turbulence/turbulence2/ASMAG_TR_CONTROLLER_ONLINE_GUARDED

😄 Fun status line  : Thêm một ít nữa là chạm mốc mới!
============================================================
============================================================
📡 [G2G3 LIVE STATUS]
🗂 Overall jobs     : completed 54 / 56 | pending 1 | failed 0
📼 Videos done      : 0 / 14
🧮 Current job index: 55 / 56
🎬 Current video    : turbulence / turbulence2
🧪 Current pipeline : ONLINE_CALIBRATED
🧩 Video progress   : 2 / 6 pipelines
🖼 Frame progress   : 50 / 100
📊 Job progress     : 50.00%

Progress bar job:
[██████████░░░░░░░░░░] 50.00%

Progress bar overall:
[███████████████████░] 96.43%

⚡ FPS current      : 22.72
⚡ FPS average      : 12.65
⏱ Avg latency      : 161.78 ms
⏱ P95 latency      : 341.27 ms
🧠 CPU process      : 24.98 %
💾 RAM process      : 894.28 MB
🔋 Energy/frame     : 4.2400
🔋 Sim energy/frame : 0.0000

⌛ Runtime job      : 00:00:23
⌛ Runtime session  : 00:22:05
🕒 ETA current job  : 00:00:03
🕒 ETA all remain   : 00:00:42

✅ Last completed   : turbulence/turbulence2/ASMAG_TR_CONTROLLER
➡️ Next pending     : turbulence/turbulence2/ASMAG_TR_CONTROLLER_ONLINE_GUARDED

😄 Fun status line  : YOLO nghỉ ít thôi, còn nhiều video phía trước 😄
============================================================
============================================================
📡 [G2G3 LIVE STATUS]
🗂 Overall jobs     : completed 54 / 56 | pending 1 | failed 0
📼 Videos done      : 0 / 14
🧮 Current job index: 55 / 56
🎬 Current video    : turbulence / turbulence2
🧪 Current pipeline : ONLINE_CALIBRATED
🧩 Video progress   : 2 / 6 pipelines
🖼 Frame progress   : 75 / 100
📊 Job progress     : 75.00%

Progress bar job:
[███████████████░░░░░] 75.00%

Progress bar overall:
[███████████████████░] 96.43%

⚡ FPS current      : 26.18
⚡ FPS average      : 15.38
⏱ Avg latency      : 133.56 ms
⏱ P95 latency      : 314.34 ms
🧠 CPU process      : 25.02 %
💾 RAM process      : 894.38 MB
🔋 Energy/frame     : 3.7667
🔋 Sim energy/frame : 0.0000

⌛ Runtime job      : 00:00:30
⌛ Runtime session  : 00:22:11
🕒 ETA current job  : 00:00:01
🕒 ETA all remain   : 00:00:42

✅ Last completed   : turbulence/turbulence2/ASMAG_TR_CONTROLLER
➡️ Next pending     : turbulence/turbulence2/ASMAG_TR_CONTROLLER_ONLINE_GUARDED

😄 Fun status line  : Sắp xong thêm một chặng nữa!
============================================================
============================================================
📡 [G2G3 LIVE STATUS]
🗂 Overall jobs     : completed 54 / 56 | pending 1 | failed 0
📼 Videos done      : 0 / 14
🧮 Current job index: 55 / 56
🎬 Current video    : turbulence / turbulence2
🧪 Current pipeline : ONLINE_CALIBRATED
🧩 Video progress   : 2 / 6 pipelines
🖼 Frame progress   : 100 / 100
📊 Job progress     : 100.00%

Progress bar job:
[████████████████████] 100.00%

Progress bar overall:
[███████████████████░] 96.43%

⚡ FPS current      : 11.43
⚡ FPS average      : 16.10
⏱ Avg latency      : 122.29 ms
⏱ P95 latency      : 309.11 ms
🧠 CPU process      : 17.88 %
💾 RAM process      : 895.25 MB
🔋 Energy/frame     : 3.5300
🔋 Sim energy/frame : 0.0000

⌛ Runtime job      : 00:00:37
⌛ Runtime session  : 00:22:19
🕒 ETA current job  : 00:00:00
🕒 ETA all remain   : 00:00:42

✅ Last completed   : turbulence/turbulence2/ASMAG_TR_CONTROLLER
➡️ Next pending     : turbulence/turbulence2/ASMAG_TR_CONTROLLER_ONLINE_GUARDED

😄 Fun status line  : Progress đang đẹp lên từng frame!
============================================================
[JOB PROGRESS] completed=55 | pending=1 | running=0 | failed=0 | current_job=-
[JOB COMPLETED]
turbulence/turbulence2/ONLINE_CALIBRATED
frames_done=100
runtime_seconds=12.228916883468628
avg_fps=16.1006764610169
p95_latency_ms=309.1096520423889
activation=0.35
energy_per_frame=3.5299999999999994
simulated_runtime_energy_per_frame=3.574603640149381
    EventF1=0.539 | FMeasure=0.349 | Activation=0.350 | ROI=500-4500 | EvalFrames=100 | SkippedBeforeROI=499
  - Running ASMAG_TR_CONTROLLER_ONLINE_GUARDED ...
============================================================
🚀 [G2G3 SINGLE-JOB RUN STARTED]
🎯 Current mission : turbulence / turbulence2 / ASMAG_TR_CONTROLLER_ONLINE_GUARDED
📦 Job type        : 1 video + 1 pipeline
📍 Output folder   : outputs\guarded_v2_residual_risk_subset_dryrun
🧠 Mode            : CPU Edge Simulation
============================================================
============================================================
📡 [G2G3 LIVE STATUS]
🗂 Overall jobs     : completed 55 / 56 | pending 0 | failed 0
📼 Videos done      : 0 / 14
🧮 Current job index: 56 / 56
🎬 Current video    : turbulence / turbulence2
🧪 Current pipeline : ASMAG_TR_CONTROLLER_ONLINE_GUARDED
🧩 Video progress   : 2 / 6 pipelines
🖼 Frame progress   : 1 / 100
📊 Job progress     : 1.00%

Progress bar job:
[░░░░░░░░░░░░░░░░░░░░] 1.00%

Progress bar overall:
[████████████████████] 98.21%

⚡ FPS current      : 4.58
⚡ FPS average      : 4.58
⏱ Avg latency      : 218.19 ms
⏱ P95 latency      : 218.19 ms
🧠 CPU process      : 29.73 %
💾 RAM process      : 813.50 MB
🔋 Energy/frame     : 6.8000
🔋 Sim energy/frame : 0.0000

⌛ Runtime job      : 00:00:03
⌛ Runtime session  : 00:22:23
🕒 ETA current job  : 00:00:21
🕒 ETA all remain   : 00:00:21

✅ Last completed   : turbulence/turbulence2/ONLINE_CALIBRATED
➡️ Next pending     : -

😄 Fun status line  : Thêm một ít nữa là chạm mốc mới!
============================================================
============================================================
📡 [G2G3 LIVE STATUS]
🗂 Overall jobs     : completed 55 / 56 | pending 0 | failed 0
📼 Videos done      : 0 / 14
🧮 Current job index: 56 / 56
🎬 Current video    : turbulence / turbulence2
🧪 Current pipeline : ASMAG_TR_CONTROLLER_ONLINE_GUARDED
🧩 Video progress   : 2 / 6 pipelines
🖼 Frame progress   : 25 / 100
📊 Job progress     : 25.00%

Progress bar job:
[█████░░░░░░░░░░░░░░░] 25.00%

Progress bar overall:
[████████████████████] 98.21%

⚡ FPS current      : 59.21
⚡ FPS average      : 43.79
⏱ Avg latency      : 66.36 ms
⏱ P95 latency      : 280.32 ms
🧠 CPU process      : 21.50 %
💾 RAM process      : 813.51 MB
🔋 Energy/frame     : 2.5840
🔋 Sim energy/frame : 0.0000

⌛ Runtime job      : 00:00:06
⌛ Runtime session  : 00:22:27
🕒 ETA current job  : 00:00:01
🕒 ETA all remain   : 00:00:21

✅ Last completed   : turbulence/turbulence2/ONLINE_CALIBRATED
➡️ Next pending     : -

😄 Fun status line  : Bình tĩnh, video dài nhưng chúng ta bền bỉ!
============================================================
============================================================
📡 [G2G3 LIVE STATUS]
🗂 Overall jobs     : completed 55 / 56 | pending 0 | failed 0
📼 Videos done      : 0 / 14
🧮 Current job index: 56 / 56
🎬 Current video    : turbulence / turbulence2
🧪 Current pipeline : ASMAG_TR_CONTROLLER_ONLINE_GUARDED
🧩 Video progress   : 2 / 6 pipelines
🖼 Frame progress   : 50 / 100
📊 Job progress     : 50.00%

Progress bar job:
[██████████░░░░░░░░░░] 50.00%

Progress bar overall:
[████████████████████] 98.21%

⚡ FPS current      : 59.97
⚡ FPS average      : 50.81
⏱ Avg latency      : 49.54 ms
⏱ P95 latency      : 241.51 ms
🧠 CPU process      : 21.88 %
💾 RAM process      : 815.46 MB
🔋 Energy/frame     : 2.3960
🔋 Sim energy/frame : 0.0000

⌛ Runtime job      : 00:00:09
⌛ Runtime session  : 00:22:30
🕒 ETA current job  : 00:00:00
🕒 ETA all remain   : 00:00:21

✅ Last completed   : turbulence/turbulence2/ONLINE_CALIBRATED
➡️ Next pending     : -

😄 Fun status line  : Pipeline đang làm việc rất chăm chỉ...
============================================================
============================================================
📡 [G2G3 LIVE STATUS]
🗂 Overall jobs     : completed 55 / 56 | pending 0 | failed 0
📼 Videos done      : 0 / 14
🧮 Current job index: 56 / 56
🎬 Current video    : turbulence / turbulence2
🧪 Current pipeline : ASMAG_TR_CONTROLLER_ONLINE_GUARDED
🧩 Video progress   : 2 / 6 pipelines
🖼 Frame progress   : 75 / 100
📊 Job progress     : 75.00%

Progress bar job:
[███████████████░░░░░] 75.00%

Progress bar overall:
[████████████████████] 98.21%

⚡ FPS current      : 71.38
⚡ FPS average      : 48.12
⏱ Avg latency      : 53.96 ms
⏱ P95 latency      : 265.77 ms
🧠 CPU process      : 20.02 %
💾 RAM process      : 822.39 MB
🔋 Energy/frame     : 2.5373
🔋 Sim energy/frame : 0.0000

⌛ Runtime job      : 00:00:12
⌛ Runtime session  : 00:22:33
🕒 ETA current job  : 00:00:00
🕒 ETA all remain   : 00:00:21

✅ Last completed   : turbulence/turbulence2/ONLINE_CALIBRATED
➡️ Next pending     : -

😄 Fun status line  : Edge profiling vẫn đang ổn định!
============================================================
============================================================
📡 [G2G3 LIVE STATUS]
🗂 Overall jobs     : completed 55 / 56 | pending 0 | failed 0
📼 Videos done      : 0 / 14
🧮 Current job index: 56 / 56
🎬 Current video    : turbulence / turbulence2
🧪 Current pipeline : ASMAG_TR_CONTROLLER_ONLINE_GUARDED
🧩 Video progress   : 2 / 6 pipelines
🖼 Frame progress   : 100 / 100
📊 Job progress     : 100.00%

Progress bar job:
[████████████████████] 100.00%

Progress bar overall:
[████████████████████] 98.21%

⚡ FPS current      : 97.92
⚡ FPS average      : 46.74
⏱ Avg latency      : 58.74 ms
⏱ P95 latency      : 261.09 ms
🧠 CPU process      : 25.05 %
💾 RAM process      : 829.63 MB
🔋 Energy/frame     : 2.7060
🔋 Sim energy/frame : 0.0000

⌛ Runtime job      : 00:00:16
⌛ Runtime session  : 00:22:37
🕒 ETA current job  : 00:00:00
🕒 ETA all remain   : 00:00:21

✅ Last completed   : turbulence/turbulence2/ONLINE_CALIBRATED
➡️ Next pending     : -

😄 Fun status line  : Progress đang đẹp lên từng frame!
============================================================
[JOB PROGRESS] completed=56 | pending=0 | running=0 | failed=0 | current_job=-
[JOB COMPLETED]
turbulence/turbulence2/ASMAG_TR_CONTROLLER_ONLINE_GUARDED
frames_done=100
runtime_seconds=5.873915910720825
avg_fps=46.74087665076113
p95_latency_ms=261.08853816986084
activation=0.18
energy_per_frame=2.706000000000001
simulated_runtime_energy_per_frame=2.720190549074311
    EventF1=0.742 | FMeasure=0.696 | Activation=0.180 | ROI=500-4500 | EvalFrames=100 | SkippedBeforeROI=499

[DONE] Summary files:
 - outputs\guarded_v2_residual_risk_subset_dryrun\summary_event_metrics.csv
 - outputs\guarded_v2_residual_risk_subset_dryrun\summary_pixel_metrics.csv
 - outputs\guarded_v2_residual_risk_subset_dryrun\summary_cdnet_metrics.csv
 - outputs\guarded_v2_residual_risk_subset_dryrun\summary_edge_energy_metrics.csv
 - outputs\guarded_v2_residual_risk_subset_dryrun\summary_object_metrics.csv
 - outputs\guarded_v2_residual_risk_subset_dryrun\summary_edge_metrics.csv
 - outputs\guarded_v2_residual_risk_subset_dryrun\summary_pareto_metrics.csv
 - outputs\guarded_v2_residual_risk_subset_dryrun\summary_research_metrics.csv
 - outputs\guarded_v2_residual_risk_subset_dryrun\asmag_tr_final_comparison.csv
 - outputs\guarded_v2_residual_risk_subset_dryrun\asmag_ablation_table.csv
 - outputs\guarded_v2_residual_risk_subset_dryrun\charts

[AUTO CONCLUSION]
 - Best accuracy: ASMAG_TR_CONTROLLER (FMeasure=0.4029, Event_F1=0.6934)
 - Best activation saving: ASMAG_TR_CONTROLLER_ONLINE_GUARDED (Activation=0.4286, Avg_FPS=26.13)
 - Best Research Score: P3_MOG2 (Research_Score=0.5219)

[FINAL PIPELINE SUMMARY]
                          Pipeline  FMeasure  Event_F1  mAP_50  mAP_50_95_proxy  Activation  Avg_FPS  P95_latency_ms  Estimated_energy_per_frame  Energy_reduction_rate_vs_P1  Reuse_rate  AE_Score  Pareto_Efficient
                           P3_MOG2    0.3936    0.6701  0.2750           0.1467      0.6714  91.0022        397.0838                      5.0571                       0.0000      0.0000    0.4702              True
               ASMAG_TR_CONTROLLER    0.3870    0.6934  0.2712           0.1459      0.6271  62.8344        422.9849                      4.8701                       0.0000      0.0579    0.4512              True
ASMAG_TR_CONTROLLER_ONLINE_GUARDED    0.3149    0.6524  0.1824           0.0876      0.4286  26.1322        412.0253                      3.9444                       0.0000      0.2014    0.4037              True
                 ONLINE_CALIBRATED    0.3880    0.6553  0.2206           0.1247      0.5643  14.6257        482.3247                      4.6029                       0.0000      0.1579    0.3909              True
[END PROGRESS] completed=56 | pending=0 | running=0 | failed=0 | current_job=-
[G2G3 FINAL PROGRESS]
completed=56 / total=56
pending=0
running=0
failed=0
completed_videos=0 / 14
last_completed_job=turbulence/turbulence2/ASMAG_TR_CONTROLLER_ONLINE_GUARDED
next_pending_job=-
resume_command=python src/run_experiment.py --config configs/guarded_v2_residual_risk_subset_dryrun.yaml --max-jobs-per-run 30
[NEXT_RESUME_COMMAND] python src/run_experiment.py --config configs/guarded_v2_residual_risk_subset_dryrun.yaml --max-jobs-per-run 30
