category,video,Pipeline,Event_TP,Event_TN,Event_FP,Event_FN,Event_Accuracy,Event_Precision,Event_Recall,Event_F1,MCC,TP_pixel,TN_pixel,FP_pixel,FN_pixel,Recall,Specificity,FPR,FNR,Precision,CDnet_FMeasure,PWC,avg_CPU,avg_process_cpu_percent,max_process_cpu_percent,median_CPU,avg_RAM,avg_ram_mb,max_ram_mb,avg_FPS,median_FPS,avg_latency_ms,median_latency_ms,P95_latency_ms,P99_latency_ms,Activation,processed_frames,temporal_roi_start,temporal_roi_end,evaluated_frames,skipped_frames_before_roi,warmup_frames,reused_prediction_count,reused_prediction_rate,Energy/frame,simulated_runtime_energy/frame,runtime_seconds,CPU_reduction_rate,EE_Gate_Score,mAP_50
badWeather,blizzard,P1_YOLO_Only,1574,3574,711,242,0.843796099000164,0.6888402625820569,0.8667400881057269,0.7676176542306755,0.6620455157446207,9876139,1036858784,2079441,2380380,0.8057866185333699,0.9979984940875576,0.0020015059124424,0.1942133814666301,0.8260694169584412,0.8158019674378499,0.4242621098950244,161.27575397475823,161.27575397475823,196.275,164.725,1.7465232493662088,572.3007582004999,584.40625,2.3311472695242115,2.2513745325408467,460.3318805441351,444.1730976104736,584.7251415252686,722.9137420654297,1.0,6101,900,7000,6101,899,0,0,0.0,6.200000000000002,7.886204971855461,2808.484803199768,0.0,0.843796099000164,0.3510036326023753
badWeather,skating,P1_YOLO_Only,863,0,2238,0,0.2782973234440503,0.2782973234440503,1.0,0.4354187689202825,0.0,12919285,273106988,10664767,1854391,0.8744800549301338,0.962417799474088,0.0375822005259121,0.1255199450698661,0.5477975116404933,0.6736209715027959,4.19338455727363,163.23617381489842,163.23617381489842,206.5,165.975,1.699495607712545,556.8908114317962,563.046875,4.47771490806839,4.56068677181365,232.72147558458929,219.26522254943848,324.7954845428467,444.64111328125,1.0,3101,800,3900,3101,799,0,0,0.0,6.200000000000001,7.804862545498842,721.6692957878113,0.0,0.2782973234440503,0.3112605500977566
badWeather,snowFall,P1_YOLO_Only,682,3904,927,188,0.8044202771443606,0.4238657551274083,0.7839080459770115,0.5502218636546995,0.4730100651887817,7235654,975432395,265841,521181,0.9328100958702872,0.999727537685125,0.0002724623148749,0.0671899041297127,0.964561597388254,0.948420174422758,0.0800262282647785,164.59657954744785,164.59657954744785,196.975,167.225,2.114830632269163,692.9877077486406,702.2734375,4.453275121968425,4.547154060810796,227.27115086098968,219.91777420043945,284.9841117858887,332.3538303375244,1.0,5701,800,6500,5701,799,0,0,0.0,6.200000000000002,7.87096113908528,1295.6728310585022,0.0,0.8044202771443606,0.342149406969359
badWeather,wetSnow,P1_YOLO_Only,870,82,2033,16,0.3172275908030656,0.2996899758870134,0.981941309255079,0.4592240696753761,0.0531566275776724,3892229,460263243,576368,2122634,0.6471018541901952,0.9987493089000112,0.0012506910999887,0.3528981458098048,0.871018129403927,0.7425466401359856,0.5781249083627717,166.87497500833055,166.87497500833055,200.125,167.2,2.0867521426789724,683.7869421130456,687.87109375,4.760503850897825,4.789664028393318,212.04079432870412,208.7829113006592,245.27740478515625,292.9220199584961,1.0,3001,500,3500,3001,499,0,0,0.0,6.200000000000001,7.996963668346815,636.3344237804413,0.0,0.3172275908030656,0.064969400343235
baseline,highway,P1_YOLO_Only,1219,0,0,12,0.9902518277822908,1.0,0.9902518277822908,0.9951020408163264,0.0,5336431,86131420,161291,121558,0.9777284270818428,0.9981308850060348,0.0018691149939651,0.0222715729181572,0.9706622124581782,0.9741825062745814,0.3082799368288198,168.27355808285947,168.27355808285947,200.125,168.35,2.278886095088832,746.7453956387084,748.54296875,4.778962149852135,4.744618009011179,210.98260294606683,210.7651233673096,243.0139780044556,284.88407135009766,1.0,1231,470,1700,1231,469,0,0,0.0,6.200000000000002,8.109840335783478,259.7195842266083,0.0,0.9902518277822908,0.810996233363361
baseline,office,P1_YOLO_Only,1460,0,21,0,0.9858203916272787,0.9858203916272787,1.0,0.9928595715742944,0.0,8211658,112967776,3570910,430436,0.9501930897766212,0.9693585870703914,0.0306414129296086,0.0498069102233787,0.6969327908822592,0.8040924251280144,3.196453960424276,168.72484807562458,168.72484807562458,191.875,169.325,2.3750091548870738,778.2429998733963,779.6796875,5.157163996423912,5.310542955430884,196.3937751028201,188.30466270446777,233.74509811401367,275.1795768737793,1.0,1481,570,2050,1481,569,0,0,0.0,6.2,7.971953062340602,290.8591809272766,0.0,0.9858203916272787,0.6063231020430718
baseline,pedestrians,P1_YOLO_Only,634,0,166,0,0.7925,0.7925,1.0,0.8842398884239888,0.0,622648,65404720,2151849,48214,0.9281312699184034,0.9681474498801146,0.0318525501198854,0.0718687300815965,0.2244183360082926,0.3614415798179521,3.224601846726429,168.79256249999997,168.79256249999997,197.225,169.45,2.492687225341797,816.80375,817.30078125,5.076066009372977,5.120059376239804,198.02107334136963,195.3102350234985,222.9732871055603,240.452344417572,1.0,800,300,1099,800,299,0,0,0.0,6.200000000000002,7.988314956151737,158.4168586730957,0.0,0.7925,0.4622392354987547
baseline,PETS2006,P1_YOLO_Only,896,0,0,5,0.9944506104328524,1.0,0.9944506104328524,0.9972175848636616,0.0,4374310,298322196,68391108,453880,0.9059937574950448,0.8135025174870667,0.1864974825129333,0.0940062425049552,0.0601152322109934,0.1127492357360157,18.529555678645146,167.5163984461709,167.5163984461709,190.3,168.05,2.63083723356139,862.0727533643175,865.48828125,4.557033920491337,4.707586251791593,221.6991319772803,212.42308616638184,271.0452079772949,308.4368705749512,1.0,901,300,1200,901,299,0,0,0.0,6.200000000000003,8.300384896338512,199.7509179115296,0.0,0.9944506104328524,0.3797239950178526
cameraJitter,badminton,P1_YOLO_Only,349,0,0,2,0.9943019943019944,1.0,0.9943019943019944,0.9971428571428572,0.0,3847157,114415867,1012475,251150,0.9387185977038812,0.991228540733956,0.008771459266044,0.0612814022961188,0.7916560348602528,0.8589379766930765,1.057191020221775,167.30121082621085,167.30121082621085,186.65,169.45,1.9894947693218872,651.917646011396,653.8046875,5.409757392461828,5.539550634215406,186.70186901364232,180.52005767822263,239.39979076385492,269.5190906524658,1.0,351,800,1150,351,799,0,0,0.0,6.200000000000002,8.302056189628502,65.53235602378845,0.0,0.9943019943019944,0.7220675244013859
cameraJitter,boulevard,P1_YOLO_Only,896,238,473,104,0.6627703097603741,0.6544923301680059,0.896,0.756437315322921,0.2843429998431935,4651969,87029271,24455428,838753,0.847241765290612,0.7806387045095758,0.2193612954904242,0.1527582347093879,0.159820852410815,0.2689145615112775,21.623500718155142,165.80251315020453,165.80251315020453,194.275,168.425,2.023470889469952,663.0509958540327,665.40625,5.201610397018259,5.3496387278629145,193.97817669661683,186.92851066589355,241.55139923095703,273.66347312927263,1.0,1711,790,2500,1711,789,0,0,0.0,6.200000000000003,8.203662327512344,331.8966603279114,0.0,0.6627703097603741,0.546751658577208
cameraJitter,sidewalk,P1_YOLO_Only,399,0,0,2,0.9950124688279302,1.0,0.9950124688279302,0.9975,0.0,175774,9799726,23430,87455,0.6677607710396651,0.9976148195142172,0.0023851804857827,0.3322392289603349,0.8823818798819301,0.7602139120694241,1.099353237061643,166.00473815461345,166.00473815461345,188.575,167.675,1.9539666889314344,640.2758046290523,640.3125,5.202480701109441,5.335158230545065,194.20185826365787,187.43586540222168,243.95394325256348,280.6413173675537,1.0,401,800,1200,401,799,0,0,0.0,6.200000000000002,8.21524241982346,77.8749451637268,0.0,0.9950124688279302,0.0983338848336276
cameraJitter,traffic,P1_YOLO_Only,339,143,17,172,0.7183308494783904,0.952247191011236,0.6634050880626223,0.782006920415225,0.4757362736011886,2059021,46027765,914211,1101735,0.651433074871961,0.9805246587830048,0.0194753412169952,0.348566925128039,0.6925194535777901,0.6713482321778262,4.023624899336826,160.76363636363635,160.76363636363635,188.575,165.725,2.0172018940864485,660.9967341188525,662.1953125,4.682570271530362,4.99059304508818,230.3539871636517,200.3769874572754,337.34750747680664,649.8245477676357,1.0,671,900,1570,671,899,0,0,0.0,6.200000000000003,7.701010975047023,154.5675253868103,0.0,0.7183308494783904,0.5867481505610661
dynamicBackground,boats,P1_YOLO_Only,1154,264,4676,6,0.2324590163934426,0.1979416809605488,0.9948275862068966,0.3301859799713876,0.0920965893810484,1448630,245501561,217638,102221,0.9340871560195017,0.9991142816642504,0.0008857183357495,0.0659128439804984,0.8693859571209434,0.9005759500969657,0.1293561432126535,163.96581147540982,163.96581147540982,200.125,166.525,1.9666527490146823,644.4328349129098,661.16015625,4.314207324159036,4.493915606511971,240.1950553987847,222.52309322357172,327.318799495697,463.005623817444,1.0,6100,1900,7999,6100,1899,0,0,0.0,6.200000000000002,7.721273009814067,1465.189837932587,0.0,0.2324590163934426,0.0299512875508513
dynamicBackground,canoe,P1_YOLO_Only,245,143,0,2,0.9948717948717948,1.0,0.9919028340080972,0.9959349593495934,0.98905076492968,979005,28391595,28126,64364,0.9383113740201212,0.999010335112016,0.0009896648879839,0.0616886259798786,0.972073146393071,0.9548939283101684,0.313918193916524,163.59564102564104,163.59564102564104,188.575,165.725,2.033785703854683,666.4308994391025,666.74609375,4.750843308191005,4.854313742636274,212.7096500152197,206.0023546218872,266.9024348258972,309.19337511062633,1.0,390,800,1189,390,799,0,0,0.0,6.200000000000002,8.180483143713094,82.95676350593567,0.0,0.9948717948717948,0.8404935756727345
dynamicBackground,fall,P1_YOLO_Only,1093,0,1908,0,0.364211929356881,0.364211929356881,1.0,0.5339521250610649,0.0,16422691,965105362,51302643,1915306,0.8955553324607917,0.9495255421566656,0.0504744578433342,0.1044446675392083,0.2424896272936801,0.381642002678237,5.143092980996123,163.82587470843052,163.82587470843052,196.2,165.975,2.1157740037149684,693.2969374791736,699.4765625,4.912758914463079,5.051747146704438,205.4925043556699,197.9513168334961,256.99853897094727,294.62313652038574,1.0,3001,1000,4000,3001,999,0,0,0.0,6.200000000000001,7.892425280948189,616.6830055713654,0.0,0.364211929356881,0.0689155736883707
dynamicBackground,fountain01,P1_YOLO_Only,169,0,616,0,0.2152866242038216,0.2152866242038216,1.0,0.3542976939203354,0.0,74517,90607915,2675140,2986,0.9614724591306144,0.971322337159734,0.0286776628402661,0.0385275408693857,0.0271004710769379,0.0527150921773086,2.868583968831892,164.7914331210191,164.7914331210191,188.575,167.025,2.025868771182504,663.8366789410828,665.01171875,4.772859957042114,4.906691872959349,211.5918302232293,203.803300857544,263.0188465118408,301.9847011566161,1.0,785,400,1184,785,399,0,0,0.0,6.200000000000001,8.184561623650168,166.099586725235,0.0,0.2152866242038216,0.1003157346941895
dynamicBackground,fountain02,P1_YOLO_Only,151,796,4,49,0.947,0.9741935483870968,0.755,0.8507042253521127,0.8289475478158842,170757,123934943,27388,96472,0.6389912771443219,0.9997790619151876,0.0002209380848122,0.3610087228556781,0.8617779908652754,0.7338484745602463,0.0997025184666193,166.348025,166.348025,188.575,169.175,2.0756685733795166,680.155078125,680.578125,5.031456372952682,5.16132153235826,200.7397918701172,193.7488317489624,250.9902834892272,297.4982810020447,1.0,1000,500,1499,1000,499,0,0,0.0,6.200000000000002,8.18404673483151,200.7397918701172,0.0,0.947,0.2864184418793642
dynamicBackground,overpass,P1_YOLO_Only,581,1362,2,56,0.9710144927536232,0.9965694682675816,0.912087912087912,0.9524590163934424,0.9335605119272314,1966000,145535230,95149,11892,0.9939875382477912,0.9993466404423764,0.0006533595576236,0.0060124617522089,0.953836913294478,0.9734984121230756,0.0725169391083782,155.9730259870065,155.9730259870065,189.4,162.5,1.993085097694683,653.0941326211894,659.39453125,3.395753837822627,3.667872586956997,337.8726405420642,272.63760566711426,558.8014125823975,941.3490295410156,1.0,2001,1000,3000,2001,999,0,0,0.0,6.200000000000002,7.709021913083851,676.0831537246704,0.0,0.9710144927536232,0.7371114663195149
intermittentObjectMotion,abandonedBox,P1_YOLO_Only,2042,0,0,9,0.9956118966357874,1.0,0.9956118966357874,0.997801123870022,0.0,166425,14772929,34664,582379,0.2222544217178327,0.9976590388458138,0.0023409611541862,0.7777455782821673,0.8276186166324364,0.3504078880463379,3.966490441199206,163.83383715260848,163.83383715260848,192.8,167.225,1.7031197196852574,558.078340215139,564.8203125,5.01268592896298,5.237511550660573,206.8681043860158,190.93036651611328,287.1054410934448,410.3468656539917,1.0,2051,2450,4500,2051,2449,0,0,0.0,6.200000000000002,7.854467402568091,424.2864820957184,0.0,0.9956118966357874,0.0013270472500911
intermittentObjectMotion,parking,P1_YOLO_Only,629,0,772,0,0.4489650249821556,0.4489650249821556,1.0,0.6197044334975369,0.0,222865,2524828,164362,2526,0.9887928089409072,0.9388804807395535,0.0611195192604464,0.0112071910590928,0.5755409617614474,0.7275822780264374,5.725968844235243,164.74548536759457,164.74548536759457,185.95,167.4,2.154327281282086,705.9299635305139,708.5625,4.012881484177538,4.027183921620589,253.7419687076435,248.3124732971192,314.4340515136719,368.47972869873047,1.0,1401,1100,2500,1401,1099,0,0,0.0,6.2,7.75741170704483,355.49249815940857,0.0,0.4489650249821556,0.3813606665816728
intermittentObjectMotion,sofa,P1_YOLO_Only,2247,0,4,0,0.998223011994669,0.998223011994669,1.0,0.9991107158737216,0.0,5611355,120640903,41187995,1777325,0.7594529740088892,0.7454843015738759,0.2545156984261241,0.2405470259911107,0.1199024131745419,0.207106809382072,25.39057733115646,163.27312305641937,163.27312305641937,187.675,166.475,2.037022289621836,667.4914760106619,671.4609375,3.731852073144484,3.837420093851698,271.8751720723339,260.5917453765869,343.9263105392456,415.6463146209717,1.0,2251,500,2750,2251,499,0,0,0.0,6.200000000000002,7.909216664137179,611.9910123348236,0.0,0.998223011994669,0.0252315017298817
intermittentObjectMotion,streetLight,P1_YOLO_Only,2466,8,540,12,0.8175809649702578,0.8203592814371258,0.9951573849878934,0.8993435448577679,0.0463660290757785,503894,6713016,7112981,201051,0.714799026874437,0.4855357628097272,0.5144642371902728,0.285200973125563,0.0661549519980306,0.1211018743496014,50.33419030920363,160.3256196298744,160.3256196298744,192.8,164.575,1.7093247636138251,560.1115733951586,566.87109375,3.94003140347106,3.803112091175912,272.6354920462276,262.9425525665283,329.28723096847534,507.2264075279236,1.0,3026,175,3200,3026,174,0,0,0.0,6.200000000000001,7.667906075350136,824.9949989318848,0.0,0.8175809649702578,0.0001533475244838
intermittentObjectMotion,tramstop,P1_YOLO_Only,1728,0,0,153,0.9186602870813396,1.0,0.9186602870813396,0.9576059850374066,0.0,480943,6571029,27696,965268,0.3325538251334003,0.995802825545844,0.0041971744541559,0.6674461748665997,0.94554880770055,0.4920510525104228,12.34272093649968,161.46366294524188,161.46366294524188,198.2,164.4,1.918845288237633,628.7672074362041,630.140625,4.134858001849886,4.130150374236977,247.35620362780185,242.12193489074707,321.66004180908203,399.0591049194336,1.0,1881,1320,3200,1881,1319,0,0,0.0,6.200000000000002,7.870370529367873,465.27701902389526,0.0,0.9186602870813396,0.0002427207974403
intermittentObjectMotion,winterDriveway,P1_YOLO_Only,1110,0,391,0,0.7395069953364424,0.7395069953364424,1.0,0.8502489467636921,0.0,675377,75901886,15366662,15993,0.97686766854217,0.8316324480148408,0.1683675519851592,0.0231323314578301,0.0421004462088641,0.080721985579866,16.72756493758509,161.41807128580948,161.41807128580948,190.9,164.35,2.0462450943018577,670.5135925008328,672.2734375,3.7914893903855615,3.849083545855744,268.7764436224951,259.80210304260254,344.3429470062256,432.6095581054688,1.0,1501,1000,2500,1501,999,0,0,0.0,6.200000000000002,7.888719634119572,403.4334418773651,0.0,0.7395069953364424,0.0623718960152189
lowFramerate,port_0_17fps,P1_YOLO_Only,194,35,1763,9,0.1144427786106946,0.0991313234542667,0.955665024630542,0.1796296296296296,-0.051200914940371,313,148903929,5015194,45478,0.0068354043370968,0.9674166932461016,0.0325833067538982,0.9931645956629032,6.240645262782008e-05,0.0001236836874651,3.286899507507276,164.66534232883558,164.66534232883558,203.625,167.675,1.733944298087925,568.1789046882809,572.6484375,4.607098614414415,4.761049852320531,222.19594224341685,210.0377082824707,298.1274127960205,359.54999923706055,1.0,2001,1000,3000,2001,999,0,0,0.0,6.200000000000002,8.020923705122499,444.6140804290772,0.0,0.1144427786106946,0.0
lowFramerate,tramCrossroad_1fps,P1_YOLO_Only,146,5,348,2,0.3013972055888224,0.2955465587044534,0.9864864864864864,0.454828660436137,0.0025295787961087,297053,12405108,48538,58518,0.835425273714673,0.9961025068481952,0.0038974931518047,0.164574726285327,0.8595507406153516,0.8473163120648294,0.8357731780170482,162.19725548902193,162.19725548902193,193.65,164.95,2.098036026526354,687.4844451721557,688.70703125,4.576718447541846,4.675799086757991,223.041661961112,213.8671875,282.7341556549072,374.21607971191406,1.0,501,400,900,501,399,0,0,0.0,6.200000000000001,7.8821592194719186,111.74387264251708,0.0,0.3013972055888224,0.1620255302228213
lowFramerate,tunnelExit_0_35fps,P1_YOLO_Only,845,0,1156,0,0.4222888555722139,0.4222888555722139,1.0,0.5938158819395642,0.0,3266365,140560724,36314004,1720018,0.6550569821852834,0.7946908277365662,0.2053091722634338,0.3449430178147166,0.0825248748944205,0.1465830402000127,20.91377413833132,163.54341579210396,163.54341579210396,204.725,166.275,1.9901260383602144,652.1246037137681,656.80078125,5.002784594146275,5.1831634777816085,206.2311529934496,192.9323673248291,279.82521057128906,355.1592826843262,1.0,2001,2000,4000,2001,1999,0,0,0.0,6.200000000000002,7.827137499541248,412.6685371398926,0.0,0.4222888555722139,0.059289755892349
lowFramerate,turnpike_0_5fps,P1_YOLO_Only,350,29,322,0,0.5406562054208274,0.5208333333333334,1.0,0.684931506849315,0.2074411093904657,1550116,22379164,84036,255715,0.8583948331820641,0.9962589479682324,0.0037410520317675,0.1416051668179359,0.9485751631427188,0.9012346863342058,1.399936404547837,162.69450784593437,162.69450784593437,193.1,164.725,2.1609895579655056,708.1130583541369,712.2109375,3.895047048298353,3.980522099596947,260.0370313913778,251.2233257293701,328.7801742553711,388.5009288787842,1.0,701,800,1500,701,799,0,0,0.0,6.200000000000001,8.172921870727976,182.28595900535583,0.0,0.5406562054208274,0.4112975245291297
nightVideos,bridgeEntry,P1_YOLO_Only,260,489,289,463,0.4990006662225183,0.4735883424408014,0.359612724757953,0.4088050314465409,-0.0122960851383505,115831,41017336,78952,475655,0.1958305014827062,0.9980788532531212,0.0019211467468789,0.8041694985172937,0.5946668857138456,0.2946345334739129,1.3303828599723266,162.21264157228512,162.21264157228512,194.475,165.725,2.021518188822198,662.4110801132579,665.23046875,4.313639199667497,4.407202742901335,236.78833131072204,226.9012928009033,312.7439022064209,373.1269836425781,1.0,1501,1000,2500,1501,999,0,0,0.0,6.200000000000002,7.772330942593861,355.4192852973938,0.0,0.4990006662225183,0.0076461086320987
nightVideos,busyBoulvard,P1_YOLO_Only,223,666,805,337,0.4377154111275234,0.2169260700389105,0.3982142857142857,0.2808564231738035,-0.1332092151828262,12171,32136889,4428,1163799,0.0103497538202505,0.9998622333988368,0.0001377666011632,0.9896502461797496,0.7332369419844569,0.0204113975795111,3.506368930939665,162.19416543574593,162.19416543574593,187.275,165.275,2.151955230549484,705.152689946455,706.82421875,4.808512770232027,4.9628511252573535,211.29934403885767,201.49707794189453,279.807448387146,335.00485420227056,1.0,2031,730,2760,2031,729,0,0,0.0,6.200000000000002,7.9086098619582526,429.1489677429199,0.0,0.4377154111275234,3.443235298860756e-05
nightVideos,fluidHighway,P1_YOLO_Only,228,230,289,218,0.4746113989637305,0.4410058027079304,0.5112107623318386,0.4735202492211838,-0.0456153252998292,379471,110952285,110818,1215090,0.2379783526625823,0.9990022068805336,0.0009977931194665,0.7620216473374176,0.773974125464777,0.3640271482360841,1.1769354635295828,164.4869170984456,164.4869170984456,186.65,165.725,2.087726457131341,684.1062054727979,685.36328125,4.638200110383603,4.680453326072498,219.7500960196856,213.6545181274414,261.214017868042,339.774627685547,1.0,965,400,1364,965,399,0,0,0.0,6.200000000000002,7.857168182650381,212.05884265899653,0.0,0.4746113989637305,0.0686080891309359
nightVideos,streetCornerAtNight,P1_YOLO_Only,353,3023,357,668,0.7670983867302885,0.4971830985915493,0.345739471106758,0.4078567302137492,0.2755465944546583,602042,313869953,216150,961004,0.385172285396591,0.9993118129139256,0.0006881870860742,0.614827714603409,0.7358199542405695,0.5056546216715843,0.3729311495783567,162.9131390593047,162.9131390593047,212.5,166.7,1.9886917673547384,651.6545263150421,658.578125,6.892580344264912,7.135196560928018,148.96249056024948,140.1503086090088,203.6447525024414,270.71142196655273,1.0,4401,800,5200,4401,799,0,0,0.0,6.200000000000001,7.740021392614009,655.583920955658,0.0,0.7670983867302885,0.1189844847725365
nightVideos,tramStation,P1_YOLO_Only,1083,87,1288,43,0.4678128748500599,0.4567692956558414,0.9618117229129662,0.6193880468973405,0.0562195904560175,1273061,89483682,416293,1268605,0.5008765903938598,0.9953693757979354,0.0046306242020645,0.4991234096061402,0.7535785868444388,0.6017749857008475,1.8226612831332147,162.15885645741702,162.15885645741702,207.825,165.725,2.289050834172252,750.0761882746901,754.05859375,4.429719412214581,4.434639275537769,232.02135933727703,225.4974842071533,311.4445209503174,379.929780960083,1.0,2501,500,3000,2501,499,0,0,0.0,6.200000000000002,7.811037205715264,580.2854197025299,0.0,0.4678128748500599,0.0433531416566414
nightVideos,winterStreet,P1_YOLO_Only,327,37,449,73,0.4108352144469526,0.4213917525773196,0.8175,0.5561224489795918,-0.1605214956100119,888960,65266247,207115,1109565,0.4448080459338762,0.9968366524388956,0.0031633475611043,0.5551919540661238,0.8110393905526538,0.574523363277968,1.9514497941935431,164.4757054176072,164.4757054176072,201.55,167.6375,2.499776526982844,819.1267723617382,820.5234375,5.16933800025239,5.340487453780418,196.7958787763092,187.2488260269165,264.85782861709595,301.2525916099545,1.0,886,900,1785,886,899,0,0,0.0,6.200000000000002,7.933300174063381,174.36114859580994,0.0,0.4108352144469526,0.1202146107545836
PTZ,continuousPan,P1_YOLO_Only,49,59,963,30,0.0980926430517711,0.0484189723320158,0.620253164556962,0.0898258478460128,-0.3048824255547191,939964,181380863,3066149,224314,0.8073363921675064,0.9833765320090954,0.0166234679909046,0.1926636078324936,0.2346324229995509,0.3635949389514255,1.7727709343542626,164.83103996366938,164.83103996366938,194.35,167.025,2.5387979333342257,831.9133067949591,834.0390625,5.143073660508086,5.285474316145235,197.22332270117263,189.19777870178223,248.7475872039795,321.589469909668,1.0,1101,600,1700,1101,599,0,0,0.0,6.200000000000001,7.925209072407213,217.1428782939911,0.0,0.0980926430517711,0.0268561120369792
PTZ,intermittentPan,P1_YOLO_Only,702,390,1167,42,0.4745762711864407,0.3756019261637239,0.9435483870967742,0.5373134328358209,0.2324092015563852,2573144,209153656,1982708,450690,0.8509541198359434,0.990609348562998,0.0093906514370021,0.1490458801640566,0.5647997344953261,0.6789579410017778,1.1362512841905386,163.87252281616688,163.87252281616688,199.475,167.225,2.636515498420354,863.933403615276,866.12109375,5.156644281812449,5.312433029437916,197.0992564947799,188.23766708374023,252.77996063232425,313.80271911621094,1.0,2301,1200,3500,2301,1199,0,0,0.0,6.200000000000001,7.902525018420085,453.5253891944885,0.0,0.4745762711864407,0.2060889213976271
PTZ,twoPositionPTZCam,P1_YOLO_Only,435,265,775,26,0.4663557628247834,0.359504132231405,0.9436008676789588,0.5206463195691203,0.2315199168416836,982279,70354971,171902,106595,0.9021052940927968,0.997562602839346,0.0024373971606539,0.0978947059072032,0.8510614886226684,0.8758403159976016,0.3888767647707424,160.29318787475017,160.29318787475017,198.9,164.475,1.990296418153787,652.1803303006329,653.49609375,4.494368683389197,4.729013563640874,237.87445262779323,211.46059036254883,368.4499263763428,507.7846050262451,1.0,1501,800,2300,1501,799,0,0,0.0,6.200000000000002,7.685155613990187,357.0495533943176,0.0,0.4663557628247834,0.216708617702978
PTZ,zoomInZoomOut,P1_YOLO_Only,302,81,235,13,0.606973058637084,0.5623836126629422,0.9587301587301588,0.7089201877934271,0.3019992894971482,47377,24021322,4424,3350,0.9339602184241134,0.999815864198348,0.0001841358016521,0.0660397815758866,0.914596243315766,0.9241768102372034,0.0322887824973367,160.93478605388273,160.93478605388273,200.525,164.35,2.113556672956222,692.5702505942947,692.6875,4.577439393034368,4.895375640910422,229.90301180565984,204.27441596984863,359.7651720046997,508.23085308074974,1.0,631,500,1130,631,499,0,0,0.0,6.200000000000002,7.916209852019392,145.06880044937134,0.0,0.606973058637084,0.255850001947041
shadow,backdoor,P1_YOLO_Only,562,0,1039,0,0.3510306058713304,0.3510306058713304,1.0,0.5196486361534904,0.0,1963069,90850576,8977211,61528,0.96960975443508,0.9100730240569193,0.0899269759430808,0.0303902455649198,0.1794349870387229,0.3028287888886257,8.874351924840562,166.67529668956902,166.67529668956902,201.55,167.775,2.165466669870123,709.5801525413804,712.06640625,4.191783930999834,4.222761187643529,242.9067385635996,236.81187629699707,297.0538139343262,367.5360679626465,1.0,1601,400,2000,1601,399,0,0,0.0,6.200000000000003,7.934231440936037,388.8936884403229,0.0,0.3510306058713304,0.4754303968015435
shadow,bungalows,P1_YOLO_Only,582,0,819,0,0.4154175588865096,0.4154175588865096,1.0,0.5869894099848715,0.0,4877444,78758083,328371,279344,0.9458298460204296,0.9958479488788308,0.0041520511211692,0.0541701539795702,0.9369222686553402,0.9413549858081024,0.7213813067640488,167.67935403283366,167.67935403283366,190.1,169.1,2.265707975111205,742.4271892844397,742.74609375,4.848452308534995,4.993070444332014,211.47193915498505,200.27756690979004,276.7317295074463,322.9639530181885,1.0,1401,300,1700,1401,299,0,0,0.0,6.2,7.98172457511078,296.27218675613403,0.0,0.4154175588865096,0.4158336468275805
shadow,busStation,P1_YOLO_Only,841,104,2,4,0.9936908517350158,0.9976275207591934,0.9952662721893492,0.996445497630332,0.9684621629600402,2788196,76543511,80166,163013,0.9447639933329018,0.9989537698641112,0.0010462301358886,0.0552360066670981,0.972051644806339,0.9582135865341276,0.3055976731151082,165.2929284963197,165.2929284963197,194.275,169.325,2.3615640295291422,773.8373011961094,773.875,5.247489310357349,5.417856446252275,194.5140146181285,184.57484245300293,232.0529222488404,359.7724437713623,1.0,951,300,1250,951,299,0,0,0.0,6.200000000000003,7.92063959230514,184.9828279018402,0.0,0.9936908517350158,0.810118148094024
shadow,copyMachine,P1_YOLO_Only,2703,83,0,115,0.960358497069976,1.0,0.9591909155429382,0.9791704401376562,0.6341017905335848,62943264,920357107,2945435,5790401,0.9157559690727972,0.996809891811172,0.003190108188828,0.0842440309272028,0.9552968104591046,0.9351085827017568,0.8805964881481387,161.75833333333333,161.75833333333333,188.575,164.85,1.9377575377602687,634.9643967058773,640.75,5.139870271700564,5.3623600856585805,198.601457506408,186.48505210876465,263.3471488952637,337.019681930542,1.0,2901,500,3400,2901,499,0,0,0.0,6.200000000000001,7.802823099690729,576.1428282260895,0.0,0.960358497069976,0.9372281926623636
shadow,cubicle,P1_YOLO_Only,3210,0,3091,0,0.5094429455641961,0.5094429455641961,1.0,0.6750078856061402,0.0,10146472,406304102,111136645,228721,0.9779550124995264,0.7852186059092868,0.2147813940907131,0.0220449875004734,0.0836593934174696,0.1541334079102185,21.0992805560211,162.5325980003174,162.5325980003174,201.55,165.725,2.148396568513261,703.9866272466672,714.4921875,5.045800903270306,5.2264623750643295,201.4433094252293,191.33400917053223,267.9126262664795,321.0940361022949,1.0,6301,1100,7400,6301,1099,0,0,0.0,6.200000000000002,7.890114083732732,1269.2942926883698,0.0,0.5094429455641961,0.5373213464657456
shadow,peopleInShade,P1_YOLO_Only,578,339,0,33,0.9652631578947368,1.0,0.9459901800327332,0.9722455845248108,0.9284781614664676,4701428,81062560,58760,203928,0.9584274821236216,0.9992756528123556,0.0007243471876443,0.0415725178763783,0.987655949722994,0.972822222939547,0.3053564454820967,162.91360526315788,162.91360526315788,201.55,165.875,2.582004923569529,846.0713733552632,846.94140625,5.342383672086906,5.512916552757983,190.077798993964,181.39219284057617,250.08383989334104,295.807659626007,1.0,950,250,1199,950,249,0,0,0.0,6.200000000000002,8.16134526139237,180.5739090442657,0.0,0.9652631578947368,0.8891908728835844
thermal,corridor,P1_YOLO_Only,2369,316,0,2216,0.5478473780861048,1.0,0.5166848418756815,0.6813344837503594,0.2539361617858429,11641556,358405484,1581541,698601,0.9433879974136472,0.9956066722127,0.0043933277873001,0.0566120025863528,0.880395568451173,0.910803921910724,0.6124027764376333,161.8833707406652,161.8833707406652,200.125,164.55,2.6906616467404088,881.6760347059273,890.30859375,4.790103907985341,4.954286611993135,211.7432770595772,201.8454074859619,275.7115364074707,321.05302810668945,1.0,4901,500,5400,4901,499,0,0,0.0,6.200000000000001,7.892716262232801,1037.753800868988,0.0,0.5478473780861048,0.4166078264497126
thermal,diningRoom,P1_YOLO_Only,2967,0,19,15,0.9886704431856048,0.993636972538513,0.9949698189134808,0.9943029490616622,-0.0056574888766813,17044460,202532443,4651824,2419837,0.8756781711664182,0.977547407110792,0.0224525928892081,0.1243218288335818,0.7855935145391718,0.8281933629654062,3.120099627015506,161.63797900699765,161.63797900699765,188.15,164.1,3.054183886393592,1000.7949863066476,1003.9609375,4.727897096916732,4.896918807405323,214.63970405504887,204.2100429534912,280.8091640472412,337.99171447753906,1.0,3001,700,3700,3001,699,0,0,0.0,6.200000000000001,7.838216773261863,644.1337518692017,0.0,0.9886704431856048,0.447222479534464
thermal,lakeSide,P1_YOLO_Only,4096,125,0,1280,0.767315033630249,1.0,0.7619047619047619,0.8648648648648648,0.2603557588491257,5122122,405504264,2654150,2850959,0.6424269363374083,0.9934972552103264,0.0065027447896737,0.3575730636625917,0.6586860644792261,0.650454910750937,1.32292534118332,161.6972504999091,161.6972504999091,198.2,164.4,1.9873714212980345,651.221907096437,662.0234375,4.796017939254175,4.962669093000115,211.7007336948508,201.50446891784668,277.3137092590332,332.0455551147461,1.0,5501,1000,6500,5501,999,0,0,0.0,6.200000000000002,7.834929138415836,1164.565736055374,0.0,0.767315033630249,0.2153113408454856
thermal,library,P1_YOLO_Only,3606,577,96,22,0.972564519879098,0.974068071312804,0.99393605292172,0.9839017735334242,0.8932801559226932,56638460,254221263,5259252,5322805,0.914094636382908,0.9797316110614316,0.0202683889385682,0.085905363617092,0.9150331760243416,0.9145636654176468,3.292060229382752,162.94434433852592,162.94434433852592,190.775,165.725,2.3888979920451794,782.7941012991165,787.5625,4.524144911365509,4.813072615441109,228.69479581384545,207.7674865722656,314.44358825683594,411.6802215576172,1.0,4301,600,4900,4301,599,0,0,0.0,6.200000000000001,7.846604184305541,983.6163167953492,0.0,0.972564519879098,0.9033491343118724
thermal,park,P1_YOLO_Only,227,49,0,75,0.7863247863247863,1.0,0.7516556291390728,0.8582230623818525,0.5450001910906336,507427,34450422,44718,207710,0.7095521557407881,0.9987036434697756,0.0012963565302242,0.2904478442592119,0.9190104048755308,0.8008115005184323,0.7169156891324655,164.59893162393163,164.59893162393163,186.975,167.875,2.763079781817575,905.4059829059828,906.703125,4.44221582771425,4.6395987712702,228.1447625228143,215.53587913513184,295.7915067672729,335.2434635162353,1.0,351,250,600,351,249,0,0,0.0,6.200000000000002,8.105811563783087,80.07881164550781,0.0,0.7863247863247863,0.6854023713308617
turbulence,turbulence0,P1_YOLO_Only,378,2403,239,981,0.6950762309422645,0.6126418152350082,0.2781456953642384,0.3825910931174089,0.2461191749902489,260574,688389416,721879,1039459,0.2004364504593345,0.9989524493282322,0.0010475506717677,0.7995635495406656,0.2652279549250702,0.2283247301407325,0.2551142961547699,162.3298987753062,162.3298987753062,188.15,165.275,2.8519179188767185,934.5164831838916,941.2265625,5.091583317839883,5.268928264105672,199.6481098612676,189.7919178009033,260.9381675720215,311.3417625427246,1.0,4001,1000,5000,4001,999,0,0,0.0,6.200000000000002,7.796524770310345,798.7920875549316,0.0,0.6950762309422645,0.0085501347708143
turbulence,turbulence1,P1_YOLO_Only,129,1390,11,1271,0.5423063191717243,0.9214285714285714,0.0921428571428571,0.1675324675324675,0.193410255348924,27211,480626603,158764,1806958,0.014835601299553,0.9996697819632268,0.0003302180367731,0.9851643987004468,0.1463153649684097,0.0269396637071416,0.4073026169417228,161.55030346304892,161.55030346304892,188.15,164.4,3.215912153617861,1053.7900944975008,1055.640625,5.0592291717261215,5.25561830486642,201.1103930536316,190.27256965637207,266.7396068572998,322.37935066223145,1.0,2801,1200,4000,2801,1199,0,0,0.0,6.200000000000002,7.878761447101342,563.310210943222,0.0,0.5423063191717243,7.367091652634111e-05
turbulence,turbulence2,P1_YOLO_Only,6,3339,35,621,0.8360409897525619,0.1463414634146341,0.0095693779904306,0.0179640718562874,-0.0029024081357099,173,405967568,80512,149535,0.001155582867983,0.9998017180625506,0.0001982819374493,0.998844417132017,0.0021441407944475,0.0015017817381604,0.0566342325822808,162.47714946263432,162.47714946263432,202.125,166.225,2.1875458638449365,716.8150286647088,720.30859375,6.29718356345998,6.461951355540252,162.65197474787874,154.75201606750488,218.6808586120605,276.91102027893066,1.0,4001,500,4500,4001,499,0,0,0.0,6.200000000000002,7.8503939226985935,650.7705509662628,0.0,0.8360409897525619,0.0
turbulence,turbulence3,P1_YOLO_Only,108,819,41,433,0.6616702355460385,0.7248322147651006,0.199630314232902,0.3130434782608695,0.2399772731489555,1337111,237994817,97124,2557475,0.3433255806907332,0.999592073551116,0.0004079264488838,0.6566744193092667,0.932281669321973,0.5018412140321471,1.0970028095820392,162.26452533904356,162.26452533904356,201.05,165.275,2.3492671863084857,769.8078716095646,772.15234375,5.120193763829525,5.309917711102671,198.72247500559163,188.32683563232425,261.0955238342285,328.9957046508789,1.0,1401,800,2200,1401,799,0,0,0.0,6.2,7.846445701797094,278.41018748283386,0.0,0.6616702355460385,0.0956998868321878
badWeather,blizzard,P2_FrameDiff,650,3786,499,1166,0.7270939190296672,0.5657093124456049,0.3579295154185022,0.4384485666104553,0.2823958868754092,5879388,1038117221,821004,6377131,0.4796947648838957,0.9992097662977026,0.0007902337022973,0.5203052351161044,0.8774692585150242,0.620289666391323,0.6847575143507376,50.26364530404852,50.26364530404852,210.325,25.2,1.7829412320582052,584.2341829208326,601.1796875,120.32161122165417,1.3525793728214457,142.2474022439964,2.0093917846679688,788.8891696929932,1169.611215591431,0.1883297820029503,6101,900,7000,6101,899,0,0,0.0,2.241648910014752,2.48218059664345,867.851401090622,0.6883372480657234,1.2275797463398703,0.1600106740152195
badWeather,skating,P2_FrameDiff,862,0,2238,1,0.2779748468236053,0.2780645161290322,0.9988412514484356,0.4350239717385819,-0.028923030551074,12892056,273109362,10662393,1881620,0.8726369794491229,0.9624261653525032,0.0375738346474969,0.1273630205508771,0.5473299757510779,0.6727204109253976,4.201709923338267,165.5814656562399,165.5814656562399,193.225,169.0,1.7042763499973743,558.4572995606256,565.0703125,4.58300048094212,4.422477293479797,235.0691984023482,226.02367401123047,316.48802757263184,898.369550704956,0.999677523379555,3101,800,3900,3101,799,0,0,0.0,6.298387616897774,7.724322336066075,728.9495842456818,-0.0143674761943448,0.2739810498292405,0.3110199153162599
badWeather,snowFall,P2_FrameDiff,237,4441,390,633,0.8205577968777408,0.3779904306220095,0.2724137931034482,0.3166332665330661,0.220321889427834,5259715,975544846,153390,2497120,0.6780748849240702,0.9998427895077182,0.0001572104922817,0.3219251150759298,0.9716632136269294,0.7987454764410469,0.2695100242154326,45.58562094369409,45.58562094369409,364.575,24.425,2.17672461397793,713.269121508288,722.82421875,121.04014810836944,0.0,24.34955469622275,0.0,218.0514335632324,247.204065322876,0.1099807051394492,5701,800,6500,5701,799,0,0,0.0,1.849903525697246,2.0638377172759967,138.8168113231659,0.7230463654285523,1.4138591295342515,0.1222459979743738
badWeather,wetSnow,P2_FrameDiff,393,1565,550,493,0.6524491836054649,0.4167550371155885,0.4435665914221219,0.4297430289775833,0.1803330313567214,3367456,460380774,458837,2647407,0.55985581051472,0.9990043455704593,0.0009956544295407,0.44014418948528,0.8800831509766763,0.6843618778119156,0.6653559455874466,82.25611462845718,82.25611462845718,364.575,26.05,2.116988603769243,693.6948256831056,696.55859375,95.83604103365155,0.0,67.17300979108343,0.0,232.60164260864252,263.5490894317627,0.3142285904698433,3001,500,3500,3001,499,0,0,0.0,2.8711429523492167,3.5882488739919727,201.58620238304132,0.5070793890794537,0.9832927170335124,0.0680670235839167
baseline,highway,P2_FrameDiff,1036,0,0,195,0.8415922014622258,1.0,0.8415922014622258,0.913983237759153,0.0,5247653,86135706,157005,210336,0.9614627292213304,0.9981805531639862,0.0018194468360137,0.0385372707786695,0.9709500582645564,0.9661831043575292,0.4003686075419588,145.6538180341186,145.6538180341186,198.45,171.25,2.2880338731575165,749.7429395562551,750.765625,16.106665888880794,4.997621714367419,177.48088976118643,196.11001014709475,259.32300090789795,309.5008134841919,0.8415922014622258,1231,470,1700,1231,469,0,0,0.0,5.5079610073111285,7.174938456348306,218.4789752960205,0.134422426829548,0.9547210675836,0.7571186846942877
baseline,office,P2_FrameDiff,503,21,0,957,0.3538149898717083,1.0,0.3445205479452055,0.5124808965868569,0.0860097696622368,2643341,114964968,1573718,5998753,0.3058681148342057,0.9864961751842646,0.0135038248157354,0.6941318851657943,0.6268209669345389,0.4111221011212791,6.049228164259721,65.27943956785955,65.27943956785955,232.725,0.0,2.3886872577474056,782.7250406186698,784.69140625,76.85442135413746,0.0,62.0861972690353,0.0,190.3212070465088,225.6646156311036,0.3396353814989871,1481,570,2050,1481,569,0,0,0.0,2.998176907494935,3.6058321330401286,91.94965815544128,0.6131012099735275,0.570739388268824,0.1569956787113846
baseline,pedestrians,P2_FrameDiff,616,166,0,18,0.9775,1.0,0.9716088328075708,0.9856,0.9362479066153436,615263,65887140,1669429,55599,0.91712304467983,0.9752884282800092,0.0247115717199906,0.0828769553201701,0.2692980060331983,0.4163436025868585,2.5283496311036537,136.91031249999995,136.91031249999995,202.625,169.45,2.498789519071579,818.803349609375,819.59765625,49.84901454745869,4.766820702375162,162.55789935588837,204.3071985244751,237.26480007171628,258.6876702308654,0.77,800,300,1099,800,299,0,0,0.0,5.149999999999998,6.724067655064553,130.0463194847107,0.1888842110563967,1.1621343163076276,0.4841227105982443
baseline,PETS2006,P2_FrameDiff,579,0,0,322,0.6426193118756937,1.0,0.6426193118756937,0.7824324324324324,0.0,3689491,323864021,42849283,1138699,0.7641561330436457,0.8831531811564709,0.116846818843529,0.2358438669563542,0.0792777867332732,0.143652289825811,11.839318813741972,124.75221975582686,124.75221975582686,364.575,165.275,2.6491892456876056,868.0863320269145,869.5546875,41.26791337476989,4.768904538999513,135.61171114643193,203.0634880065918,228.2407283782959,272.6860046386719,0.6426193118756937,901,300,1200,901,299,0,0,0.0,4.513096559378468,5.689381557554948,122.18615174293518,0.2552835369373449,0.8066694427155635,0.2805876834028334
cameraJitter,badminton,P2_FrameDiff,350,0,0,1,0.9971509971509972,1.0,0.9971509971509972,0.9985734664764622,0.0,3841489,114361966,1066376,256818,0.9373355875975128,0.9907615756968944,0.0092384243031057,0.0626644124024871,0.7827209998645032,0.8530791994645449,1.1070284418330845,168.54159544159543,168.54159544159543,190.1,173.175,2.024780956768242,663.4802461716524,665.0,5.3008640258368445,5.499781676852895,189.68739197125123,181.82373046875,243.16489696502688,269.620418548584,0.9971509971509972,351,800,1150,351,799,0,0,0.0,6.285754985754983,8.239697704078928,66.58027458190918,-0.0074140803240992,0.989758039562864,0.719681091120081
cameraJitter,boulevard,P2_FrameDiff,1000,121,590,0,0.6551724137931034,0.6289308176100629,1.0,0.7722007722007722,0.3271593394306165,4770483,88485957,22998742,720239,0.8688261762296471,0.7937049460033972,0.2062950539966027,0.1311738237703529,0.1717902822278979,0.2868605292726414,20.27689304063287,160.4970777323203,160.4970777323203,206.675,169.325,2.03944975559228,668.286895912478,671.02734375,19.679525615023064,5.173248080832002,191.84335973930249,192.0530796051025,273.4025716781616,332.4504137039188,0.9292811221507892,1711,790,2500,1711,789,0,0,0.0,5.946405610753943,7.4439338205935695,328.24398851394653,0.0319985223208161,0.676136962899845,0.558196466120331
cameraJitter,sidewalk,P2_FrameDiff,369,0,0,32,0.9201995012468828,1.0,0.9201995012468828,0.9584415584415584,0.0,166146,9793434,29722,97083,0.6311842540145652,0.9969742921724952,0.0030257078275047,0.3688157459854347,0.848254947209345,0.72379475361416,1.2571897662046412,157.8014962593516,157.8014962593516,220.525,169.45,1.953952627586308,640.2711970074813,640.3046875,14.821496593038871,5.194178087705154,184.5675959551424,191.78533554077148,261.0037326812744,316.2057399749756,0.9201995012468828,401,800,1200,401,799,0,0,0.0,5.900997506234412,7.702696738589422,74.01160597801208,0.0494157093734367,0.96567181236608,0.0938528887063901
cameraJitter,traffic,P2_FrameDiff,511,17,143,0,0.7868852459016393,0.7813455657492355,1.0,0.8772532188841202,0.2881283852050267,2504285,44058357,2883619,656471,0.7923057015473514,0.9385705663519576,0.0614294336480424,0.2076942984526486,0.4647976281685791,0.5858894844338177,7.065662606981192,164.55070789865871,164.55070789865871,213.325,171.3,1.6884888693046285,553.2841025521609,556.84375,9.234591261522636,5.467726586555634,182.71722132687063,182.54590034484863,237.2722625732422,277.05619335174555,0.9746646795827124,671,900,1570,671,899,0,0,0.0,6.17332339791356,8.06555806696493,122.6032555103302,-0.0235567670692411,0.7683487734537119,0.6207412470551155
dynamicBackground,boats,P2_FrameDiff,895,1867,3073,265,0.4527868852459016,0.2255544354838709,0.771551724137931,0.3490639625585023,0.1230314971531752,1158776,245543316,175883,392075,0.7471871894849988,0.999284211405882,0.0007157885941179,0.2528128105150011,0.8682187734844631,0.8031689372069408,0.2296913839747272,133.0558975409836,133.0558975409836,364.575,169.2,2.040186788215012,668.528406762295,676.328125,75.5416653885543,4.196379109932741,149.40867842220868,193.5439109802246,294.94335651397705,331.4629030227669,0.6504918032786885,6100,1900,7999,6100,1899,0,0,0.0,4.552459016393441,5.7543069412225485,911.392938375473,0.1885143839211982,0.538143725965631,0.0267044117520029
dynamicBackground,canoe,P2_FrameDiff,247,3,140,0,0.6410256410256411,0.6382428940568475,1.0,0.779179810725552,0.1157139190595913,979017,28371890,47831,64352,0.9383228752243932,0.9983169785516192,0.0016830214483808,0.0616771247756067,0.9534195908255164,0.9458109946928268,0.3807577548722826,159.20897435897436,159.20897435897436,219.725,163.6,2.0403151634411936,668.5704727564103,668.62890625,4.162250241222264,4.347753772578182,243.2273296209482,229.8758029937744,334.0825557708739,430.8999872207645,0.9923076923076924,390,800,1189,390,799,0,0,0.0,6.261538461538459,7.877291645175053,94.8586585521698,0.0268140803701435,0.6582141540834254,0.8404935756727345
dynamicBackground,fall,P2_FrameDiff,1059,146,1762,34,0.4015328223925358,0.3753987947536334,0.9688929551692588,0.541134389371487,0.0920323331955387,16407506,968348587,48059418,1930491,0.8947272703774573,0.952716411358842,0.0472835886411579,0.1052727296225427,0.2545104525229092,0.3962930174161992,4.831128499494314,161.99606797734089,161.99606797734089,364.575,170.275,2.153650358175286,705.7081610817228,709.6640625,18.91987886835745,4.868577663507467,200.6154798420617,204.8654556274414,269.42944526672363,304.6848773956299,0.9400199933355547,3001,1000,4000,3001,999,0,0,0.0,6.000099966677773,7.571080923527202,602.0470550060272,0.0111692169161082,0.4060176295847751,0.0692652134409889
dynamicBackground,fountain01,P2_FrameDiff,169,1,615,0,0.2165605095541401,0.2155612244897959,1.0,0.3546694648478489,0.0187066045220177,74517,90610534,2672521,2986,0.9614724591306144,0.9713504129983735,0.0286495870016263,0.0385275408693857,0.0271263084092757,0.0527639712080653,2.8657787156756283,166.95439490445858,166.95439490445858,196.275,171.225,2.030113791204562,665.2276871019109,666.0234375,4.584944175094731,4.7484586175899866,220.541707421564,210.58058738708496,288.82498741149897,363.9354801177976,0.9987261146496816,785,400,1184,785,399,0,0,0.0,6.293630573248406,8.096420208591656,173.1252403259277,-0.0131254504101013,0.2137180553252009,0.1003590415325852
dynamicBackground,fountain02,P2_FrameDiff,196,799,1,4,0.995,0.9949238578680204,0.98,0.9874055415617128,0.9843303606460436,179396,123938448,23883,87833,0.6713193553094912,0.9998073366335778,0.0001926633664221,0.3286806446905089,0.8825112284102146,0.7625630169943975,0.0899270672777075,38.12722499999999,38.12722499999999,207.775,0.0,1.6114245772361755,528.03160546875,550.65234375,60.318375114389625,0.0,34.95598793029785,0.0,179.45892810821533,222.1873044967652,0.197,1000,500,1499,1000,499,0,0,0.0,2.285,2.447361380212352,34.95598793029785,0.77079845101858,1.761944458763487,0.3003153255134135
dynamicBackground,overpass,P2_FrameDiff,308,1362,2,329,0.8345827086456772,0.9935483870967742,0.4835164835164835,0.6504751847940866,0.6206067931794349,1723630,145558159,72220,254262,0.8714479860376603,0.999504086987235,0.000495913012765,0.1285520139623397,0.9597850599994432,0.913485871583166,0.2211813726887973,45.05042478760621,45.05042478760621,341.8,24.425,2.024869934312705,663.5093800755872,665.96875,92.94627976890344,0.0,60.53511277846489,0.0,491.560697555542,525.7325172424316,0.1549225387306347,2001,1000,3000,2001,999,0,0,0.0,2.074612693653173,2.317093665274908,121.13076066970824,0.7111652832114754,1.4281089570030805,0.4346736993345432
intermittentObjectMotion,abandonedBox,P2_FrameDiff,1636,0,0,415,0.7976596782057533,1.0,0.7976596782057533,0.8874423650664498,0.0,114197,14783395,24198,634607,0.1525058626823574,0.9983658383911552,0.0016341616088448,0.8474941373176426,0.8251526427977889,0.2574326616689154,4.23494591967536,141.96673573866408,141.96673573866408,202.05,166.925,1.7491864495484322,573.1734157880302,576.28515625,40.15957388305058,4.6310694190493855,177.91403996427138,210.3335857391357,285.3134870529175,329.5588493347168,0.7976596782057533,2051,2450,4500,2051,2449,0,0,0.0,5.288298391028765,6.628181710095927,364.9016959667206,0.1334712156779649,0.9041242851531696,0.0008361750762858
intermittentObjectMotion,parking,P2_FrameDiff,0,734,38,629,0.5239114917915775,0.0,0.0,0.0,-0.1507164107223299,0,2689190,0,225391,0.0,1.0,0.0,1.0,0.0,0.0,7.733221344680419,7.674411134903639,7.674411134903639,205.325,0.0,2.1653068652755443,709.5277536134904,710.6640625,70.43031261028702,0.0,7.195839109291441,0.0,2.007484436035156,258.41498374938965,0.0271234832262669,1401,1100,2500,1401,1099,0,0,0.0,1.435617416131335,1.2297066102500511,10.08137059211731,0.9534165618087816,1.023417384987613,0.0
intermittentObjectMotion,sofa,P2_FrameDiff,1116,3,1,1131,0.4971123944913372,0.999104744852283,0.4966622162883845,0.6634958382877527,0.0207778710857725,3795108,142387224,19441674,3593572,0.5136381599961022,0.8798627795142002,0.1201372204857997,0.4863618400038978,0.1633233035452155,0.2478400489109356,13.612797365531376,91.75488671701466,91.75488671701466,205.325,140.225,2.061851143254433,675.6273704742337,677.8671875,51.66958423828699,3.707282062704564,120.69330973817952,15.784025192260742,278.85353565216064,339.43986892700195,0.4962239004886717,2251,500,2750,2251,499,0,0,0.0,3.7811195024433584,4.702689903417654,271.6806402206421,0.4380282253478512,0.7148616544487986,0.022075350849059
intermittentObjectMotion,streetLight,P2_FrameDiff,2304,24,524,174,0.7693324520819563,0.8147100424328148,0.9297820823244553,0.8684508104033171,-0.0411470975709716,468417,7558471,6267526,236528,0.6644731149238593,0.5466854216733882,0.4533145783266118,0.3355268850761407,0.0695399293016582,0.1259035211926318,44.76003001044254,162.83929279577,162.83929279577,252.025,172.225,1.7578944179764349,576.0268428825182,580.66796875,24.92674288328496,3.5865044676809186,264.31939181159527,277.02152729034424,329.3254375457764,462.8890156745911,0.9345670852610708,3026,175,3200,3026,174,0,0,0.0,5.972835426305352,7.611017925023883,799.8304796218872,-0.0156785495150346,0.7572704351384664,0.0001347436036198
intermittentObjectMotion,tramstop,P2_FrameDiff,1382,0,0,499,0.73471557682084,1.0,0.73471557682084,0.84707324547962,0.0,462563,6568705,30020,983648,0.3198447529440725,0.9954506362971636,0.0045493637028365,0.6801552470559276,0.9390559560520764,0.4771657019776211,12.600075376609585,134.6107389686337,134.6107389686337,364.575,162.9,1.9313439100996603,632.8627724614566,634.98828125,66.21509631123334,3.952308125767389,188.5320367108375,230.64112663269043,335.3402614593506,410.2603912353518,0.73471557682084,1881,1320,3200,1881,1319,0,0,0.0,4.9735778841041975,6.311348870130033,354.6287610530853,0.1663093942425606,0.8569056793424874,0.0001865446334664
intermittentObjectMotion,winterDriveway,P2_FrameDiff,39,391,0,1071,0.2864756828780813,1.0,0.0351351351351351,0.0678851174934725,0.096936091876214,23630,90777246,491302,667740,0.0341785151221487,0.9946169626802872,0.0053830373197128,0.9658214848778512,0.0458895543489237,0.0391775857123672,1.260377374412187,11.433427714856762,11.433427714856762,199.775,0.0,2.057961826718385,674.3529313790806,675.39453125,90.66038973339074,0.0,6.452359333584739,0.0,2.0058155059814453,235.0633144378662,0.0259826782145236,1501,1000,2500,1501,999,0,0,0.0,1.4299133910726185,1.2592534189575473,9.684991359710692,0.92916884941208,0.552659963522448,3.0461800901669307e-05
lowFramerate,port_0_17fps,P2_FrameDiff,191,748,1050,12,0.4692653673163418,0.1539081385979049,0.9408866995073892,0.2645429362880886,0.2220251621678316,1651,150422066,3497057,44140,0.036055120001747,0.9772799056294,0.0227200943706,0.963944879998253,0.000471888479976,0.0009315844072744,2.300002583705532,151.9797476261869,151.9797476261869,364.575,165.125,1.775668210711615,581.850959285982,584.37890625,129.2632163823931,4.332721452234536,150.79444697473957,220.78442573547363,298.41113090515137,358.3242893218994,0.6201899050474763,2001,1000,3000,2001,999,0,0,0.0,4.4009495252373805,5.84072265972746,301.73968839645386,0.0770386440961913,0.505416934935694,1.7361563235153692e-06
lowFramerate,tramCrossroad_1fps,P2_FrameDiff,148,8,345,0,0.311377245508982,0.3002028397565923,1.0,0.4617784711388455,0.0824831121534443,297541,12403086,50560,58030,0.8367977140992938,0.9959401447576076,0.0040598552423924,0.1632022859007061,0.8547547981763913,0.8456809422571879,0.8477489295403459,166.61027944111777,166.61027944111777,268.55,170.375,2.102703462817712,689.0138706961078,689.8203125,12.98080984005613,4.764879228040997,215.5326654811105,209.84411239624023,276.57628059387207,338.0246162414551,0.9840319361277444,501,400,900,501,399,0,0,0.0,6.220159680638721,8.08967047846128,107.98186540603638,-0.0272077597046303,0.3029053682356839,0.1634505594539025
lowFramerate,tunnelExit_0_35fps,P2_FrameDiff,721,302,854,124,0.5112443778110944,0.4577777777777778,0.8532544378698225,0.5958677685950413,0.1381554770170623,2918994,155988315,20886413,2067389,0.5853930594581283,0.881914091197924,0.118085908802076,0.4146069405418717,0.1226189495520912,0.2027657189775279,12.621611005114778,165.61734132933532,165.61734132933532,364.575,168.6,2.017510139840892,661.0977187187656,663.67578125,86.09025191491712,4.59614495326386,180.34164492098583,214.7088050842285,293.21813583374023,345.80159187316895,0.7871064467766117,2001,2000,4000,2001,1999,0,0,0.0,5.235532233883056,6.776239929159854,360.8636314868927,-0.0126811924967235,0.5047611894432044,0.0664437042490288
lowFramerate,turnpike_0_5fps,P2_FrameDiff,349,2,349,1,0.5007132667617689,0.5,0.9971428571428572,0.666030534351145,0.0217595298695492,1547973,22379427,83773,257858,0.8572081219117403,0.996270656006268,0.0037293439937319,0.1427918780882596,0.9486605145653796,0.9006186625055962,1.407682902543575,165.48473609129812,165.48473609129812,188.575,170.275,2.1760904329819617,713.0613130795292,714.0625,4.1504431650495714,4.273596305858906,242.0230479791399,233.8137626647949,307.80839920043945,381.8943500518799,0.9957203994293866,701,800,1500,701,799,0,0,0.0,6.278601997146932,8.2384112786416,169.65815663337708,-0.0171501071689893,0.4921259805758697,0.4103580021399753
nightVideos,bridgeEntry,P2_FrameDiff,178,582,196,545,0.5063291139240507,0.4759358288770053,0.2461964038727524,0.3245214220601641,-0.0066212247057895,56968,41070059,26229,534518,0.0963133531478344,0.9993617671746898,0.0006382328253101,0.9036866468521656,0.6847362284697766,0.1688733820179254,1.3451113988480172,171.28965689540306,171.28965689540306,364.575,166.575,2.0395360494914807,668.3151726973684,669.78125,305.48580422901625,253.1569290197972,57.82505577997237,2.0041465759277344,239.48216438293457,300.9030818939209,0.2491672218520986,1501,1000,2500,1501,999,0,0,0.0,2.545836109260493,4.110310392496946,86.79540872573853,-0.0559575088299948,0.4779961980607621,0.0033400185997278
nightVideos,busyBoulvard,P2_FrameDiff,510,607,864,50,0.5499753815854259,0.37117903930131,0.9107142857142856,0.5274043433298862,0.3088935996438869,116634,32097932,43385,1059336,0.0991811015587132,0.998650179767058,0.0013498202329419,0.9008188984412868,0.7288759459814147,0.1746032340086632,3.3097562835773515,158.83205317577548,158.83205317577548,364.575,170.9,1.647106606874602,539.7239044805515,545.7421875,61.64408095996613,5.972460891333013,117.10188319564512,161.9548797607422,195.5972909927368,263.783955574036,0.6765140324963073,2031,730,2760,2031,729,0,0,0.0,4.682570162481536,6.148512762028561,237.8339247703552,0.0207289346749181,0.5613757853431234,0.0004069600878903
nightVideos,fluidHighway,P2_FrameDiff,282,237,282,164,0.5378238341968912,0.5,0.6322869955156951,0.5584158415841585,0.0899723619814138,415915,110837101,226002,1178646,0.2608335460355546,0.9979651027758516,0.0020348972241483,0.7391664539644454,0.6479264453192547,0.3719374838473707,1.24682862232968,161.96805699481868,161.96805699481868,364.575,165.275,2.114317330671716,692.8195029145078,695.03515625,143.6361290223289,4.905263010167684,128.47097451205082,195.7340240478516,268.9556121826172,339.394645690918,0.5844559585492228,965,400,1364,965,399,0,0,0.0,4.222279792746113,5.858201989895663,123.97449040412904,0.015313437372769,0.5460597657994478,0.0502450955894453
nightVideos,streetCornerAtNight,P2_FrameDiff,768,2700,680,253,0.7880027266530334,0.5303867403314917,0.752203721841332,0.6221142162818954,0.4950200704970542,887124,313772593,313510,675922,0.5675610314731621,0.9990018342199622,0.0009981657800377,0.432438968526838,0.7388796252646519,0.6419874949342906,0.3134594226325635,75.94509202453987,75.94509202453987,364.575,26.05,2.028160015579463,664.5874739050784,671.53515625,132.0855486156243,0.0,49.84490125457202,0.0,174.8042106628418,217.08226203918457,0.3290161326971142,4401,800,5200,4401,799,0,0,0.0,2.945080663485572,3.470492154890084,219.36741042137143,0.5338307734841826,1.208662831729867,0.1437801361453435
nightVideos,tramStation,P2_FrameDiff,1085,101,1274,41,0.4742103158736505,0.4599406528189911,0.9635879218472468,0.6226685796269728,0.0796365262648643,1295243,89454435,445540,1246423,0.5096039369452949,0.9950440475650856,0.0049559524349144,0.490396063054705,0.744057702769386,0.6049076124432539,1.830303942786996,163.0765893642543,163.0765893642543,341.8,169.55,2.3177701775811284,759.4869317897841,761.3671875,22.17832133387011,5.322599229966828,183.9730569907352,185.21928787231445,262.38131523132324,317.7509307861328,0.9432227109156336,2501,500,3000,2501,499,0,0,0.0,6.016113554578167,7.613625483210684,460.1166155338288,-0.0056594682947722,0.4715265376259096,0.0446053582807143
nightVideos,winterStreet,P2_FrameDiff,255,190,296,145,0.5022573363431151,0.4627949183303085,0.6375,0.5362776025236593,0.0291930047583813,695204,65171136,302226,1303321,0.3478585456774371,0.9953839853221528,0.0046160146778471,0.6521414543225629,0.6969952778641108,0.464095088210604,2.3795792164520315,172.9458803611738,172.9458803611738,364.575,170.9,2.513504405053959,823.6251234480812,826.79296875,169.5738172960344,5.362672178609109,122.70309343833148,182.17134475708008,240.671455860138,287.94894218444824,0.6218961625282167,886,900,1785,886,899,0,0,0.0,4.409480812641082,6.167048835701908,108.7149407863617,-0.0514980308007231,0.4763920725662282,0.0859261961816041
PTZ,continuousPan,P2_FrameDiff,78,24,998,1,0.0926430517711171,0.0724907063197026,0.9873417721518988,0.135064935064935,0.0187541030953336,938705,179954383,4492629,225573,0.8062550353094364,0.9756427119567542,0.0243572880432457,0.1937449646905636,0.1728313891209784,0.2846453066068774,2.541980070285596,166.89357402361492,166.89357402361492,364.575,171.2,2.550890259478549,835.8757344175749,846.7734375,12.80577544218861,5.15230885078919,199.87596867844584,193.83621215820312,264.2354965209961,328.57370376586914,0.977293369663942,1101,600,1700,1101,599,0,0,0.0,6.186466848319709,7.758798989982617,220.06344151496887,-0.0125130197589006,0.0914838074337802,0.0265087485445653
PTZ,intermittentPan,P2_FrameDiff,582,667,890,162,0.5428074750108648,0.3953804347826087,0.782258064516129,0.5252707581227437,0.2052356493770664,2573554,209727786,1408578,450280,0.8510897092895973,0.9933285864485192,0.0066714135514808,0.1489102907104027,0.6462754122665949,0.7346749898586434,0.8679754769371291,152.611321164711,152.611321164711,364.575,169.325,2.6817779652920044,878.765003666884,885.70703125,163.6818805180867,5.198465609449268,130.1418770297306,186.99312210083008,246.7024326324463,297.3761558532715,0.6397218600608431,2301,1200,3500,2301,1199,0,0,0.0,4.498609300304215,5.923906514088674,299.45645904541016,0.0687192792173509,0.5801088134474017,0.2452589197067097
PTZ,twoPositionPTZCam,P2_FrameDiff,441,593,447,20,0.6888740839440373,0.4966216216216216,0.9566160520607376,0.653817642698295,0.49440524592476,979710,70363638,163235,109164,0.899745976118449,0.997685492166936,0.0023145078330638,0.100254023881551,0.8571803542602663,0.8779475396526332,0.3803618776747521,132.8000832778148,132.8000832778148,341.8,164.15,2.0106901970011326,658.8629637533311,661.65234375,148.55376375713954,5.978897191518963,103.39472136602332,158.79201889038086,207.75628089904785,258.8627338409424,0.5916055962691539,1501,800,2300,1501,799,0,0,0.0,4.258027981345769,5.579065364494005,155.195476770401,0.1715176107073117,0.8070281209003066,0.2431988851953617
PTZ,zoomInZoomOut,P2_FrameDiff,74,25,291,241,0.1568938193343898,0.2027397260273972,0.2349206349206349,0.2176470588235294,-0.6945664541736761,12385,24024615,1131,38342,0.2441500581544345,0.9999529254991708,4.707450082923544e-05,0.7558499418455655,0.9163213968629772,0.385567299160998,0.1639484321478482,109.27900158478604,109.27900158478604,205.6,160.525,2.117389676688024,693.8262492571315,694.41796875,57.55592979441941,4.991632421599325,116.72616760628726,185.3744983673096,241.6969537734985,293.29864978790334,0.5784469096671949,631,500,1130,631,499,0,0,0.0,4.192234548335973,5.314558559317219,73.65421175956726,0.3209733938553332,0.2072525610010744,0.0373565387760971
shadow,backdoor,P2_FrameDiff,539,1036,3,23,0.9837601499063086,0.9944649446494463,0.9590747330960854,0.9764492753623188,0.9644313032939908,1958172,97117486,2710301,66425,0.9671910014684404,0.9728502345744676,0.0271497654255322,0.0328089985315596,0.4194459301788829,0.5851341760955735,2.7262258289408328,64.85065584009992,64.85065584009992,190.1,24.425,2.1820350411085694,715.009242270456,716.3828125,30.136800432771448,0.0,67.65255088138997,0.0,207.4484825134277,224.61247444152832,0.3385384134915677,1601,400,2000,1601,399,0,0,0.0,2.9926920674578383,3.5990973249578846,108.31173396110536,0.6109162117714206,1.5847551739787555,0.514392225405397
shadow,bungalows,P2_FrameDiff,582,606,213,0,0.8479657387580299,0.7320754716981132,1.0,0.8453159041394336,0.7359906365939143,4877444,78921070,165384,279344,0.9458298460204296,0.9979088201375168,0.0020911798624831,0.0541701539795702,0.9672041164203896,0.9563975741831848,0.5279094078549351,103.71773733047822,103.71773733047822,232.725,158.75,2.2800555150905395,747.1285911848679,747.265625,51.07837738718103,5.231729875702409,107.41766412967787,177.38914489746094,211.88974380493164,252.6848316192627,0.5674518201284796,1401,300,1700,1401,299,0,0,0.0,4.137259100642397,5.151564198650051,150.4921474456787,0.3814519507859684,1.1714239240069453,0.4470492492095547
shadow,busStation,P2_FrameDiff,356,106,0,489,0.4858044164037854,1.0,0.421301775147929,0.5928393005828476,0.2739624833718319,1447044,76570692,52985,1504165,0.4903224407353054,0.9993085035582407,0.0006914964417591,0.5096775592646946,0.9646773495712416,0.6501759735156827,1.956835979633072,73.6728443743428,73.6728443743428,188.575,25.2,2.36359573939872,774.5030518861724,774.5234375,159.77875578061762,4.242168385898088,79.39325121048246,0.9992122650146484,234.3120574951172,264.6222114562988,0.3743427970557308,951,300,1250,951,299,0,0,0.0,3.171713985278654,3.850890791164202,75.50298190116882,0.5542891940717043,0.7550805548487143,0.4431709735327863
shadow,copyMachine,P2_FrameDiff,1893,81,2,925,0.6804550155118925,0.9989445910290238,0.6717530163236338,0.8033099936346277,0.2268562554910437,41558106,921239744,2062798,27175559,0.6046252007658838,0.9977658482391571,0.0022341517608428,0.3953747992341162,0.952710792055112,0.7397670850395055,2.9473074464105724,122.8858841778697,122.8858841778697,364.575,160.25,1.9729605135281552,646.4997010729059,650.9921875,97.76338513869852,5.166181576765939,133.00358735458968,187.0911121368408,255.845308303833,310.38975715637207,0.6532230265425715,2901,500,3400,2901,499,0,0,0.0,4.566115132712857,5.680219385576014,385.8434069156647,0.2403118797926761,0.84397643940391,0.5862160607605227
shadow,cubicle,P2_FrameDiff,1533,3090,1,1677,0.7336930645929217,0.999348109517601,0.4775700934579439,0.6462900505902192,0.5559165225031635,8719634,491417553,26023194,1655559,0.8404310165603667,0.9497078764073444,0.0502921235926555,0.1595689834396333,0.2509765180888556,0.3865255526167692,5.244016124257255,50.32338120933185,50.32338120933185,364.575,12.6,2.198797037744878,720.5018089886526,730.3671875,77.31834906391788,0.0,49.75666316458771,0.0,215.3561115264893,274.75452423095703,0.2434534200920488,6301,1100,7400,6301,1099,0,0,0.0,2.5172671004602445,2.832713395583004,313.51673460006714,0.6903797648688691,1.240219910012503,0.4853427110583592
shadow,peopleInShade,P2_FrameDiff,346,298,41,265,0.6778947368421052,0.8940568475452196,0.5662847790507365,0.6933867735470941,0.4342134629887587,2502851,81068297,53023,2402505,0.5102282076978715,0.999346374048154,0.0006536259518459,0.4897717923021285,0.9792544546405652,0.6708950132886937,2.8543797275161484,83.86465789473684,83.86465789473684,204.4,73.25,2.5901417104821456,848.7376356907895,849.28125,113.9477153989478,4.799613741227289,78.70271758029335,1.013040542602539,218.12357902526827,262.33985662460327,0.4073684210526316,950,250,1199,950,249,0,0,0.0,3.3368421052631576,4.097345301509059,74.76758170127869,0.4852200480170552,1.0068228536031405,0.5064513671499997
thermal,corridor,P2_FrameDiff,747,316,0,3838,0.2168945113242195,1.0,0.1629225736095965,0.2801950487621905,0.11132710768841,7410155,359407014,580011,4930002,0.6004911444805767,0.9983888002630096,0.0016111997369905,0.3995088555194233,0.9274093929963408,0.7289756291624093,1.479884699903538,33.19965823301367,33.19965823301367,341.8,0.0,2.736002492603052,896.5332967761682,904.46875,87.6462774551846,0.0,33.31057608455961,0.0,215.6944274902344,280.40146827697754,0.152417873903285,4901,500,5400,4901,499,0,0,0.0,2.062089369516425,2.175456018329912,163.25513339042664,0.7949161913227082,0.389307470184868,0.1293386203955374
thermal,diningRoom,P2_FrameDiff,1175,19,0,1807,0.3978673775408197,1.0,0.3940308517773306,0.5653115227327399,0.0640311832907107,7092689,205420995,1763272,12371608,0.3643948199105264,0.9914893537741454,0.0085106462258545,0.6356051800894735,0.8008943354651178,0.5008915526122679,6.236474544793498,77.17369210263246,77.17369210263246,341.8,24.425,3.0777398922649155,1008.5138078973677,1011.328125,96.97355300983408,2.9210726816623698,86.40864951258618,0.545501708984375,241.52374267578125,306.5459728240967,0.3915361546151283,3001,700,3700,3001,699,0,0,0.0,3.2576807730756414,3.919871338905008,259.3123571872711,0.5225522332267503,0.6057738642028456,0.1656043197883678
thermal,lakeSide,P2_FrameDiff,144,125,0,5232,0.0489001999636429,1.0,0.0267857142857142,0.0521739130434782,0.0250003333400001,251976,408032325,126089,7721105,0.0316033412930333,0.9996910782782492,0.0003089217217509,0.9683966587069666,0.6664885667808446,0.0603452508194683,1.8857486381798616,15.002826758771135,15.002826758771135,341.8,0.0,2.043927779871211,669.7542549081985,677.20703125,97.23647032947578,0.0,5.85632089310788,0.0,2.0058155059814453,210.6759548187256,0.0261770587165969,5501,1000,6500,5501,999,0,0,0.0,1.4308852935829852,1.2942079061505385,32.21562123298645,0.9072165623571964,0.0932632712732385,0.0093022868154677
thermal,library,P2_FrameDiff,870,672,1,2758,0.3585212741222971,0.9988518943742823,0.2398015435501654,0.386752611691487,0.2154455925823769,15423964,258001240,1479275,46537301,0.2489291333868022,0.9942990902419012,0.0057009097580987,0.7510708666131978,0.9124857076208884,0.3911509796600002,14.937876463974284,42.36219483840967,42.36219483840967,317.375,0.0,2.4189108528389096,792.6287082582539,798.6015625,278.8138008219932,0.0,50.70937685954296,0.0,281.4443111419678,369.0633773803711,0.202511043943269,4301,600,4900,4301,599,0,0,0.0,2.312555219716345,2.5161912463136327,218.1010298728943,0.7400204652062066,0.6238343541846013,0.1986925827373468
thermal,park,P2_FrameDiff,286,49,0,16,0.9544159544159544,1.0,0.9470198675496688,0.9727891156462584,0.8449303431456416,518704,34444961,50179,196433,0.7253211622388438,0.9985453313133388,0.0014546686866613,0.2746788377611562,0.9117938134906476,0.8079375710658712,0.7003977844309489,139.57364672364673,139.57364672364673,188.15,163.6,2.766941483543809,906.6713853276352,906.71484375,19.03857840698719,4.527564435396209,189.27411544017303,217.45014190673828,292.7132844924927,344.4916009902954,0.8148148148148148,351,250,600,351,249,0,0,0.0,5.374074074074072,6.853177289936395,66.43521451950073,0.1520379546415378,1.0995234040026072,0.6794107678935657
turbulence,turbulence0,P2_FrameDiff,1357,7,2635,2,0.3409147713071732,0.3399298597194389,0.9985283296541576,0.5071949168379742,0.0117745692730988,423464,686553144,2558151,876569,0.3257332698477654,0.9962877534898046,0.0037122465101954,0.6742667301522346,0.1420250434747611,0.1978042099677507,0.4974889403900395,165.00519245188704,165.00519245188704,286.45,169.45,2.926988659486625,959.1158157726194,973.875,5.864950664674509,5.192429061134749,203.42121586684016,192.56591796875,272.78590202331543,338.7329578399658,0.9977505623594102,4001,1000,5000,4001,999,0,0,0.0,6.288752811797049,7.920656138947278,813.8882846832275,-0.0164805972083056,0.335296292278898,0.0108551525363604
turbulence,turbulence1,P2_FrameDiff,1399,0,1401,1,0.4994644769725098,0.4996428571428571,0.9992857142857144,0.6661904761904763,-0.0189049718112372,328763,476018080,4767287,1505406,0.1792435702489792,0.9900843758416632,0.0099156241583367,0.8207564297510208,0.064513299516292,0.0948780983688971,1.2997180039558116,164.3752231345948,164.3752231345948,200.125,167.875,3.268868656764495,1071.1429553619244,1084.08203125,4.9074045101006805,5.126614784945908,207.1195579945552,195.05715370178223,279.5417308807373,332.3547840118408,0.99964298464834,2801,1200,4000,2801,1199,0,0,0.0,6.298214923241698,7.930795817998981,580.141881942749,-0.017486316094677,0.4907306832501059,0.0003146664233755
turbulence,turbulence2,P2_FrameDiff,33,3373,1,594,0.8512871782054486,0.9705882352941176,0.0526315789473684,0.0998487140695915,0.2072667301862808,2337,406041711,6369,147371,0.0156103882224062,0.9999843146653964,1.568533460372476e-05,0.9843896117775938,0.2684355616815989,0.0295049679952529,0.0378485566740703,16.872531867033242,16.872531867033242,341.8,0.0,2.2094038122149,723.9774343523494,726.92578125,167.90703512169526,0.0,1.7415585144851482,0.0,2.0058155059814453,16.130924224853516,0.0084978755311172,4001,500,4500,4001,499,0,0,0.0,1.3424893776555864,1.2196684786105347,6.967975616455078,0.8961544320365277,1.6141719558901306,0.0086937246808835
turbulence,turbulence3,P2_FrameDiff,541,1,859,0,0.3868665239114918,0.3864285714285714,1.0,0.5574446161772282,0.0211975363703605,1985324,236106169,1985772,1909262,0.5097650944156837,0.991659642104392,0.008340357895608,0.4902349055843162,0.4999435923986728,0.5048065762129718,1.6096077944041902,163.99725196288364,163.99725196288364,202.05,167.675,2.392514487150139,783.9791471493576,787.7265625,5.257627670880657,5.126489464813246,207.75497461709696,195.06525993347168,282.2885513305664,336.87281608581543,0.9992862241256244,1401,800,2200,1401,799,0,0,0.0,6.296431120628122,7.891113239987218,291.06471943855286,-0.0106784068804911,0.3827354057607236,0.1510208683438933
badWeather,blizzard,P3_MOG2,1657,3453,832,159,0.8375676118669071,0.6657292085174769,0.9124449339207048,0.7698025551684087,0.6682520971132624,9808422,1036946262,1991963,2448097,0.8002616403564503,0.9980826935114452,0.0019173064885546,0.1997383596435497,0.831195083889212,0.8154351033699099,0.4223822488975458,78.57377479101787,78.57377479101787,338.55,25.2,1.8516993428855384,606.764860524914,619.46875,62.3495497572701,4.540823308303237,111.6427388900109,16.234397888183594,311.31649017333984,438.05456161499023,0.4079659072283232,6101,900,7000,6101,899,50,0,0.0,3.7398295361416167,3.868611810821848,681.1323499679565,0.512798589654613,1.2670711019726393,0.3338984952292181
badWeather,skating,P3_MOG2,863,0,2238,0,0.2782973234440503,0.2782973234440503,1.0,0.4354187689202825,0.0,12919285,273106988,10664767,1854391,0.8744800549301338,0.962417799474088,0.0375822005259121,0.1255199450698661,0.5477975116404933,0.6736209715027959,4.19338455727363,167.1073847146082,167.1073847146082,196.875,170.975,1.8091071078716567,592.8082297041277,597.109375,3.9583371720662175,4.02542919443506,257.72734912354423,248.42071533203125,341.49956703186035,393.16773414611816,1.0,3101,800,3900,3101,799,50,0,0.0,6.700000000000001,7.88673228697261,799.2125096321106,-0.0237153984269414,0.2716973915374232,0.3112605500977566
badWeather,snowFall,P3_MOG2,647,2282,2549,223,0.5137695141203298,0.2024405506883604,0.7436781609195402,0.3182488932611904,0.1565356881847325,7040711,974923192,775044,716124,0.9076783249869308,0.9992056519409348,0.0007943480590652,0.0923216750130691,0.9008356838206928,0.9042440595944542,0.1516254320071526,134.06292317137346,134.06292317137346,512.7,163.8,2.3307913772852,763.7537185088142,777.6484375,42.80582421058645,4.7927508327286645,130.97526554140453,198.86350631713867,268.6138153076172,363.76428604125977,0.5606034029117699,5701,800,6500,5701,799,50,0,0.0,4.50301701455885,5.308946592809393,746.6899888515472,0.185506019991579,0.6090768518777995,0.2555744034640745
badWeather,wetSnow,P3_MOG2,876,473,1642,10,0.4495168277240919,0.3478951548848292,0.9887133182844244,0.5146886016451234,0.2635912709149163,3904625,460269200,570411,2110238,0.6491627490102435,0.9987622353062008,0.0012377646937992,0.3508372509897565,0.8725348801663272,0.7444542602364427,0.5741937047389204,158.22261746084638,158.22261746084638,364.575,171.825,2.2601366917000973,740.6015911362879,744.55859375,20.170408901845537,4.7973336352895295,186.99025940950693,203.1874656677246,268.1362628936768,359.1723442077637,0.8390536487837388,3001,500,3500,3001,499,50,0,0.0,5.895268243918696,7.0517572264159485,561.1577684879303,0.0518493413829859,0.4728239791821552,0.0684837531059717
baseline,highway,P3_MOG2,1231,0,0,0,1.0,1.0,1.0,1.0,0.0,5337204,86131255,161456,120785,0.9778700543368628,0.9981289729094268,0.0018710270905731,0.0221299456631371,0.9706372097929312,0.974240207932188,0.3076172715848489,171.79715678310316,171.79715678310316,191.875,173.175,2.31915102268408,759.9394071131194,761.015625,4.66584246523312,4.933244884805202,218.1344175609896,202.70633697509768,270.3518867492676,319.17915344238304,1.0,1231,470,1700,1231,469,50,0,0.0,6.700000000000002,8.132042142380824,268.5234680175781,-0.020939705206142,0.979060294793858,0.8117102477805853
baseline,office,P3_MOG2,1067,13,8,393,0.7292370020256583,0.9925581395348836,0.7308219178082191,0.8418145956607496,0.0927310028314835,5871921,113817456,2721230,2770173,0.6794558124454559,0.9766495565258048,0.0233504434741953,0.320544187554544,0.6833257090443308,0.6813852660638128,4.386778066089699,130.9478899392303,130.9478899392303,207.775,169.45,2.4279712906244395,795.5976325118163,797.08203125,58.36331590296965,5.389819966846143,140.5896821752905,182.76667594909668,218.0945873260498,241.16187095642093,0.7258609047940581,1481,570,2050,1481,569,50,0,0.0,5.329304523970291,6.398025387122152,208.2133193016052,0.2238968270960432,0.8925108529802341,0.3966008807074117
baseline,pedestrians,P3_MOG2,626,156,10,8,0.9775,0.9842767295597484,0.9873817034700316,0.9858267716535432,0.931309120264211,622648,65836144,1720425,48214,0.9281312699184034,0.974533564604206,0.025466435395794,0.0718687300815965,0.2657399065244659,0.4131794481301023,2.592269669365097,142.86915625,142.86915625,224.4,171.3,2.5284849256277084,828.5339404296875,828.71484375,55.797665642728816,5.418045408186652,150.66954851150513,183.7494373321533,211.545193195343,244.58833694458005,0.795,800,300,1099,800,299,50,0,0.0,5.6750000000000025,6.920653900845452,120.5356388092041,0.1535814485309444,1.1276258659389982,0.4847565537538955
baseline,PETS2006,P3_MOG2,725,0,0,176,0.804661487236404,1.0,0.804661487236404,0.8917589175891759,0.0,4032806,313104478,53608826,795384,0.835262489670042,0.8538127048698512,0.1461872951301488,0.164737510329958,0.0699634250466746,0.1291121335354533,14.642835559034491,149.24925083240845,149.24925083240845,341.8,171.2,2.7770031570197475,909.9683988276914,911.234375,18.878076996188906,4.00824909357446,200.01603628236896,244.1000938415528,292.896032333374,329.30874824523926,0.804661487236404,901,300,1200,901,299,50,0,0.0,5.72330743618202,7.048467900760909,180.21444869041443,0.1090469218727404,0.8924073455690753,0.3287258836836175
cameraJitter,badminton,P3_MOG2,351,0,0,0,1.0,1.0,1.0,1.0,0.0,3850426,114389642,1038700,247881,0.9395162441466683,0.9910013435001952,0.0089986564998048,0.0604837558533316,0.7875489402400347,0.8568466657832108,1.076396779098191,168.30462962962963,168.30462962962963,194.475,171.825,2.130092005444388,697.9885483440171,700.19140625,4.516652664625825,4.562874772634309,230.6387526357276,219.1600799560547,339.4651412963867,431.99408054351807,1.0,351,800,1150,351,799,50,0,0.0,6.700000000000002,7.991184194723176,80.95420217514038,-0.0059976780709681,0.9940023219290318,0.7239303407848925
cameraJitter,boulevard,P3_MOG2,992,219,492,8,0.7077732320280538,0.6684636118598383,0.992,0.7987117552334944,0.4358636066626383,4889145,92798305,18686394,601577,0.8904375417294847,0.8323860209731562,0.1676139790268438,0.1095624582705152,0.2073821090580368,0.3364137547653618,16.48890923846301,155.5583722969024,155.5583722969024,206.675,170.9,2.084217734813412,682.9564764757451,684.07421875,38.88746270169341,5.173707530319627,176.79668922023004,192.7480697631836,254.9681663513184,306.0445070266724,0.8673290473407365,1711,790,2500,1711,789,50,0,0.0,6.036645236703684,7.34383205756351,302.4991352558136,0.0617851964886787,0.7515031402383342,0.5730878968697124
cameraJitter,sidewalk,P3_MOG2,358,0,0,43,0.8927680798004988,1.0,0.8927680798004988,0.9433465085638998,0.0,162867,9801328,21828,100362,0.6187274198511562,0.9977779035576754,0.0022220964423246,0.3812725801488438,0.8818159668642898,0.7272081871031694,1.2114350185918938,151.0888403990025,151.0888403990025,202.625,164.1,1.978885057263838,648.4410555642145,648.98828125,30.774637469962062,5.034495920721438,215.55083350945,198.33064079284668,354.0177345275879,794.0061092376709,0.8927680798004988,401,800,1200,401,799,50,0,0.0,6.163840399002496,7.043590548815925,86.43588423728943,0.0898522410951824,0.9729852925488164,0.1031935803043122
cameraJitter,traffic,P3_MOG2,511,7,153,0,0.7719821162444114,0.7695783132530121,1.0,0.8697872340425532,0.1834912837298254,2786222,45520494,1421482,374534,0.8815049310987625,0.9697183177802317,0.0302816822197685,0.1184950689012375,0.6621715786091417,0.7562562597883411,3.5846668002056257,165.59303278688523,165.59303278688523,206.675,169.45,1.7275633470845115,566.0879808587929,567.02734375,8.778053169918307,5.203431485053935,199.23420385880905,192.18087196350092,257.23302364349365,321.8500614166259,0.9895678092399404,671,900,1570,671,899,50,0,0.0,6.647839046199703,8.055956133271428,133.68615078926086,-0.030040353232152,0.748791500783525,0.7180500300284929
dynamicBackground,boats,P3_MOG2,1160,68,4872,0,0.201311475409836,0.1923076923076923,1.0,0.3225806451612903,0.0514504656969183,1450110,245485939,233260,100741,0.9350414707795912,0.9990507050285476,0.0009492949714523,0.0649585292204086,0.8614327212674575,0.8967290732451493,0.1350753963126549,167.960881147541,167.960881147541,364.575,171.25,2.1153427929174704,693.1555596823771,701.1171875,7.559448966937508,4.467191315960926,227.8724796263898,223.7781286239624,282.89889097213745,336.50088071823143,0.9888524590163934,6100,1900,7999,6100,1899,50,0,0.0,6.64426229508197,7.851331540614831,1390.0221257209778,-0.0243652602709212,0.1964064689159521,0.0300429403802672
dynamicBackground,canoe,P3_MOG2,247,0,143,0,0.6333333333333333,0.6333333333333333,1.0,0.7755102040816326,0.0,979030,28344313,75408,64339,0.9383353348623544,0.9973466312354016,0.0026533687645983,0.0616646651376454,0.9284851266741144,0.9333842436410976,0.4743120969321276,164.5947435897436,164.5947435897436,198.0,167.775,2.0629849495031896,675.9989082532052,676.0703125,4.449610913204468,4.573484960750914,227.758883818602,218.6516523361206,286.53857707977284,376.19572401046753,1.0,390,800,1189,390,799,50,0,0.0,6.700000000000002,8.230367428272244,88.82596468925476,-0.0061071466075673,0.6294654738152073,0.8404935756727345
dynamicBackground,fall,P3_MOG2,1093,0,1908,0,0.364211929356881,0.364211929356881,1.0,0.5339521250610649,0.0,16422691,965105362,51302643,1915306,0.8955553324607917,0.9495255421566656,0.0504744578433342,0.1044446675392083,0.2424896272936801,0.381642002678237,5.143092980996123,167.1081472842386,167.1081472842386,194.425,170.3,2.282812681963984,748.032073944102,751.9921875,4.471981645117308,4.593210557266964,225.84415085909168,217.7126407623291,279.5295715332031,318.99428367614746,1.0,3001,1000,4000,3001,999,50,0,0.0,6.700000000000001,7.936790416068559,677.7582967281342,-0.0200351292593415,0.3569148962744217,0.0689155736883707
dynamicBackground,fountain01,P3_MOG2,169,0,616,0,0.2152866242038216,0.2152866242038216,1.0,0.3542976939203354,0.0,74517,90607915,2675140,2986,0.9614724591306144,0.971322337159734,0.0286776628402661,0.0385275408693857,0.0271004710769379,0.0527150921773086,2.868583968831892,162.8082484076433,162.8082484076433,202.05,165.625,2.0712520514324213,678.7078722133758,680.08203125,3.7851826216521633,3.707327938622272,272.72377500108854,269.73605155944824,355.3030014038086,445.5775737762442,1.0,785,400,1184,785,399,50,0,0.0,6.700000000000001,7.8881328534646835,214.0881633758545,0.0120345134198778,0.2178774939719227,0.1003157346941895
dynamicBackground,fountain02,P3_MOG2,197,720,80,3,0.917,0.7111913357400722,0.985,0.8259958071278826,0.7910323210589055,200354,123926929,35402,66875,0.7497464721269024,0.9997144132438104,0.0002855867561896,0.2502535278730976,0.8498362713992433,0.7966599401572612,0.0823290366640596,73.372725,73.372725,234.375,24.425,1.702879536151886,557.99957421875,560.5546875,140.60523977934,6.064423687265592,51.50506854057312,3.65293025970459,190.73822498321533,259.6584486961365,0.277,1000,500,1499,1000,499,50,0,0.0,3.0850000000000004,3.279775174949437,51.50506854057312,0.558920371913042,1.4295299810442597,0.3865856250159826
dynamicBackground,overpass,P3_MOG2,635,524,840,2,0.5792103948025987,0.4305084745762711,0.9968602825745684,0.6013257575757576,0.4032189433033464,1972107,145471323,159056,5785,0.9970751689172108,0.9989078102996628,0.0010921897003371,0.0029248310827891,0.9253665721486344,0.9598834768578176,0.1116746364436448,137.8750249875063,137.8750249875063,364.575,163.525,2.065663019577781,676.8764582552474,679.140625,56.92771772173136,3.6804150126181527,280.50092588002417,255.8727264404297,581.7272663116455,714.3881320953369,0.7371314342828585,2001,1000,3000,2001,999,50,0,0.0,5.385657171414295,6.280834839643351,561.2823526859283,0.1160328902063353,0.6464178509490969,0.7522560324830356
intermittentObjectMotion,abandonedBox,P3_MOG2,2030,0,0,21,0.9897610921501706,1.0,0.9897610921501706,0.994854202401372,0.0,164941,14773158,34435,583863,0.2202725946976779,0.9976745038845948,0.0023254961154051,0.7797274053023221,0.8272861327341305,0.3479107342487713,3.9745578619522246,165.87621891760116,165.87621891760116,312.5,170.3,1.8054677822832823,591.6157019441736,594.23828125,6.224099114583789,4.666622162289661,231.4578527825336,214.2877578735352,296.85330390930176,610.1667881011963,0.9897610921501706,2051,2450,4500,2051,2449,50,0,0.0,6.648805460750856,7.682736857098133,474.7200560569763,-0.0124661779305714,0.9774225542666698,0.0011701354203372
intermittentObjectMotion,parking,P3_MOG2,397,384,388,232,0.5574589578872234,0.5057324840764331,0.6311605723370429,0.5615275813295616,0.1288392210255886,120409,2565387,123803,104982,0.5342227506865846,0.9539627173981756,0.0460372826018243,0.4657772493134153,0.4930511195191063,0.5128118857843753,7.849670329971958,97.701266952177,97.701266952177,239.425,149.6,1.7755673324781005,581.817909082798,587.34375,116.94424158298408,4.713596177251636,126.1679265092391,202.56733894348145,267.7779197692871,315.265417098999,0.5603140613847252,1401,1100,2500,1401,1099,50,0,0.0,4.501570306923626,4.990002828771136,176.76126503944397,0.4069563318583367,0.7843204105505789,0.171516233264545
intermittentObjectMotion,sofa,P3_MOG2,1448,4,0,799,0.6450466459351399,1.0,0.6444147752558967,0.7837618403247633,0.0566571817193378,4654394,136998992,24829906,2734286,0.6299357936735656,0.8465669215642808,0.1534330784357191,0.3700642063264345,0.1578600814670858,0.2524555379033645,16.289201349992137,114.54831186139494,114.54831186139494,312.5,162.65,2.10235354001127,688.8992079908929,691.48046875,73.2402083959427,4.048204306575683,163.5823924506521,234.16543006896973,302.1334409713745,364.3850088119507,0.643269657929809,2251,500,2750,2251,499,50,0,0.0,4.916348289649045,5.547392126946344,368.22396540641785,0.2984251803537038,0.8375448075848859,0.0269267300845033
intermittentObjectMotion,streetLight,P3_MOG2,2433,0,548,45,0.8040317250495704,0.8161690707816169,0.9818401937046004,0.8913720461623009,-0.0577783183011511,498870,6908585,6917412,206075,0.70767222974842,0.4996807825142736,0.5003192174857264,0.2923277702515799,0.0672668595935267,0.1228558196932557,49.02288509581829,169.88540978189027,169.88540978189027,341.8,171.9375,1.8079849874744809,592.4405361863846,596.0,7.080773472924169,3.5607957208556265,277.83606553503165,280.6422710418701,327.0536661148072,381.96539878845215,0.9851288830138796,3026,175,3200,3026,174,50,0,0.0,6.6256444150694,7.920707980125558,840.7319343090057,-0.0596273394987368,0.7560894524122848,0.0001542880204572
intermittentObjectMotion,tramstop,P3_MOG2,1627,0,0,254,0.8649654439128124,1.0,0.8649654439128124,0.927594070695553,0.0,494104,6570470,28255,952107,0.3416541569660305,0.9957181122110712,0.0042818877889289,0.6583458430339695,0.9459088481293516,0.5019928171210574,12.18607581216308,148.89615895800105,148.89615895800105,317.375,165.475,1.7271684244045358,565.958586689261,574.76953125,39.542090906660334,5.261334129459078,177.79385504856953,189.50343132019043,270.0533866882324,345.47991752624534,0.8649654439128124,1881,1320,3200,1881,1319,50,0,0.0,6.024827219564064,7.008496494250899,334.43024134635925,0.0778348747823398,0.9322899209308172,0.000371741572296
intermittentObjectMotion,winterDriveway,P3_MOG2,914,374,17,196,0.8580946035976016,0.9817400644468314,0.8234234234234235,0.8956393924546792,0.7053451241908594,648321,82250044,9018504,43049,0.9377337749685408,0.9011871647174664,0.0988128352825334,0.0622662250314592,0.0670665911506621,0.1251803040973837,9.853807177166034,115.68422718187874,115.68422718187874,292.975,159.575,2.092452449531733,685.6548186625583,687.6953125,89.99742936446584,4.195873256597968,154.02783464384746,229.72750663757324,296.1010932922363,343.691349029541,0.620253164556962,1501,1000,2500,1501,999,50,0,0.0,4.801265822784811,5.568071891014009,231.19577980041504,0.2833254278138019,1.1012146242666068,0.0912719412559956
lowFramerate,port_0_17fps,P3_MOG2,197,475,1323,6,0.335832083958021,0.1296052631578947,0.9704433497536946,0.2286709228090539,0.1657769900492927,2222,150014812,3904311,43569,0.0485248192876329,0.9746340095765748,0.0253659904234251,0.951475180712367,0.0005687907922446,0.0011244017443914,2.564142633171607,151.7251499250375,151.7251499250375,520.825,165.85,1.892532079831056,620.1449119190405,621.0,24.449148593158693,4.022418032629669,206.98893397882665,244.8363304138184,338.559627532959,411.4394187927246,0.7596201899050474,2001,1000,3000,2001,999,50,0,0.0,5.49810094952524,6.541754697150793,414.1848568916321,0.0785847964167019,0.3622233799060588,1.250312578144536e-05
lowFramerate,tramCrossroad_1fps,P3_MOG2,148,0,353,0,0.2954091816367265,0.2954091816367265,1.0,0.4560862865947611,0.0,297654,12404835,48811,57917,0.8371155127949129,0.9960805855570328,0.0039194144429671,0.162884487205087,0.8591170825335892,0.8479736081910327,0.8332125218895112,164.5940119760479,164.5940119760479,190.1,167.675,2.170907189984045,711.362868013972,712.04296875,4.968243096883314,5.0718324506034005,204.75509828198216,197.16739654541016,264.4829750061035,318.3727264404297,1.0,501,400,900,501,399,50,0,0.0,6.700000000000001,8.135265465468088,102.58230423927309,-0.0147768005062712,0.2910439790919598,0.1622287915045808
lowFramerate,tunnelExit_0_35fps,P3_MOG2,746,325,831,99,0.5352323838080959,0.4730500951173113,0.8828402366863906,0.6160198183319571,0.1982005951021095,2964369,156359298,20515430,2022014,0.5944928418053728,0.8840115248120692,0.1159884751879307,0.4055071581946272,0.1262518899757191,0.2082730307843882,12.39266816092419,163.99618940529734,163.99618940529734,341.8,168.75,2.1257684565615143,696.5718215111194,698.7890625,23.6549382755144,4.472893711955432,188.43224130827804,223.3150005340576,297.46174812316895,353.5444736480713,0.7881059470264867,2001,2000,4000,2001,1999,50,0,0.0,5.640529735132436,7.007109540379483,377.0529148578644,-0.0027685224195693,0.5337505809538436,0.0685972042799071
lowFramerate,turnpike_0_5fps,P3_MOG2,350,15,336,0,0.5206847360912982,0.5102040816326531,1.0,0.6756756756756758,0.1476603983204862,1550116,22379164,84036,255715,0.8583948331820641,0.9962589479682324,0.0037410520317675,0.1416051668179359,0.9485751631427188,0.9012346863342058,1.399936404547837,164.69176176890156,164.69176176890156,193.75,169.525,2.2022380808450697,721.6293743313124,722.37109375,9.08633992087971,3.747497382124107,272.5630881272777,266.8447494506836,359.3747615814209,428.52163314819336,0.978601997146933,701,800,1500,701,799,50,0,0.0,6.593009985734666,7.803648629383399,191.06672477722168,-0.0122760992329164,0.5142927586019765,0.4112975245291297
nightVideos,bridgeEntry,P3_MOG2,723,3,775,0,0.4836775483011326,0.4826435246995995,1.0,0.6510580819450698,0.0431403903888611,260686,40495410,600878,330800,0.4407306343683536,0.9853787767887942,0.0146212232112058,0.5592693656316464,0.3025729951576435,0.3588121537455696,2.234895055802212,165.3606762158561,165.3606762158561,186.975,168.75,2.1433175602886854,702.3223189748501,705.99609375,4.40656628193482,4.341925111878767,240.73559851903744,230.31258583068848,309.14974212646484,363.9349937438965,0.9980013324450366,1501,1000,2500,1501,999,50,0,0.0,6.690006662225185,7.955419145425908,361.3441333770752,-0.0194068391529654,0.4742908959193518,0.0120598531277706
nightVideos,busyBoulvard,P3_MOG2,560,10,1461,0,0.2806499261447562,0.2770905492330529,1.0,0.4339403332041844,0.0434014781091633,190580,31784580,356737,985390,0.1620619573628579,0.9889009837400252,0.0110990162599746,0.8379380426371421,0.3482077114359685,0.2211819621455973,4.028320193057736,166.09128508124078,166.09128508124078,364.575,169.6,1.7582365352493503,576.1390036466026,579.35546875,5.545317307639214,4.824449467152068,216.1867606821816,207.2775363922119,303.8153648376465,452.96764373779297,0.9950763170851796,2031,730,2760,2031,729,50,0,0.0,6.6753815854259,7.875180002875717,439.07531094551086,-0.0240274959029812,0.273906611194141,0.0007172399675159
nightVideos,fluidHighway,P3_MOG2,446,0,519,0,0.4621761658031088,0.4621761658031088,1.0,0.6321757618710134,0.0,727717,108704697,2358406,866844,0.456374513110505,0.9787651710037312,0.0212348289962689,0.543625486889495,0.2358029799849196,0.3109447251726457,2.86287668808755,163.71220207253887,163.71220207253887,187.275,167.2,2.2066702743886046,723.0817236075129,726.2734375,4.256478013759493,4.336291529853524,238.593873088224,230.6118011474609,313.73057365417475,368.9622306823731,1.0,965,400,1364,965,399,50,0,0.0,6.700000000000002,8.169642138533098,230.2430875301361,0.0047098884189254,0.4643529639739281,0.0753267546386076
nightVideos,streetCornerAtNight,P3_MOG2,1019,2220,1160,2,0.7359690979322882,0.4676457090408444,0.9980411361410382,0.636875,0.552853001169734,1185782,311061933,3024170,377264,0.7586353824519559,0.9903715256067857,0.0096284743932143,0.241364617548044,0.2816616436481936,0.4108028445532113,1.0775996104459638,97.97117132469891,97.97117132469891,364.575,135.775,2.11658206643692,693.56161153005,706.359375,88.03813895913476,6.909265223085223,78.07180947050456,16.216516494750977,190.68431854248047,248.0895519256592,0.495114746648489,4401,800,5200,4401,799,50,0,0.0,4.175573733242445,4.6721948868022585,343.5940334796905,0.3986294052744585,1.029348021741416,0.1337724254335333
nightVideos,tramStation,P3_MOG2,1126,0,1375,0,0.4502199120351859,0.4502199120351859,1.0,0.6208988144472015,0.0,1359426,89402297,497678,1182240,0.5348562714377105,0.9944640918976896,0.0055359081023103,0.4651437285622894,0.7320139313684102,0.6180936943736545,1.817274100532248,166.11929228308676,166.11929228308676,206.675,169.325,2.3796486930816663,779.7632884346261,782.21484375,5.143468052483077,5.30922540800478,197.30057310266807,188.35139274597168,254.86183166503903,299.3440628051758,1.0,2501,500,3000,2501,499,50,0,0.0,6.700000000000002,7.941582360677717,493.44873332977295,-0.0244231854626439,0.4392241076245753,0.0441434574458339
nightVideos,winterStreet,P3_MOG2,400,0,486,0,0.4514672686230248,0.4514672686230248,1.0,0.6220839813374806,0.0,1120996,64227837,1245525,877529,0.5609116723583643,0.9809766145810568,0.0190233854189433,0.4390883276416357,0.4736894369414005,0.5136239114089519,3.1465756990018674,166.63628668171555,166.63628668171555,199.475,170.225,2.5939838477235884,849.9966272220655,852.1171875,4.874008019892331,5.021906782325587,208.4317605597709,199.12755489349365,265.22403955459595,328.1679272651672,1.0,886,900,1785,886,899,50,0,0.0,6.700000000000002,7.891821893030145,184.67053985595703,-0.0131361726561535,0.4455367166337906,0.1268208129359998
PTZ,continuousPan,P3_MOG2,79,1,1021,0,0.072661217075386,0.0718181818181818,1.0,0.1340118744698897,0.0083828511593529,941465,179095644,5351368,222813,0.8086256031635056,0.970986962911603,0.0290130370883969,0.1913743968364943,0.1496090870359979,0.2525012702640473,3.0031475994806134,166.094663941871,166.094663941871,256.35,168.75,2.7020921715815214,885.4215627838329,889.140625,4.752259883985485,4.831273606041304,215.36061051322807,206.9847583770752,273.3638286590576,305.2921295166016,0.9990917347865576,1101,600,1700,1101,599,50,0,0.0,6.695458673932789,7.967723184822009,237.1120321750641,-0.0076661773078671,0.0721041833018806,0.0268403715077359
PTZ,intermittentPan,P3_MOG2,665,271,1286,79,0.4067796610169492,0.3408508457201435,0.8938172043010753,0.4935064935064934,0.0883985481971952,2578106,206895244,4241120,445728,0.8525950829311397,0.979912887009838,0.0200871129901621,0.1474049170688602,0.3780643140438519,0.5238423823485786,2.1884776180492698,151.15989787049108,151.15989787049108,364.575,165.875,2.7864918766825784,913.0776581513472,924.14453125,25.308283280614983,5.040097958752059,178.49061210380333,197.4339485168457,267.98105239868164,331.4545154571533,0.8478922207735767,2301,1200,3500,2301,1199,50,0,0.0,5.939461103867885,6.8964351389706655,410.7068984508514,0.0775763058211833,0.4383361244018373,0.2016411351347369
PTZ,twoPositionPTZCam,P3_MOG2,459,168,872,2,0.4177215189873418,0.3448534936138241,0.9956616052060736,0.5122767857142857,0.2288265274465433,1003429,70347110,179763,85445,0.9215290290703976,0.9974511417796732,0.0025488582203268,0.0784709709296025,0.8480694595636211,0.8832745175536274,0.3703207899234787,155.54402065289807,155.54402065289807,364.575,167.2,2.077906279465424,680.8883322576615,686.53515625,20.764731561867627,5.021200283963372,188.68257251284584,198.0607509613037,298.4178066253662,358.72554779052734,0.8867421718854097,1501,800,2300,1501,799,50,0,0.0,6.13371085942705,7.112652221254423,283.2125413417816,0.029628004064421,0.4300977738496948,0.1983693904050967
PTZ,zoomInZoomOut,P3_MOG2,315,0,316,0,0.4992076069730586,0.4992076069730586,1.0,0.6659619450317125,0.0,48674,24021312,4434,2053,0.9595284562461804,0.9998154479781814,0.0001845520218185,0.0404715437538194,0.9165097537094224,0.937525882409592,0.0269433151608211,169.71248019017432,169.71248019017432,192.375,172.325,2.1454608572644025,703.0246137083993,705.23046875,4.693224067906327,5.016353994493653,218.9522352536016,199.34797286987305,301.7202615737915,354.4376611709595,1.0,631,500,1130,631,499,50,0,0.0,6.700000000000001,8.119851325473343,138.15886044502258,-0.0545419318689293,0.4719798596850828,0.2627672507103532
shadow,backdoor,P3_MOG2,555,921,118,7,0.9219237976264836,0.8246656760772659,0.9875444839857652,0.8987854251012145,0.8450702179104909,1963069,96280525,3547262,61528,0.96960975443508,0.96446618615316,0.03553381384684,0.0303902455649198,0.3562524646886004,0.5210584626687873,3.543157124333977,83.27181449094316,83.27181449094316,201.625,26.05,2.214423713648342,725.6223624882886,726.72265625,72.15630223720335,4.839205569413453,91.9314206651715,8.055448532104492,253.856897354126,314.67318534851074,0.4203622735790131,1601,400,2000,1601,399,50,0,0.0,3.801811367895066,4.110728626308591,147.18220448493958,0.5003949826707912,1.3832498403635778,0.5068511890291213
shadow,bungalows,P3_MOG2,582,571,248,0,0.8229835831548894,0.7012048192771084,1.0,0.8243626062322945,0.6991953790113351,4877444,78911701,174753,279344,0.9458298460204296,0.9977903548438268,0.002209645156173,0.0541701539795702,0.9654104936921502,0.9555198680378116,0.5390307747178106,110.68188793718772,110.68188793718772,206.675,159.725,2.31156338120596,757.4530887535689,758.82421875,57.95800713314962,5.363553243538052,115.30928795546996,181.86354637146,209.59949493408203,242.7196502685547,0.5924339757316203,1401,300,1700,1401,299,50,0,0.0,4.662169878658102,5.227311277544008,161.5483124256134,0.3399194040578492,1.102731672290293,0.4446059819261247
shadow,busStation,P3_MOG2,710,66,40,135,0.8159831756046267,0.9466666666666668,0.8402366863905325,0.890282131661442,0.3567954851658255,2398412,76545960,77717,552797,0.8126879526322941,0.998985731264241,0.001014268735759,0.1873120473677059,0.9686135092315464,0.8838262883203516,0.7923530044391142,145.473396424816,145.473396424816,341.8,165.95,2.395269033409945,784.8817568677707,785.39453125,47.22493619381207,4.486280080178155,186.54233599561496,219.67744827270508,288.6350154876709,346.07982635498047,0.7886435331230284,951,300,1250,951,299,50,0,0.0,5.643217665615143,6.828946085013955,177.40176153182983,0.1199055050437017,0.913824050382663,0.7126472483178061
shadow,copyMachine,P3_MOG2,2474,71,12,344,0.8772836952774905,0.995172968624296,0.8779276082327893,0.9328808446455504,0.3491771443279833,55019809,920524792,2777750,13713856,0.8004783245590061,0.9969915061708992,0.0030084938291007,0.1995216754409938,0.9519400118610546,0.8696637440257434,1.662399606348239,151.80559289900037,151.80559289900037,364.575,165.625,2.104129909606113,689.4812793541021,694.90625,18.999552821223293,5.001489367537512,182.62595836148924,199.4547843933105,274.1773128509521,322.7720260620117,0.8569458807307825,2901,500,3400,2901,499,50,0,0.0,5.984729403653914,6.989415131100135,529.7979052066803,0.0615284556241282,0.9312616061921428,0.816173085683495
shadow,cubicle,P3_MOG2,2633,2959,132,577,0.8874781780669735,0.952260397830018,0.8202492211838006,0.8813389121338912,0.7832918889907035,9914486,469393622,48047125,460707,0.9555953320579194,0.9071446822103478,0.0928553177896521,0.0444046679420806,0.1710526299898738,0.2901653404803654,9.190293116195011,84.63693858117759,84.63693858117759,364.575,26.05,2.284053631612865,748.4386940069037,759.06640625,149.33758600544394,4.936200060491725,95.32795677372737,3.056049346923828,253.47280502319336,321.42114639282227,0.4388192350420568,6301,1100,7400,6301,1099,50,0,0.0,3.8940961752102847,4.116287647889446,600.6614556312561,0.4792617627325916,1.31281253407406,0.6542869073005628
shadow,peopleInShade,P3_MOG2,565,287,52,46,0.8968421052631579,0.9157212317666128,0.9247135842880524,0.9201954397394138,0.7744458449707835,4280616,81066268,55052,624740,0.8726412517256648,0.9993213621277366,0.0006786378722634,0.1273587482743352,0.9873025333120524,0.9264375896004596,0.7902107016200417,118.79565789473683,118.79565789473683,191.875,159.725,2.6207196712493896,858.757421875,860.390625,104.37437424484736,5.490699387054748,127.29631298466732,179.57663536071777,247.1604943275452,295.5329155921936,0.6494736842105263,950,250,1199,950,249,50,0,0.0,4.947368421052634,5.592098684689604,120.93149733543396,0.2708057887317414,1.1397121389467828,0.8487766746340425
thermal,corridor,P3_MOG2,2361,308,8,2224,0.5445827382166905,0.9966230476994512,0.5149400218102508,0.6790336496980154,0.2406363009364495,11586982,358381862,1605163,753175,0.9389655253170603,0.995541053181014,0.004458946818986,0.0610344746829396,0.87832433618642,0.907633162101874,0.633404734871063,90.78532442358704,90.78532442358704,364.575,119.125,2.802427047078791,918.2992931927158,926.4765625,121.41517131839188,4.712436379978653,107.70609139958296,15.822410583496094,260.5087757110596,319.6711540222168,0.4833707406651704,4901,500,5400,4901,499,50,0,0.0,4.1168537033258525,4.422570126043759,527.8675539493561,0.4391930189727529,0.783759675094527,0.3753602773811004
thermal,diningRoom,P3_MOG2,2618,7,12,364,0.8747084305231589,0.9954372623574144,0.8779342723004695,0.933000712758375,0.0593646272071536,16443521,202625723,4558544,3020776,0.8448042587923931,0.9779976343473996,0.0220023656526004,0.1551957412076069,0.7829478196548768,0.8127007315359853,3.344084721401544,148.8016911029657,148.8016911029657,338.55,166.725,3.1268381905611338,1024.6023473946184,1027.58984375,33.63917102890851,4.68434243032071,197.13899287649969,211.8246555328369,293.29633712768555,347.672700881958,0.8763745418193936,3001,700,3700,3001,699,50,0,0.0,6.081872709096969,7.068766358667431,591.6141176223755,0.0794138109303894,0.9441723604439428,0.3895041892743546
thermal,lakeSide,P3_MOG2,3259,125,0,2117,0.6151608798400291,1.0,0.6062127976190477,0.7548349739432543,0.1838441235837107,3858879,406489023,1669391,4114202,0.4839884355871964,0.9959099434368148,0.0040900565631852,0.5160115644128035,0.6980265073883873,0.5716285725776629,1.3898474567516212,108.4576258862025,108.4576258862025,364.575,146.475,2.116465776579052,693.5235056694237,701.57421875,192.9028612247758,4.499042118880234,158.95357263714504,215.03734588623047,345.6919193267822,494.5459365844727,0.5924377385929831,5501,1000,6500,5501,999,50,0,0.0,4.662188692964916,5.109921800064958,874.4036030769348,0.3292549777383909,0.8177056616372868,0.1358864994859902
thermal,library,P3_MOG2,2553,672,1,1075,0.7498256219483841,0.999608457321848,0.7036934950385888,0.8259462956971854,0.5194572411518308,41066427,256205922,3274593,20894838,0.6627758003326756,0.9873801969292376,0.0126198030707623,0.3372241996673244,0.9261498044023344,0.772634887387416,7.519069549701971,107.67662752848176,107.67662752848176,364.575,155.2,2.480755265827263,812.8939263761334,819.3671875,272.49825087579785,4.73834140698431,160.29566056615835,211.0443115234375,339.0929698944092,428.4801483154297,0.5938153917693559,4301,600,4900,4301,599,50,0,0.0,4.669076958846781,5.246519148557492,689.431636095047,0.3391815594116136,1.0041526456876202,0.636857595992534
thermal,park,P3_MOG2,294,49,0,8,0.9772079772079773,1.0,0.9735099337748344,0.9865771812080536,0.9148097947734568,576933,34434929,60211,138204,0.8067447216407485,0.9982545077364522,0.0017454922635478,0.1932552783592514,0.9054986000025111,0.8532738387953391,0.5635144534648222,149.6789886039886,149.6789886039886,341.8,167.6,2.798105712629791,916.88327991453,917.50390625,27.925755591479188,3.86450341413436,231.8018691831844,254.8055648803711,397.5995779037476,486.13011837005615,0.8376068376068376,351,250,600,351,249,50,0,0.0,5.88803418803419,7.019084126525278,81.36245608329773,0.0906442275945717,1.0657862395012483,0.7685333545697002
turbulence,turbulence0,P3_MOG2,1359,82,2560,0,0.3601599600099975,0.3467721357489155,1.0,0.5149677908298598,0.1037439109810127,803299,685363187,3748108,496734,0.6179066223703552,0.994560954047343,0.005439045952657,0.3820933776296448,0.1764946531918591,0.2745645516317351,0.6148279768665673,165.53862784303925,165.53862784303925,463.875,168.6,3.0796670937532187,1009.14531621001,1017.9296875,6.424655040360606,4.942388930982432,210.32088472079823,202.3313045501709,283.3564281463623,338.0427360534668,0.9795051237190704,4001,1000,5000,4001,999,50,0,0.0,6.597525618595353,7.75319909191615,841.4938597679138,-0.019766716371668,0.3530407802320486,0.1522738544293827
turbulence,turbulence1,P3_MOG2,1400,0,1401,0,0.4998214923241699,0.4998214923241699,1.0,0.6665079742918353,0.0,1061908,474859373,5925994,772261,0.5789586455773704,0.9876743461703568,0.0123256538296432,0.4210413544226295,0.1519637796866642,0.2407389376031999,1.3878955368271706,164.20634594787575,164.20634594787575,190.1,168.75,3.4463817585540304,1129.3103746429847,1150.06640625,4.361384871635835,4.393892157355727,239.32238895098936,227.58865356445312,342.9539203643799,442.7964687347412,1.0,2801,1200,4000,2801,1199,50,0,0.0,6.700000000000002,7.840545988243305,670.3420114517212,-0.0164409625230715,0.4916039459006425,0.1087451172434847
turbulence,turbulence2,P3_MOG2,534,2057,1317,93,0.6475881029742564,0.2884927066450567,0.8516746411483254,0.4309927360774818,0.3363581339969645,113073,405942934,105146,36635,0.7552902984476447,0.9997410503701926,0.0002589496298073,0.2447097015523552,0.5181629463978847,0.6146491015880867,0.0349044244426067,121.67257560609848,121.67257560609848,364.575,152.725,2.290095796706646,750.4185906648338,753.92578125,75.37429065859834,6.554798299064047,78.56957580530175,15.334606170654297,193.87435913085932,249.2859363555908,0.4626343414146463,4001,500,4500,4001,499,50,0,0.0,4.013171707073232,4.731024406204688,314.3568727970124,0.2511403849186797,0.8102236284239688,0.4340104854659639
turbulence,turbulence3,P3_MOG2,541,3,857,0,0.3882940756602427,0.3869814020028612,1.0,0.5580195977307891,0.0367414632706128,2850088,236781830,1310111,1044498,0.7318076940655567,0.9944974576018932,0.0055025423981066,0.2681923059344434,0.6850845356195702,0.7076757480181036,0.9730330978302772,164.20840471092075,164.20840471092075,188.575,167.875,2.5179208388590624,825.0723004773376,829.7109375,4.75055827036178,4.743909652828439,220.39613597823583,210.79659461975092,293.40147972106934,353.9707660675049,0.9978586723768736,1401,800,2200,1401,799,50,0,0.0,6.689293361884369,8.103660119392519,308.7749865055084,-0.011979694069394,0.3836424314248748,0.3794366591843626
badWeather,blizzard,ASMAG_TR_FAST,1690,2270,2015,126,0.6490739223078184,0.4561403508771929,0.9306167400881056,0.6122079333454085,0.4310269648700323,9380117,1036269073,2669152,2876402,0.7653165633733363,0.9974308847862442,0.0025691152137558,0.2346834366266637,0.7784801717017024,0.7718422459703838,0.5275477290628462,106.47954843468284,106.47954843468284,352.825,129.225,2.037525993744832,667.6565195510982,684.1953125,28.254068875858422,29.988017102083425,99.69372077958153,33.34546089172363,299.73506927490234,388.8576030731201,0.2876577610227832,6101,900,7000,6101,899,50,2146,0.3517456154728733,3.2734633666612027,3.584052778532829,608.2313904762268,0.3397671639386768,0.8696079280768988,0.2917064645738513
badWeather,skating,ASMAG_TR_FAST,861,0,2238,2,0.2776523702031602,0.2778315585672797,0.9976825028968712,0.4346289752650176,-0.0409099409800508,12572962,272797889,10973866,2200714,0.8510381573279392,0.9613285473038006,0.0386714526961994,0.1489618426720607,0.5339556563627169,0.6562002420427456,4.412923003333453,167.53003063527893,167.53003063527893,264.625,171.525,1.9064316362075289,624.6995374475975,632.11328125,8.191082937996244,4.068667612784818,231.80727272870195,245.78070640563965,320.7030296325684,381.14333152771,0.8932602386326991,3101,800,3900,3101,799,50,329,0.1060948081264108,6.276910673976136,7.468047800188596,718.8343527317047,-0.0263045666902823,0.2703488449144362,0.2833846506418072
badWeather,snowFall,ASMAG_TR_FAST,800,868,3963,70,0.2925802490791089,0.1679613688851564,0.9195402298850576,0.2840404757677969,0.0962289584397168,7164358,974629150,1069086,592477,0.9236187182014314,0.9989042862223644,0.0010957137776356,0.0763812817985686,0.8701532432843413,0.8960891801825346,0.1689515920956596,103.9507761796176,103.9507761796176,352.825,124.675,2.5075771498734483,821.6828962298281,837.75,37.5170343330624,36.51316694378912,78.11567319566545,27.374982833862305,281.4311981201172,339.2422199249268,0.2475004385195579,5701,800,6500,5701,799,50,3361,0.5895456937379407,3.0964567619715835,3.422712367533966,445.3374528884888,0.3684511764131041,0.4003817860475456,0.3041751416502357
badWeather,wetSnow,ASMAG_TR_FAST,853,222,1893,33,0.3582139286904365,0.3106336489439184,0.9627539503386005,0.4697136563876652,0.1107793854333006,3903833,460220306,619305,2111030,0.6490310751882462,0.998656137655667,0.001343862344333,0.3509689248117538,0.8630806754072062,0.7409057941824071,0.5848364216383198,128.5682189270243,128.5682189270243,264.625,164.05,2.414370659628299,791.1409894618461,799.0546875,23.560387365927824,22.643884057032107,119.70263630181542,44.16203498840332,255.0199031829834,287.60385513305664,0.4505164945018327,3001,500,3500,3001,499,50,1394,0.4645118293902032,4.099033655448183,4.790360312457895,359.22761154174805,0.2295536288733163,0.4404432359342935,0.0769765479364529
baseline,highway,ASMAG_TR_FAST,1226,0,0,5,0.9959382615759546,1.0,0.9959382615759546,0.997964997964998,0.0,5309134,86078244,214467,148855,0.9727271344812164,0.9975146568288948,0.0024853431711051,0.0272728655187835,0.9611726118523044,0.9669153556087962,0.3959882594901183,169.75036555645818,169.75036555645818,341.8,173.025,2.354903321843337,771.6547205016248,774.27734375,23.385329800155084,4.898840551611046,183.8112136970973,203.99737358093265,268.4544324874878,331.64529800415045,0.8367181153533713,1231,470,1700,1231,469,50,196,0.1592201462225832,5.999512591389113,7.369778349985962,226.2716040611267,-0.0087762301482418,0.987197678178924,0.8062254723253428
baseline,office,ASMAG_TR_FAST,1389,2,19,71,0.9392302498311952,0.9865056818181818,0.9513698630136986,0.9686192468619248,0.0254556034029492,7785227,113190727,3347959,856867,0.9008496089026572,0.9712716942766972,0.0287283057233029,0.0991503910973428,0.6992811401875438,0.7873695846531631,3.359002875681075,169.09821066846726,169.09821066846726,364.575,171.95,2.467383378909135,808.5121908760972,811.67578125,47.01871843248603,4.91918530872277,138.93977473669162,202.40283012390137,233.49833488464355,263.09318542480474,0.6401080351114112,1481,570,2050,1481,569,50,460,0.3106009453072249,5.031600270087777,6.137208267654504,205.76980638504028,-0.002212848890374,0.9371518752150504,0.4605072559020415
baseline,pedestrians,ASMAG_TR_FAST,631,32,134,3,0.82875,0.8248366013071895,0.995268138801262,0.902072909220872,0.3728055606190726,605415,65485590,2070979,65447,0.9024434235356898,0.9693445207378724,0.0306554792621277,0.0975565764643101,0.2262054839459362,0.3617380923359313,3.1313299778207977,168.34215625000002,168.34215625000002,364.575,171.875,2.5577558130025864,838.1254296875,839.55859375,42.855544355501664,4.56678000169825,159.78475481271744,217.8225517272949,265.27965068817133,295.5864381790161,0.68875,800,300,1099,800,299,50,214,0.2675,5.270499999999998,6.651471131979121,127.82780385017396,0.0026684010440327,0.8309614373652422,0.4476456455546559
baseline,PETS2006,ASMAG_TR_FAST,851,0,0,50,0.944506104328524,1.0,0.944506104328524,0.9714611872146118,0.0,4099547,301585248,65128056,728643,0.8490856822121747,0.8224006184406116,0.1775993815593884,0.1509143177878252,0.0592183872089287,0.1107150928759887,17.725260856059325,139.24031631520535,139.24031631520535,264.625,166.825,2.9099295062574244,953.5257049458936,955.8046875,17.45594306440628,4.257804902313097,163.9003237661855,234.8628044128418,336.5161418914795,382.33256340026855,0.5715871254162043,901,300,1200,901,299,50,336,0.3729189789123196,4.695227524972252,5.662418287940582,147.67419171333313,0.1687959053158111,1.1039348672849674,0.3364971551880596
cameraJitter,badminton,ASMAG_TR_FAST,351,0,0,0,1.0,1.0,1.0,1.0,0.0,3825941,114313997,1114345,272366,0.9335418259295852,0.9903460018510878,0.0096539981489121,0.0664581740704149,0.7744371479707854,0.8465788867802765,1.1601688925454607,166.91032763532763,166.91032763532763,232.725,170.975,2.2158000543925835,726.0733618233618,727.1640625,5.635361023581037,3.9244582506830334,237.1439818303469,254.812240600586,317.0483112335205,362.6366853713989,0.8717948717948718,351,800,1150,351,799,50,45,0.1282051282051282,6.171794871794869,7.59531355564977,83.23753762245178,0.0023364038368452,1.0023364038368452,0.7034427803230219
cameraJitter,boulevard,ASMAG_TR_FAST,998,0,711,2,0.5832846288720047,0.5839672322995904,0.998,0.7368032484311554,-0.0288455461969576,5005525,84395041,27089658,485197,0.9116332970418098,0.7570100808183552,0.2429899191816448,0.0883667029581902,0.1559587617867765,0.2663511760592169,23.57320432298337,170.85996493278782,170.85996493278782,364.575,171.25,1.7450040436013967,571.8030619886032,578.1640625,18.003429829323814,5.38252282658214,166.06225304127017,185.7318878173828,240.4540777206421,296.23219966888445,0.8410286382232612,1711,790,2500,1711,789,50,270,0.1578024547048509,6.02092343658679,7.223147746369483,284.1325149536133,-0.0305028656471667,0.5654927762034644,0.40921696660057
cameraJitter,sidewalk,ASMAG_TR_FAST,400,0,0,1,0.9975062344139652,1.0,0.9975062344139652,0.9987515605493134,0.0,172886,9788731,34425,90343,0.6567893355215421,0.9964955254706328,0.0035044745293671,0.3432106644784579,0.8339451355692655,0.7348408211841714,1.23699422538402,165.8459476309227,165.8459476309227,341.8,170.9,2.005175045898133,657.0557590399003,657.98046875,15.918333441830056,4.854850041843135,212.6819457199211,205.979585647583,301.8062114715576,1060.3923797607422,0.8528678304239401,401,800,1200,401,799,50,58,0.1446384039900249,6.0788029925187015,7.003369139542342,85.28546023368835,0.0009565421171464,0.9984603911392984,0.1015463634733699
cameraJitter,traffic,ASMAG_TR_FAST,511,0,160,0,0.7615499254843517,0.7615499254843517,1.0,0.8646362098138748,0.0,2857300,43290275,3651701,303456,0.903992589114756,0.9222081959225576,0.0777918040774423,0.0960074108852439,0.4389767339104726,0.590976588139702,7.894094477722293,167.07280178837556,167.07280178837556,364.575,169.45,1.7593882122977835,576.5163294057377,577.40625,13.684850027290098,4.76664454364448,213.9134193852477,209.73610877990723,338.62578868865967,748.2163906097395,0.8807749627421758,671,900,1570,671,899,50,80,0.1192250372578241,6.215797317436659,7.236292894862555,143.53590440750122,-0.0392449783262447,0.7316629151643651,0.5593607224778383
dynamicBackground,boats,ASMAG_TR_FAST,1160,4,4936,0,0.1908196721311475,0.1902887139107611,1.0,0.3197353914002205,0.0124128937114644,1440753,245487487,231712,110098,0.9290080091511048,0.9990570049025758,0.0009429950974241,0.0709919908488952,0.8614547987551309,0.8939570305858936,0.1382334819764868,167.11770081967214,167.11770081967214,364.575,169.55,2.207381504480956,723.3148360655738,738.68359375,13.926818374306162,4.480416689431261,208.24720277160893,223.1060266494751,287.2956991195679,337.8383350372316,0.8849180327868853,6100,1900,7999,6100,1899,50,698,0.1144262295081967,6.236032786885244,7.353790108896635,1270.3079369068146,-0.0192228447863657,0.1871515751915852,0.0254518240962229
dynamicBackground,canoe,ASMAG_TR_FAST,247,0,143,0,0.6333333333333333,0.6333333333333333,1.0,0.7755102040816326,0.0,985767,27515787,903934,57602,0.9447923026273544,0.9681934245589532,0.0318065754410467,0.0552076973726457,0.5216523672263496,0.6721742065480879,3.2635273489644163,168.31897435897434,168.31897435897434,364.575,170.275,2.0853545726873937,683.3289863782052,683.61328125,7.985912163007316,4.493605114315155,219.9660771932357,222.53847122192383,292.773389816284,325.309579372406,0.9384615384615383,390,800,1189,390,799,50,24,0.0615384615384615,6.4984615384615365,7.616243045199683,85.78677010536194,-0.0288719999122286,0.6150477333889218,0.8264928945533411
dynamicBackground,fall,ASMAG_TR_FAST,1092,0,1908,1,0.3638787070976341,0.364,0.9990850869167428,0.5335939408746639,-0.0241222868101577,16090436,964954202,51453803,2247561,0.8774369414500395,0.9493768223519649,0.0506231776480351,0.1225630585499605,0.2382207015464338,0.3747092937822439,5.189811209340628,165.09052815728091,165.09052815728091,297.225,170.3,1.9450368503060829,637.3498482276741,649.6953125,6.153928760272739,4.141896582541107,230.4014389771535,241.43528938293457,331.4981460571289,400.97737312316895,0.866044651782739,3001,1000,4000,3001,999,50,401,0.1336221259580139,6.143585471509495,7.323451668202574,691.4347183704376,-0.0077194976135556,0.3610697462865702,0.0622618421370649
dynamicBackground,fountain01,ASMAG_TR_FAST,169,0,616,0,0.2152866242038216,0.2152866242038216,1.0,0.3542976939203354,0.0,73752,90610263,2672792,3751,0.9516018734758654,0.9713475078619584,0.0286524921380415,0.0483981265241345,0.0268526555554908,0.0522314253268447,2.8668883919909733,169.06824840764332,169.06824840764332,364.575,170.9,2.114634847944709,692.9235469745223,694.390625,11.159524853804598,4.018183020048265,222.34732178366107,248.8687038421631,341.7335033416747,449.3020629882812,0.8751592356687898,785,400,1184,785,399,50,98,0.1248407643312101,6.188280254777069,7.419610699001999,174.54264760017395,-0.0259528981915183,0.2096993123638641,0.0947374081917398
dynamicBackground,fountain02,ASMAG_TR_FAST,196,143,657,4,0.339,0.2297772567409144,0.98,0.3722697056030389,0.179324877293876,189510,123744874,217457,77719,0.7091670439959735,0.9982457816157072,0.0017542183842928,0.2908329560040265,0.4656642921907673,0.5621807308260506,0.2376052849257455,153.2717,153.2717,364.575,162.75,1.7582377433776857,576.13940234375,582.72265625,61.55595741154576,65.92695978974723,77.0962381362915,14.901995658874512,295.59594392776467,421.2126445770264,0.281,1000,500,1499,1000,499,50,572,0.572,3.2621999999999995,4.113241780632744,77.0962381362915,0.0786082371582109,0.3656481923966335,0.3069766265748996
dynamicBackground,overpass,ASMAG_TR_FAST,636,141,1223,1,0.3883058470764617,0.342119419042496,0.998430141287284,0.5096153846153846,0.1846935796824966,1923864,145157280,473099,54028,0.9726840494829848,0.9967513714978384,0.0032486285021616,0.027315950517015,0.8026256558820474,0.879509835183109,0.3571121024783225,138.36191904047973,138.36191904047973,512.7,161.65,2.108485212569115,690.9084403110944,695.10546875,33.46714177809098,5.6562226076074325,250.96445200384883,175.54521560668945,607.612133026123,715.4405117034912,0.5227386306846576,2001,1000,3000,2001,999,50,813,0.4062968515742129,4.454322838580709,5.250498307992324,502.1798684597016,0.1129112347156352,0.4321499397171657,0.7057656573711876
intermittentObjectMotion,abandonedBox,ASMAG_TR_FAST,2033,0,0,18,0.9912237932715748,1.0,0.9912237932715748,0.995592556317336,0.0,169488,14770238,37355,579316,0.226344944738543,0.9974773077569056,0.0025226922430944,0.773655055261457,0.8194040890917266,0.3547083808142546,3.964099141979984,161.79633105802048,161.79633105802048,364.575,164.05,1.867621541313867,611.9822647489029,617.5390625,15.768212577400512,4.274271342547725,221.2277092275708,233.83045196533203,371.1872100830078,607.1926355361938,0.8083861530960507,2051,2450,4500,2051,2449,50,375,0.1828376401755241,5.860214529497805,6.891813378483415,453.7380316257477,0.0124364180806562,1.003551066776194,0.0015930852679237
intermittentObjectMotion,parking,ASMAG_TR_FAST,532,113,659,97,0.4603854389721627,0.4466834592779177,0.8457869634340223,0.5846153846153846,-0.0109240423672232,184498,2552257,136933,40893,0.8185686207523815,0.9490802063074756,0.0509197936925245,0.1814313792476186,0.5739894409686682,0.6748009407083109,6.10125434839519,119.56470378301212,119.56470378301212,364.575,163.6,1.8309283562850136,599.9586121520342,606.24609375,131.11231619773133,142.4405352170074,61.22706925162752,6.507158279418945,237.3332977294922,295.2044010162353,0.2483940042826552,1401,1100,2500,1401,1099,50,843,0.6017130620985011,3.102141327623126,3.6686027723005776,85.77912402153015,0.274245946611351,0.5866442794891659,0.0899981856500617
intermittentObjectMotion,sofa,ASMAG_TR_FAST,2089,0,4,158,0.928031985784096,0.998088867654085,0.9296840231419672,0.962672811059908,-0.0115923741230169,5359722,123809319,38019579,2028958,0.7253964172220208,0.7650631038715965,0.2349368961284034,0.2746035827779793,0.1235548262983767,0.2111457613411886,23.6668893819057,167.51027321190583,167.51027321190583,364.575,170.9,2.1510358547327626,704.8514410262105,710.421875,53.96308522749743,3.832287007807468,169.3059973375684,258.6171627044678,350.071668624878,409.2917442321777,0.5686361617059085,2251,500,2750,2251,499,50,813,0.3611728120835184,4.679298089737894,5.859159711408785,381.10780000686646,-0.0259513021872087,0.9039483472816174,0.023624009975383
intermittentObjectMotion,streetLight,ASMAG_TR_FAST,2449,2,546,29,0.8099801718440185,0.8176961602671119,0.9882970137207424,0.8949387904257263,-0.0307991202204365,496998,6852379,6973618,207947,0.7050167034307641,0.4956155422281663,0.5043844577718337,0.2949832965692359,0.066527044088466,0.1215813813877726,49.42257012656165,164.3546348314607,164.3546348314607,512.7,167.6,1.7704806379821232,580.1511961438367,590.92578125,23.697096660097507,3.694325122474569,241.1243743795633,270.565390586853,382.7362656593323,551.2983202934265,0.8189028420356906,3026,175,3200,3026,174,50,517,0.1708526107072042,5.911599471249173,6.873259976805523,729.6423568725586,-0.0251302019657719,0.7896252065373076,0.000137070758749
intermittentObjectMotion,tramstop,ASMAG_TR_FAST,1826,0,0,55,0.9707602339181286,1.0,0.9707602339181286,0.9851632047477744,0.0,485638,6563219,35506,960573,0.3358002393841562,0.9946192635698564,0.0053807364301437,0.6641997606158437,0.931869118708073,0.493696358816787,12.381440946205164,153.27866826156298,153.27866826156298,390.625,164.475,1.8242889550821,597.7830359516215,602.890625,20.68579274440612,3.9844585082067816,208.8070307431989,250.36120414733887,361.3278865814209,569.4643974304208,0.7177033492822966,1881,1320,3200,1881,1319,50,476,0.253056884635832,5.413822434875065,6.231985484509018,392.7660248279572,0.0506924873025748,1.019970484749868,0.0003061284600693
intermittentObjectMotion,winterDriveway,ASMAG_TR_FAST,1030,78,313,80,0.7381745502998002,0.766939687267312,0.927927927927928,0.8397880146759069,0.1822253165803709,654896,77582202,13686346,36474,0.9472438780971116,0.8500431276719774,0.1499568723280225,0.0527561219028884,0.0456652220219141,0.0871300343546417,14.922610087581852,164.33937375083278,164.33937375083278,364.575,170.9,2.1315952446522672,698.4811323700866,701.90625,72.98533836249764,82.60731870642455,110.71915216719128,10.999679565429688,289.23678398132324,356.1117649078369,0.4017321785476349,1501,1000,2500,1501,999,50,740,0.4930046635576282,3.857961359093937,4.824372029501054,166.1894474029541,-0.0180977411125845,0.7248152583925759,0.0899102075978738
lowFramerate,port_0_17fps,ASMAG_TR_FAST,200,32,1766,3,0.1159420289855072,0.1017293997965412,0.9852216748768472,0.1844167819271553,0.0069536520095072,2431,148879399,5039724,43360,0.0530890349632023,0.9672573238349338,0.0327426761650662,0.9469109650367976,0.0004821351188132,0.0009555919029014,3.301456070699328,147.178948025987,147.178948025987,352.825,165.425,2.001775538307735,655.9418630528486,660.2109375,12.724902997463722,3.906682327036586,209.6173881233364,255.97167015075684,348.7811088562012,411.80920600891113,0.7076461769115442,2001,1000,3000,2001,999,50,550,0.2748625687156422,5.365717141429284,6.382909307549656,419.44439363479614,0.1061935320179783,0.128254322552809,0.0
lowFramerate,tramCrossroad_1fps,ASMAG_TR_FAST,147,1,352,1,0.2954091816367265,0.2945891783567134,0.9932432432432432,0.4544049459041732,-0.0283903260363576,265145,12377355,76291,90426,0.745687921680902,0.9938740028422198,0.0061259971577801,0.254312078319098,0.7765584179758432,0.7608101496828582,1.30153935248345,161.3742015968064,161.3742015968064,264.625,168.75,2.2400512666759376,734.0199990643713,735.1640625,9.879392175007952,4.279548323046769,207.4222402896234,233.66951942443848,315.00864028930664,369.138240814209,0.8143712574850299,501,400,900,501,399,50,91,0.1816367265469061,5.890019960079839,7.138111196127071,103.91854238510132,0.0050744008567472,0.2969082062411149,0.1396820742050278
lowFramerate,tunnelExit_0_35fps,ASMAG_TR_FAST,822,30,1126,23,0.4257871064467766,0.4219712525667351,0.9727810650887574,0.5886143931256713,-0.0038983512021125,3110084,138513993,38360735,1876299,0.6237154265927828,0.7831191859133205,0.2168808140866794,0.3762845734072172,0.0749945160234236,0.1338902846538196,22.12514472101735,129.41091954022988,129.41091954022988,268.55,157.825,2.2414857896788605,734.4901299350324,739.3046875,20.59111597617756,4.969825369629151,139.62997191551625,201.21431350708008,280.9486389160156,343.37377548217773,0.527736131934033,2001,2000,4000,2001,1999,50,892,0.4457771114442778,4.483258370814592,5.141841035286735,279.399573802948,0.2087060251649826,0.5146514409997827,0.0497205177623808
lowFramerate,turnpike_0_5fps,ASMAG_TR_FAST,350,0,351,0,0.4992867332382311,0.4992867332382311,1.0,0.6660323501427212,0.0,1370081,22169370,293830,435750,0.7586983499563359,0.9869194949962604,0.0130805050037394,0.2413016500436641,0.8234100261372153,0.7897307638435364,3.006218089218313,164.11619115549215,164.11619115549215,364.575,168.6,1.7881461795148428,585.9398069721826,592.6171875,18.476208383507668,4.872027366868201,188.32131221188968,205.0788402557373,272.36104011535645,315.10376930236816,0.8687589158345221,701,800,1500,701,799,50,92,0.1312410841654779,6.156918687589157,7.300354988108494,132.01323986053467,-0.0087383607989033,0.4949237856210896,0.3645529903484803
nightVideos,bridgeEntry,ASMAG_TR_FAST,723,2,776,0,0.4830113257828115,0.4823215476984656,1.0,0.6507650765076507,0.0352122301323815,270780,39880627,1215661,320706,0.4577961270427364,0.9704192018510284,0.0295807981489715,0.5422038729572636,0.1821666652090463,0.260625132644217,3.685413857789576,162.6840106595603,162.6840106595603,315.025,168.875,2.237430324084277,733.161168595936,738.31640625,8.55880374272866,4.005225322953988,227.4374135885932,249.67384338378903,336.05265617370605,393.8484191894531,0.8414390406395736,1501,1000,2500,1501,999,50,236,0.1572285143237841,6.022918054630245,7.106044658041092,341.38355779647827,-0.002905871470351,0.4816077569513627,0.0059562459056491
nightVideos,busyBoulvard,ASMAG_TR_FAST,559,8,1463,1,0.2791728212703102,0.2764589515331355,0.9982142857142856,0.4329976762199845,0.0245759326132726,201967,31710058,431259,974003,0.1717450275092051,0.9865824104220744,0.0134175895779255,0.8282549724907948,0.3189493166736678,0.2232671308139085,4.2178164146438455,164.36163220088625,164.36163220088625,364.575,171.25,1.8549819699301031,607.8404976766371,612.9296875,14.767911829614368,5.272929104735612,169.389823808393,189.5322799682617,258.1009864807129,301.96249485015886,0.7769571639586411,2031,730,2760,2031,729,50,444,0.2186115214180206,5.706646971935006,6.897828902524714,344.0307321548462,-0.0133634077361369,0.2754421210308274,0.0008888907633535
nightVideos,fluidHighway,ASMAG_TR_FAST,446,0,519,0,0.4621761658031088,0.4621761658031088,1.0,0.6321757618710134,0.0,811110,107738810,3324293,783451,0.5086729200074503,0.9700684303769184,0.0299315696230817,0.4913270799925496,0.1961380789248351,0.283111726356396,3.646217979453222,162.26199481865285,162.26199481865285,252.025,167.225,2.314972865149147,758.5703165479274,762.8515625,5.912202100024008,3.916422102557255,239.8219491533665,255.3350925445557,332.0984363555908,404.90208625793457,0.8632124352331606,965,400,1364,965,399,50,132,0.1367875647668393,6.129740932642486,7.198580916944174,231.42818093299863,0.0135264391785099,0.4684277635996014,0.0559772211448663
nightVideos,streetCornerAtNight,ASMAG_TR_FAST,1002,1737,1643,19,0.6223585548738922,0.3788279773156899,0.9813907933398628,0.5466448445171849,0.4269343044089327,1233584,310691742,3394361,329462,0.7892179756705817,0.9891928965733324,0.0108071034266676,0.2107820243294183,0.266551136627596,0.3985093824235893,1.1797348454121763,159.57522154055897,159.57522154055897,488.275,165.475,2.211092339675824,724.5307378649738,734.27734375,62.04296250099754,61.04179764815461,70.19746961769151,15.704631805419922,188.9581680297852,244.6134090423584,0.3976369007043853,4401,800,5200,4401,799,50,1055,0.2397182458532152,3.812156328107248,4.681867154859966,308.9390637874603,0.0204889399223389,0.6351100219148571,0.1109341124468651
nightVideos,tramStation,ASMAG_TR_FAST,1126,0,1375,0,0.4502199120351859,0.4502199120351859,1.0,0.6208988144472015,0.0,1318897,89317267,582708,1222769,0.5189104311896213,0.9935182629361132,0.0064817370638868,0.4810895688103787,0.6935704312935652,0.5936603911847826,1.9530992531817992,168.9049080367853,168.9049080367853,546.875,170.9,2.449427447953924,802.6284017642943,808.4609375,13.126568023892869,5.115279356453273,180.1539277706276,195.47677040100092,255.69629669189453,303.6055564880371,0.8660535785685726,2501,500,3000,2501,499,50,335,0.1339464214314274,6.143662534986005,7.510239973280706,450.5649733543396,-0.0416014994601283,0.4314900886077151,0.0403971171222155
nightVideos,winterStreet,ASMAG_TR_FAST,400,0,486,0,0.4514672686230248,0.4514672686230248,1.0,0.6220839813374806,0.0,1208506,63682258,1791104,790019,0.6046989654870467,0.9726437753417948,0.0273562246582052,0.3953010345129533,0.4028877087354689,0.483582776375588,3.8254791955055296,166.19825056433407,166.19825056433407,341.8,169.77499999999998,2.675431455500239,876.6853793383183,878.5625,7.726199448735802,4.509701672752941,204.76593363096697,221.74417972564697,283.14530849456787,350.1308321952818,0.8600451467268623,886,900,1785,886,899,50,124,0.1399548532731377,6.114221218961624,7.237413544667941,181.4226171970368,-0.0104729457907068,0.4467390763924573,0.1097438506418707
PTZ,continuousPan,ASMAG_TR_FAST,79,2,1020,0,0.0735694822888283,0.0718835304822566,1.0,0.134125636672326,0.0118605341786303,694519,174321786,10125226,469759,0.5965233389276444,0.9451049605509468,0.0548950394490532,0.4034766610723556,0.0641899601145868,0.115907487827752,5.708157623385948,154.69014532243412,154.69014532243412,217.025,167.2,2.822543143359885,924.8909372161672,926.61328125,6.339632637399925,4.039451622068023,221.33274883925105,247.5583553314209,314.16893005371094,354.3715476989746,0.8074477747502271,1101,600,1700,1101,599,50,210,0.1907356948228883,5.856312443233423,7.112649206715028,243.68735647201532,0.0615229670544481,0.0780956951238966,0.0053762630133374
PTZ,intermittentPan,ASMAG_TR_FAST,725,77,1480,19,0.3485441112559757,0.3287981859410431,0.974462365591398,0.4916920990166158,0.0559483736980026,2497375,202444559,8691805,526459,0.8258968580947235,0.95883321643258,0.0411667835674199,0.1741031419052765,0.2231955335422256,0.3514208879270787,4.304377791059009,154.04322033898305,154.04322033898305,364.575,167.4,2.859996459319352,937.1636397897652,941.26953125,22.134651787789245,4.770596872835387,160.5741151878493,209.58375930786133,278.23877334594727,331.61044120788574,0.6631899174272056,2301,1200,3500,2301,1199,50,681,0.2959582790091264,5.145545415036939,6.109565234376318,369.4810390472412,0.0599813947345547,0.3694502731756249,0.1643126473996157
PTZ,twoPositionPTZCam,ASMAG_TR_FAST,456,52,988,5,0.3384410393071286,0.3157894736842105,0.9891540130151844,0.4787401574803149,0.0944979503349051,924799,70245236,281637,164075,0.849316817189133,0.9960066711025172,0.0039933288974828,0.150683182810867,0.7665545457861005,0.8058162078324932,0.62236591625582,151.7915389740173,151.7915389740173,364.575,165.875,2.153348565339883,705.609257890573,707.5703125,23.216328599702955,5.106299260529001,146.7129340734107,195.62697410583496,268.9592838287353,330.1992416381836,0.6335776149233844,1501,800,2300,1501,799,50,493,0.3284477015323118,5.000732844770153,5.841531779896092,220.21611404418945,0.0530381172990076,0.3563913148486982,0.162316615400567
PTZ,zoomInZoomOut,ASMAG_TR_FAST,311,0,316,4,0.4928684627575277,0.4960127591706539,0.9873015873015872,0.6602972399150744,-0.0799989873609994,46723,24017897,7849,4004,0.9210676759910896,0.9996733087913274,0.0003266912086725,0.0789323240089104,0.8561716631239463,0.8874348284409158,0.0492306327425948,168.15376386687797,168.15376386687797,364.575,172.875,2.180939789997228,714.6503503862916,715.015625,23.857077152283328,4.930745330297198,172.2550826669684,202.80909538269043,234.0623140335083,276.2064456939697,0.8161648177496038,631,500,1130,631,499,50,112,0.1774960380348653,5.898573692551504,7.340940315450412,108.69295716285706,-0.0448565409008481,0.4707600883991065,0.2018247663785599
shadow,backdoor,ASMAG_TR_FAST,559,193,846,3,0.4697064334790756,0.397864768683274,0.994661921708185,0.5683782409761058,0.2627170677303354,1912850,91994137,7833650,111747,0.9448053118719428,0.9215283616374268,0.0784716383625733,0.055194688128057,0.1962601959677833,0.3250079410610583,7.800894478817502,140.96213304184886,140.96213304184886,364.575,170.9,2.2532802384618966,738.3548709790756,740.64453125,101.60223619482936,86.63948276218215,82.20579607794986,9.850025177001951,222.0509052276612,249.2904663085937,0.3716427232979388,1601,400,2000,1601,399,50,810,0.5059337913803873,3.708806995627732,4.562184891438427,131.61147952079773,0.1542709937130675,0.5421685117253134,0.4499317794092495
shadow,bungalows,ASMAG_TR_FAST,577,115,704,5,0.4939329050678087,0.4504293520686963,0.9914089347079038,0.6194310252281267,0.232130917690717,4292175,78221372,865082,864613,0.8323349728551959,0.989061565461008,0.0109384345389919,0.167665027144804,0.8322592804663409,0.8322971249398271,2.0532151409842467,164.61771948608137,164.61771948608137,364.575,170.9,2.3525337250550926,770.8782566024269,774.9296875,62.41690410070085,62.58754010296202,111.6358163440168,14.47772979736328,268.1009769439697,309.1528415679932,0.4511063526052819,1401,300,1700,1401,299,50,649,0.4632405424696645,4.101855817273376,5.234737301748432,156.40177869796753,0.0182588641542165,0.5029515588827393,0.3176196364555298
shadow,busStation,ASMAG_TR_FAST,819,40,66,26,0.9032597266035752,0.9254237288135592,0.9692307692307692,0.9468208092485548,0.4291931525754287,2708789,76530291,93386,242420,0.917857393359806,0.9987812383370744,0.0012187616629256,0.0821426066401939,0.9666737445020386,0.9416333065896524,0.4219999762236542,160.11246056782335,160.11246056782335,364.575,170.9,2.428776583586331,795.86148215694,797.33984375,52.37444654509426,5.269934526374777,136.41529905557883,189.2273426055908,234.61663722991943,290.02153873443604,0.6624605678233438,951,300,1250,951,299,50,259,0.2723449001051525,5.139537329127234,6.160091934272399,129.73094940185547,0.0313411346487922,0.9315689113178892,0.7758466485016058
shadow,copyMachine,ASMAG_TR_FAST,2741,18,65,77,0.9510513615994484,0.9768353528153956,0.9726756564939674,0.97475106685633,0.1775464300459375,61295270,919564999,3737543,7438395,0.8917794504337867,0.9959519845013056,0.0040480154986944,0.1082205495662133,0.9425283510341156,0.9164518781753378,1.12656553471944,146.87004481213376,146.87004481213376,290.9,165.1,2.240291738132081,734.0988034837125,741.29296875,15.102133731069088,4.5164049696236175,172.81200498681528,221.4150428771973,286.693811416626,340.0259017944336,0.692519820751465,2901,500,3400,2901,499,50,798,0.2750775594622544,5.290106859703549,6.178284506927941,501.3276264667511,0.0920403185072355,1.0385864318378015,0.9150106484169068
shadow,cubicle,ASMAG_TR_FAST,3084,568,2523,126,0.579590541183939,0.5500267522739433,0.9607476635514018,0.6995576726777816,0.2307521650847697,9988616,418493658,98947089,386577,0.962740259386018,0.8087760007813997,0.1912239992186004,0.0372597406139818,0.0916927650121693,0.1674384514313185,18.81975485620991,160.53273686716392,160.53273686716392,546.875,168.2,2.3837564086520544,781.1092999871053,799.01171875,79.72151190701183,90.57798125512892,90.18864251000412,9.647607803344728,236.8149757385254,294.13604736328125,0.4075543564513569,6301,1100,7400,6301,1099,50,3039,0.4823043961275988,3.886002221869544,4.7844424394718095,568.2786364555359,0.0123043694480879,0.5867220373312835,0.6042670024983969
shadow,peopleInShade,ASMAG_TR_FAST,593,234,105,18,0.8705263157894737,0.8495702005730659,0.9705400981996728,0.9060351413292588,0.7170776348496597,4401559,80764466,356854,503797,0.8972965468765162,0.9956009838104212,0.0043990161895787,0.1027034531234838,0.9250056689068392,0.9109404415606376,1.0004466521524091,168.4950263157895,168.4950263157895,364.575,170.9,2.659274816513061,871.3912006578947,872.34765625,60.486987019897605,5.538771923685949,107.9339233197664,173.63989353179932,239.74008560180664,290.1465964317322,0.5136842105263157,950,250,1199,950,249,50,235,0.2473684210526315,4.3931578947368415,5.559679736202456,102.53722715377808,-0.034260005747315,0.8407020792073373,0.8339042359567457
thermal,corridor,ASMAG_TR_FAST,3159,300,16,1426,0.7057743317690267,0.99496062992126,0.6889858233369683,0.8141752577319588,0.3282326617679345,11810117,358233505,1753520,530040,0.9570475480984562,0.9951289355498298,0.0048710644501701,0.0429524519015438,0.8707190409180074,0.9118445738103076,0.6133207862325776,162.35957457661704,162.35957457661704,364.575,169.325,2.8773090129627352,942.8366301201286,956.91015625,83.07689335119562,72.61983828799973,102.71902017217828,9.998559951782228,263.7662887573242,324.7354030609131,0.4378698224852071,4901,500,5400,4901,499,50,1178,0.2403591103856356,4.013385023464599,4.953723328830714,503.4259178638458,-0.0029416476428248,0.7036981923696121,0.4074912889241033
thermal,diningRoom,ASMAG_TR_FAST,2909,3,16,73,0.9703432189270244,0.9945299145299146,0.9755197853789404,0.984933130184527,0.0673540932664976,17060997,202621738,4562529,2403300,0.8765277780132517,0.9779784002614446,0.0220215997385554,0.1234722219867483,0.7890016179599941,0.8304648800692117,3.0734053095522813,165.3439436854382,165.3439436854382,364.575,168.6,3.1804278587270125,1042.1626397971509,1049.6328125,34.65808344869589,4.6702438839716685,175.77546344364296,213.76824378967285,291.78714752197266,342.991590499878,0.7574141952682439,3001,700,3700,3001,699,50,652,0.2172609130289903,5.608797067644119,6.719247733570341,527.5021657943726,-0.0229275613392822,0.9480956152549184,0.4254445376613934
thermal,lakeSide,ASMAG_TR_FAST,4728,116,9,648,0.8805671696055263,0.9981000633312224,0.8794642857142857,0.9350341145060812,0.3479441886981941,4827650,405598442,2559972,3145431,0.6054936604808103,0.9937279940528188,0.006272005947181,0.3945063395191896,0.6534782099029972,0.6285714918125818,1.3710577229921035,164.68497545900746,164.68497545900746,364.575,170.9,2.2022748964306573,721.641469306717,736.765625,91.8261104367408,111.0603188052746,95.4782648143758,9.00411605834961,284.5454216003418,328.1855583190918,0.3719323759316488,5501,1000,6500,5501,999,50,2709,0.4924559171059807,3.7089074713688417,4.659755085057372,525.2259347438812,-0.0184772774420183,0.8642966857063922,0.1769367498050775
thermal,library,ASMAG_TR_FAST,3405,600,73,223,0.9311787956289236,0.9790109258194364,0.9385336273428888,0.9583450605122432,0.766634023939154,53481997,255048850,4431665,8479268,0.8631521160841374,0.9829210104658532,0.0170789895341467,0.1368478839158625,0.9234780732739712,0.8922966351420594,4.016569656875345,162.715682399442,162.715682399442,364.575,169.45,2.5563962929084174,837.679975405429,849.33984375,75.34860406893208,5.153764961607602,134.0100442606525,194.0329074859619,313.157320022583,389.1253471374512,0.5268542199488491,4301,600,4900,4301,599,50,1272,0.2957451755405719,4.463845617298302,5.420655153337461,576.3772003650665,0.001403313137453,0.9324855310661474,0.8501202351938454
thermal,park,ASMAG_TR_FAST,296,38,11,6,0.9515669515669516,0.9641693811074918,0.9801324503311258,0.9720853858784892,0.7909015933075222,572201,34415171,79969,142936,0.8001278076788084,0.9976817313975244,0.0023182686024755,0.1998721923211916,0.8773801309474524,0.8369751635879872,0.6330680102289453,166.44914529914527,166.44914529914527,364.575,166.825,2.836704661703517,929.5313835470084,929.58203125,30.744149164355463,4.176208488618815,192.49834837736907,239.1531467437744,329.9340009689331,374.22430515289307,0.7264957264957265,351,250,600,351,249,50,57,0.1623931623931624,5.448717948717947,6.722369162492632,67.56692028045654,-0.0112407392743041,0.9408706355623432,0.7453544936694656
turbulence,turbulence0,ASMAG_TR_FAST,1359,0,2642,0,0.3396650837290677,0.3396650837290677,1.0,0.5070895522388059,0.0,982116,677851979,11259316,317917,0.7554546692276273,0.9836611065851126,0.0163388934148873,0.2445453307723727,0.0802288490431511,0.1450531386375107,1.6768602325134505,164.37755561109722,164.37755561109722,220.525,168.75,3.2740389606530176,1072.8373717117595,1110.546875,5.907074997775951,4.343228978441791,222.96982173829105,230.24344444274905,302.9446601867676,363.9078140258789,0.9025243689077732,4001,1000,5000,4001,999,50,390,0.0974756310922269,6.322369407648087,7.393721326461828,892.1022567749023,-0.0126141693627577,0.3353804908362939,0.0668367514208907
turbulence,turbulence1,ASMAG_TR_FAST,1400,0,1401,0,0.4998214923241699,0.4998214923241699,1.0,0.6665079742918353,0.0,1194502,466537297,14248070,639667,0.6512496940031153,0.97036500904987,0.0296349909501301,0.3487503059968846,0.0773512339783813,0.138278625581063,3.0847771151974253,162.31131738664763,162.31131738664763,290.9,167.6,3.6008613358987565,1179.9304726548555,1221.25390625,6.361015034262303,4.235678103717109,223.96376625804635,236.08970642089844,317.5506591796875,382.22718238830566,0.876472688325598,2801,1200,4000,2801,1199,50,346,0.123527311674402,6.194716172795428,7.350706069713715,627.3225092887878,-0.0047106932471518,0.4974669865954971,0.0190128370809305
turbulence,turbulence2,ASMAG_TR_FAST,506,613,2761,121,0.279680079980005,0.1548821548821548,0.8070175438596491,0.2598870056497175,-0.0106126417672031,54994,405430247,617833,94714,0.3673417586234536,0.9984784240329372,0.0015215759670628,0.6326582413765464,0.0817357210694576,0.1337183220166923,0.1754187297543826,118.34802549362658,118.34802549362658,546.875,116.35,2.384696960806757,781.4175001171582,788.64453125,61.124253975852966,55.91659778696174,36.61470680170076,17.791032791137695,161.76080703735352,200.4716396331787,0.1359660084978755,4001,500,4500,4001,499,50,2723,0.680579855036241,2.547888027993001,3.014583605020721,146.49544191360474,0.2716020321316403,0.355641758049314,0.0245150035021762
turbulence,turbulence3,ASMAG_TR_FAST,541,0,860,0,0.3861527480371163,0.3861527480371163,1.0,0.557157569515963,0.0,3016436,235216000,2875941,878150,0.774520321287038,0.9879208805307694,0.0120791194692305,0.225479678712962,0.5119217592492808,0.6164192099224243,1.5513636426543698,163.8195574589579,163.8195574589579,232.725,168.125,2.643316996939943,866.1621135572805,875.0546875,6.525164426820953,4.413245088858258,217.8976782554392,226.590633392334,298.184871673584,356.33277893066406,0.8950749464668094,1401,800,2200,1401,799,50,147,0.1049250535331905,6.2858672376873646,7.425697941269795,305.2746472358704,-0.0095833153713984,0.3824521244711444,0.254334892143008
badWeather,blizzard,ASMAG_TR_CONTROLLER,1816,1996,2289,0,0.6248156039993443,0.4423873325213154,1.0,0.613409896976862,0.453948093741523,10154485,1036643113,2295112,2102034,0.8284966555349035,0.9977909061917516,0.0022090938082483,0.1715033444650965,0.8156476872303577,0.8220219641160916,0.4182998464459598,152.96544828716603,152.96544828716603,352.825,163.85,2.130764512776586,698.2089181076873,715.18359375,22.20259129735995,26.499936819227173,133.998987616486,37.735939025878906,328.34410667419434,427.4828433990479,0.41321094902475,6101,900,7000,6101,899,50,1984,0.3251925913784625,3.898574004261596,4.735858205955529,817.5278234481812,0.0515285495976839,0.6570114458394315,0.3645877512112859
badWeather,skating,ASMAG_TR_CONTROLLER,863,0,2238,0,0.2782973234440503,0.2782973234440503,1.0,0.4354187689202825,0.0,12815542,272994956,10776799,1958134,0.8674579028266222,0.9620230033112352,0.0379769966887648,0.1325420971733778,0.5432077300001725,0.6680673680564756,4.265659989283172,167.63851177039666,167.63851177039666,264.625,170.975,1.953383704532696,640.0848075721541,647.84765625,6.1928817463669015,3.7658652736788327,254.4268455400808,265.54322242736816,340.6202793121338,401.17883682250977,0.9235730409545309,3101,800,3900,3101,799,50,237,0.0764269590454692,6.425507900677198,7.572603115944481,788.9776480197906,-0.0269691322248845,0.2707918861302562,0.2950003167122282
badWeather,snowFall,ASMAG_TR_CONTROLLER,863,43,4788,7,0.1589194878091563,0.1527163333923199,0.9919540229885058,0.264683330777488,0.0032970946627641,7300354,974584707,1113529,456481,0.9411511267159868,0.9988587362783752,0.0011412637216246,0.0588488732840133,0.8676557541862657,0.902910309857608,0.1596422700229281,157.32362743378354,157.32362743378354,546.875,165.625,2.596992665143457,850.9825804957463,866.953125,29.25665108572633,33.76431095690814,93.5127193562672,29.6170711517334,244.0657615661621,300.25196075439453,0.3530959480792843,5701,800,6500,5701,799,50,3648,0.6398877389931591,3.629468514295737,4.5658378984701065,533.1160130500793,0.0441865325127716,0.1659415889241486,0.3247948778781009
badWeather,wetSnow,ASMAG_TR_CONTROLLER,886,0,2115,0,0.2952349216927691,0.2952349216927691,1.0,0.4558785695909442,0.0,3883750,460201147,638464,2131113,0.6456921795226259,0.9986145635384628,0.0013854364615371,0.3543078204773741,0.8588160577982378,0.7371588914079303,0.5932420388457068,163.30373208930357,163.30373208930357,290.9,171.875,2.4586304351910875,805.6440366232089,814.42578125,16.886972921935577,4.5469568818418935,157.56472640337844,219.92731094360352,282.9678058624268,336.4744186401367,0.5774741752749084,3001,500,3500,3001,499,50,1268,0.4225258247250916,4.72962345884705,5.817412989861029,472.8517439365387,0.0214007098359038,0.3015531585853419,0.0691318021055076
baseline,highway,ASMAG_TR_CONTROLLER,1226,0,0,5,0.9959382615759546,1.0,0.9959382615759546,0.997964997964998,0.0,5309133,86078302,214409,148856,0.9727269512635516,0.9975153289598238,0.0024846710401762,0.0272730487364485,0.961182697624097,0.966920368389435,0.3959261346234961,170.42075548334688,170.42075548334688,364.575,172.875,2.378805907735197,779.4871198466694,781.453125,24.760250513913427,4.887349742949163,186.5671786905594,204.5612335205078,270.2218294143677,319.61231231689453,0.8367181153533713,1231,470,1700,1231,469,50,196,0.1592201462225832,5.999512591389113,7.129403796043677,229.6641969680786,-0.0127601592606136,0.9832299307445066,0.8062254723253428
baseline,office,ASMAG_TR_CONTROLLER,1389,2,19,71,0.9392302498311952,0.9865056818181818,0.9513698630136986,0.9686192468619248,0.0254556034029492,7786306,113177387,3361299,855788,0.9009744629021624,0.971157225850307,0.028842774149693,0.0990255370978376,0.6984734389135604,0.7869049448402424,3.36879751028872,171.93506076975018,171.93506076975018,364.575,171.225,2.492184706590693,816.639084655638,819.6875,54.20275781593053,4.940683117140124,138.0854472367044,201.7533779144287,231.4293384552002,249.1119384765625,0.6421336934503714,1481,570,2050,1481,569,50,457,0.3085752869682647,5.041525995948683,6.427659335154071,204.5045473575592,-0.0190263184749571,0.9213601559765932,0.4617977805389122
baseline,pedestrians,ASMAG_TR_CONTROLLER,631,32,134,3,0.82875,0.8248366013071895,0.995268138801262,0.902072909220872,0.3728055606190726,605415,65485590,2070979,65447,0.9024434235356898,0.9693445207378724,0.0306554792621277,0.0975565764643101,0.2262054839459362,0.3617380923359313,3.1313299778207977,154.39418750000002,154.39418750000002,364.575,170.9,2.5703976452350616,842.26791015625,843.72265625,57.57616416858662,5.359352121661778,134.7769060730934,186.28990650177,215.2925610542297,241.5685963630676,0.68875,800,300,1099,800,299,50,214,0.2675,5.270499999999998,6.251785002299767,107.82152485847472,0.0853021885961353,0.8994441887990472,0.4476456455546559
baseline,PETS2006,ASMAG_TR_CONTROLLER,851,0,0,50,0.944506104328524,1.0,0.944506104328524,0.9714611872146118,0.0,4099553,301585317,65127987,728637,0.8490869249138912,0.8224008065984975,0.1775991934015025,0.1509130750861088,0.0592185277708842,0.1107153491026285,17.725240669888677,140.90493895671477,140.90493895671477,292.975,167.4,2.9246395753570456,958.3459090593784,960.44921875,18.711418303043537,4.426038075520001,152.35432747598497,225.935697555542,268.3556079864502,334.0494632720947,0.5715871254162043,901,300,1200,901,299,50,336,0.3729189789123196,4.695227524972252,5.699049016686258,137.27124905586243,0.1588588325459215,1.0945492413946496,0.3364971551880596
cameraJitter,badminton,ASMAG_TR_CONTROLLER,351,0,0,0,1.0,1.0,1.0,1.0,0.0,3850426,114389642,1038700,247881,0.9395162441466683,0.9910013435001952,0.0089986564998048,0.0604837558533316,0.7875489402400347,0.8568466657832108,1.076396779098191,168.48710826210825,168.48710826210825,189.925,171.95,2.1357877302033947,699.8549234330484,702.2265625,4.656554615347473,4.768806940987734,216.8080032381237,209.69605445861816,271.07810974121094,314.8742914199829,1.0,351,800,1150,351,799,50,0,0.0,6.700000000000002,8.222804809305721,76.09960913658142,-0.007088397209087,0.992911602790913,0.7239303407848925
cameraJitter,boulevard,ASMAG_TR_CONTROLLER,992,219,492,8,0.7077732320280538,0.6684636118598383,0.992,0.7987117552334944,0.4358636066626383,4889145,92798305,18686394,601577,0.8904375417294847,0.8323860209731562,0.1676139790268438,0.1095624582705152,0.2073821090580368,0.3364137547653618,16.48890923846301,156.49352717708942,156.49352717708942,341.8,170.9,1.7613326437218295,577.1534989589421,580.05078125,34.99621930624055,5.195484195427215,176.05772595319186,191.7855739593506,263.73839378356934,340.23315906524664,0.8673290473407365,1711,790,2500,1711,789,50,0,0.0,6.036645236703684,7.1846046198830384,301.23476910591125,0.0561450233548744,0.7475111766702237,0.5730878968697124
cameraJitter,sidewalk,ASMAG_TR_CONTROLLER,358,0,0,43,0.8927680798004988,1.0,0.8927680798004988,0.9433465085638998,0.0,162867,9801328,21828,100362,0.6187274198511562,0.9977779035576754,0.0022220964423246,0.3812725801488438,0.8818159668642898,0.7272081871031694,1.2114350185918938,157.3662094763092,157.3662094763092,190.1,170.425,1.987322756179848,651.2059207450125,651.23828125,37.06381480586956,5.0597365122678255,190.9096853394164,197.5359916687012,274.8572826385498,346.83966636657715,0.8927680798004988,401,800,1200,401,799,50,0,0.0,6.163840399002496,7.332910834234315,76.55478382110596,0.0520378440659838,0.939225805924245,0.1031935803043122
cameraJitter,traffic,ASMAG_TR_CONTROLLER,511,7,153,0,0.7719821162444114,0.7695783132530121,1.0,0.8697872340425532,0.1834912837298254,2786222,45520494,1421482,374534,0.8815049310987625,0.9697183177802317,0.0302816822197685,0.1184950689012375,0.6621715786091417,0.7562562597883411,3.5846668002056257,167.9308122205663,167.9308122205663,317.375,171.2,1.7579755910995642,576.0534416915052,576.84375,5.79724882995956,4.129459103694683,282.65239122905245,242.1624660491944,454.9804925918579,599.0371465682981,0.9895678092399404,671,900,1570,671,899,50,0,0.0,6.647839046199703,7.774309758791264,189.6597545146942,-0.0445820710394874,0.7375655546967892,0.7180500300284929
dynamicBackground,boats,ASMAG_TR_CONTROLLER,1160,68,4872,0,0.201311475409836,0.1923076923076923,1.0,0.3225806451612903,0.0514504656969183,1450110,245485939,233260,100741,0.9350414707795912,0.9990507050285476,0.0009492949714523,0.0649585292204086,0.8614327212674575,0.8967290732451493,0.1350753963126549,166.53175409836066,166.53175409836066,338.55,170.275,2.263968276195839,741.8571471567623,750.27734375,7.258401517830565,4.597674035343979,226.4762215926999,217.4896001815796,291.2453889846802,358.68944406509416,0.9888524590163934,6100,1900,7999,6100,1899,50,0,0.0,6.64426229508197,7.869541659695479,1381.5049517154694,-0.0156492539503313,0.1981611010080315,0.0300429403802672
dynamicBackground,canoe,ASMAG_TR_CONTROLLER,247,0,143,0,0.6333333333333333,0.6333333333333333,1.0,0.7755102040816326,0.0,979030,28344313,75408,64339,0.9383353348623544,0.9973466312354016,0.0026533687645983,0.0616646651376454,0.9284851266741144,0.9333842436410976,0.4743120969321276,166.34897435897437,166.34897435897437,188.575,170.225,2.069031764299442,677.980328525641,678.1171875,4.459840849926225,4.5888463599087626,226.90163820217816,217.9197072982788,299.47919845581043,322.6417803764344,1.0,390,800,1189,390,799,50,0,0.0,6.700000000000002,8.257599210141597,88.49163889884949,-0.0168301142748772,0.6226742609592444,0.8404935756727345
dynamicBackground,fall,ASMAG_TR_CONTROLLER,1093,0,1908,0,0.364211929356881,0.364211929356881,1.0,0.5339521250610649,0.0,16422691,965105362,51302643,1915306,0.8955553324607917,0.9495255421566656,0.0504744578433342,0.1044446675392083,0.2424896272936801,0.381642002678237,5.143092980996123,166.95247417527492,166.95247417527492,195.325,170.3,1.9134382651830188,626.9955014995002,631.5390625,4.517604282300112,4.629111846643364,223.4430179640437,216.02416038513184,274.94168281555176,325.12640953063965,1.0,3001,1000,4000,3001,999,50,0,0.0,6.700000000000001,7.954504787729228,670.5524969100952,-0.0190848940828728,0.3572609832613861,0.0689155736883707
dynamicBackground,fountain01,ASMAG_TR_CONTROLLER,169,0,616,0,0.2152866242038216,0.2152866242038216,1.0,0.3542976939203354,0.0,74517,90607915,2675140,2986,0.9614724591306144,0.971322337159734,0.0286776628402661,0.0385275408693857,0.0271004710769379,0.0527150921773086,2.868583968831892,167.88003184713378,167.88003184713378,190.1,171.25,2.088608984734602,684.3953921178344,684.4375,4.972946241311932,5.170531340221944,203.37725627194544,193.4037208557129,258.1214427947998,299.7036361694334,1.0,785,400,1184,785,399,50,0,0.0,6.700000000000001,8.22233430263889,159.65114617347717,-0.0187424714235385,0.2112516208018114,0.1003157346941895
dynamicBackground,fountain02,ASMAG_TR_CONTROLLER,197,720,80,3,0.917,0.7111913357400722,0.985,0.8259958071278826,0.7910323210589055,200354,123926929,35402,66875,0.7497464721269024,0.9997144132438104,0.0002855867561896,0.2502535278730976,0.8498362713992433,0.7966599401572612,0.0823290366640596,89.378075,89.378075,364.575,48.825,1.7547789692878724,575.0059765625,575.6875,109.74432127624252,4.373887854250819,73.51591753959656,5.211591720581055,272.14368581771845,339.4477820396422,0.277,1000,500,1499,1000,499,50,0,0.0,3.0850000000000004,3.425539243577997,73.51591753959656,0.4627043212565944,1.3412998625922972,0.3865856250159826
dynamicBackground,overpass,ASMAG_TR_CONTROLLER,635,524,840,2,0.5792103948025987,0.4305084745762711,0.9968602825745684,0.6013257575757576,0.4032189433033464,1972107,145471323,159056,5785,0.9970751689172108,0.9989078102996628,0.0010921897003371,0.0029248310827891,0.9253665721486344,0.9598834768578176,0.1116746364436448,140.77490004997503,140.77490004997503,364.575,165.425,2.1162867546081543,693.46484375,695.03515625,60.085433115671485,3.7199408613069935,202.6854339449004,263.2303237915039,369.572639465332,427.10208892822266,0.7371314342828585,2001,1000,3000,2001,999,50,0,0.0,5.385657171414295,6.25951200265328,405.5735533237457,0.0974407327219359,0.6356490800723258,0.7522560324830356
intermittentObjectMotion,abandonedBox,ASMAG_TR_CONTROLLER,2051,0,0,0,1.0,1.0,1.0,1.0,0.0,167931,14772379,35214,580873,0.2242656289229224,0.9976218957395708,0.002378104260429,0.7757343710770775,0.8266558369637451,0.3528151192973573,3.960345059334754,160.19273525109705,160.19273525109705,364.575,164.475,1.8975498035789875,621.7891596324963,626.6484375,11.493960516750487,4.173312239435639,245.43503457194475,239.4866943359375,412.72592544555664,554.2502403259277,0.8581179912237933,2051,2450,4500,2051,2449,50,291,0.1418820087762067,6.104778156996586,6.989733410112509,503.3872559070587,0.0222243583181159,1.022224358318116,0.0012604845862965
intermittentObjectMotion,parking,ASMAG_TR_CONTROLLER,629,0,772,0,0.4489650249821556,0.4489650249821556,1.0,0.6197044334975369,0.0,222279,2522974,166216,3112,0.986192882590698,0.9381910538117426,0.0618089461882574,0.013807117409302,0.5721540817771142,0.7241702856882223,5.809685851928631,135.39284439685937,135.39284439685937,364.575,168.425,1.863249840692143,610.5497245271234,613.53515625,107.46942830587176,135.91833824816098,93.57906459996224,7.027626037597656,291.7163372039795,395.6608772277832,0.3597430406852248,1401,1100,2500,1401,1099,50,897,0.6402569593147751,3.662740899357601,4.355224988103211,131.10426950454712,0.1781696227076633,0.5289569540921629,0.1632534466208243
intermittentObjectMotion,sofa,ASMAG_TR_CONTROLLER,2247,0,4,0,0.998223011994669,0.998223011994669,1.0,0.9991107158737216,0.0,5597740,120609359,41219539,1790940,0.7576102903360276,0.7452893796508459,0.2547106203491542,0.2423897096639724,0.1195656842850692,0.2065359640625489,25.41726427499157,169.2074633496224,169.2074633496224,364.575,170.9,2.1888052183275803,717.22771129498,723.08984375,47.40473302308162,3.952088405786177,185.95136106941024,250.3945827484131,360.4989051818848,451.073169708252,0.6392714349178144,2251,500,2750,2251,499,50,812,0.3607285650821857,5.03243003109729,6.19469490007268,418.5765137672424,-0.0363460940913858,0.9619415044765244,0.0244769592575644
intermittentObjectMotion,streetLight,ASMAG_TR_CONTROLLER,2478,0,548,0,0.8189028420356906,0.8189028420356906,1.0,0.9004360465116279,0.0,501041,6737707,7088290,203904,0.7107519026307016,0.4873216014729353,0.5126783985270646,0.2892480973692983,0.0660191260599913,0.1208160905183285,50.183904113029975,169.30045439524125,169.30045439524125,364.575,169.775,1.8419807073854093,603.5803156497852,610.6484375,17.570409893522456,3.4651985163657555,263.2099582277539,288.15948963165283,392.4842476844788,518.3210968971252,0.8522802379378718,3026,175,3200,3026,174,50,447,0.1477197620621282,6.076173165895571,7.330910786152751,796.4733335971832,-0.0559787935707719,0.7730616488868562,0.0001281080339036
intermittentObjectMotion,tramstop,ASMAG_TR_CONTROLLER,1881,0,0,0,1.0,1.0,1.0,1.0,0.0,487534,6562569,36156,958677,0.3371112514010749,0.9945207596922132,0.0054792403077867,0.6628887485989251,0.9309591552254196,0.4949832504273057,12.365952942322972,166.04771398192452,166.04771398192452,364.575,167.4,1.854208027790481,607.5869031598884,611.71875,17.6751873861215,3.893666242113901,216.31685347711704,256.82735443115234,341.74346923828125,422.6747035980227,0.7783094098883573,1881,1320,3200,1881,1319,50,417,0.2216905901116427,5.7137161084529495,6.808601121114192,406.8920013904572,-0.0283906047532023,0.9716093952467976,0.0002330388851144
intermittentObjectMotion,winterDriveway,ASMAG_TR_CONTROLLER,1110,0,391,0,0.7395069953364424,0.7395069953364424,1.0,0.8502489467636921,0.0,675032,75901242,15367306,16338,0.9763686593285796,0.8316253919148576,0.1683746080851423,0.0236313406714205,0.0420781559396142,0.0806793090927605,16.728640406138684,170.93787475016654,170.93787475016654,364.575,170.3,2.154665831960416,706.0409154313791,709.7265625,59.88481126150213,4.373636205327024,139.2448510748795,220.4995155334473,308.7141513824463,370.9886074066162,0.5063291139240507,1501,1000,2500,1501,999,50,741,0.4936708860759494,4.381012658227848,5.581252704557409,209.00652146339417,-0.0589760699562637,0.695893779046334,0.0852907457088349
lowFramerate,port_0_17fps,ASMAG_TR_CONTROLLER,197,475,1323,6,0.335832083958021,0.1296052631578947,0.9704433497536946,0.2286709228090539,0.1657769900492927,2222,150014812,3904311,43569,0.0485248192876329,0.9746340095765748,0.0253659904234251,0.951475180712367,0.0005687907922446,0.0011244017443914,2.564142633171607,152.47832333833082,152.47832333833082,341.8,167.2,1.9390771056579863,635.396785982009,636.296875,22.437769520808857,4.166008470468578,194.4109137686177,236.4351749420166,313.39502334594727,385.8387470245361,0.7596201899050474,2001,1000,3000,2001,999,50,0,0.0,5.49810094952524,6.701841369367788,389.016238451004,0.074010832019329,0.3606872959105393,1.250312578144536e-05
lowFramerate,tramCrossroad_1fps,ASMAG_TR_CONTROLLER,148,0,353,0,0.2954091816367265,0.2954091816367265,1.0,0.4560862865947611,0.0,297654,12404835,48811,57917,0.8371155127949129,0.9960805855570328,0.0039194144429671,0.162884487205087,0.8591170825335892,0.8479736081910327,0.8332125218895112,165.92734530938125,165.92734530938125,200.525,168.425,2.188002135225399,716.9645396706587,717.234375,4.968653948870514,5.03524536338415,204.31497901261685,198.60005378723145,262.3143196105957,303.3897876739502,1.0,501,400,900,501,399,50,0,0.0,6.700000000000001,8.254352142450378,102.36180448532104,-0.0229972437518327,0.2886155846800973,0.1622287915045808
lowFramerate,tunnelExit_0_35fps,ASMAG_TR_CONTROLLER,746,325,831,99,0.5352323838080959,0.4730500951173113,0.8828402366863906,0.6160198183319571,0.1982005951021095,2964369,156359298,20515430,2022014,0.5944928418053728,0.8840115248120692,0.1159884751879307,0.4055071581946272,0.1262518899757191,0.2082730307843882,12.39266816092419,163.3206396801599,163.3206396801599,439.45,167.4,2.1771389743437,713.4049205865817,716.14453125,23.86709886049017,4.427766863406853,191.5326630813012,225.5356311798096,306.3371181488037,362.7939224243164,0.7881059470264867,2001,2000,4000,2001,1999,50,0,0.0,5.640529735132436,6.778471669229425,383.2568588256836,0.0013621833130063,0.5359614684298999,0.0685972042799071
lowFramerate,turnpike_0_5fps,ASMAG_TR_CONTROLLER,350,15,336,0,0.5206847360912982,0.5102040816326531,1.0,0.6756756756756758,0.1476603983204862,1550116,22379164,84036,255715,0.8583948331820641,0.9962589479682324,0.0037410520317675,0.1416051668179359,0.9485751631427188,0.9012346863342058,1.399936404547837,163.5993937232525,163.5993937232525,203.625,167.875,1.7940844006613217,587.8855764087018,588.07421875,9.57654314678996,4.761536295852292,216.10859457334337,209.8689079284668,286.3459587097168,324.6998786926269,0.978601997146933,701,800,1500,701,799,50,0,0.0,6.593009985734666,8.083368316105684,151.4921247959137,-0.0055618710754207,0.5177887547182188,0.4112975245291297
nightVideos,bridgeEntry,ASMAG_TR_CONTROLLER,723,3,775,0,0.4836775483011326,0.4826435246995995,1.0,0.6510580819450698,0.0431403903888611,260686,40495410,600878,330800,0.4407306343683536,0.9853787767887942,0.0146212232112058,0.5592693656316464,0.3025729951576435,0.3588121537455696,2.234895055802212,166.66155896069287,166.66155896069287,198.0,170.3,2.1814644614670136,714.8223007578281,717.984375,4.471417640572676,4.362082790365841,237.6369921705232,229.2482852935791,305.0968647003174,355.5452823638916,0.9980013324450366,1501,1000,2500,1501,999,50,0,0.0,6.690006662225185,8.110394776321405,356.6931252479553,-0.0274264529896409,0.4704119887605067,0.0120598531277706
nightVideos,busyBoulvard,ASMAG_TR_CONTROLLER,560,10,1461,0,0.2806499261447562,0.2770905492330529,1.0,0.4339403332041844,0.0434014781091633,190580,31784580,356737,985390,0.1620619573628579,0.9889009837400252,0.0110990162599746,0.8379380426371421,0.3482077114359685,0.2211819621455973,4.028320193057736,170.25423436730676,170.25423436730676,364.575,171.875,1.809151515416005,592.8228166543574,595.97265625,5.2132598765330425,4.54799719376165,223.09025199116303,219.8770046234131,255.2051544189453,300.7101058959961,0.9950763170851796,2031,730,2760,2031,729,50,0,0.0,6.6753815854259,8.123538371644191,453.0963017940521,-0.049693951135091,0.2667033224288517,0.0007172399675159
nightVideos,fluidHighway,ASMAG_TR_CONTROLLER,446,0,519,0,0.4621761658031088,0.4621761658031088,1.0,0.6321757618710134,0.0,727717,108704697,2358406,866844,0.456374513110505,0.9787651710037312,0.0212348289962689,0.543625486889495,0.2358029799849196,0.3109447251726457,2.86287668808755,164.43196891191707,164.43196891191707,198.65,168.05,2.2375446774181307,733.1986803756477,741.16015625,4.355755701633902,4.497127043744633,232.6336564177676,222.3641872406006,296.1843967437744,358.6609649658204,1.0,965,400,1364,965,399,50,0,0.0,6.700000000000002,8.111369099476335,224.49147844314567,0.0003340580971289,0.4623305594935953,0.0753267546386076
nightVideos,streetCornerAtNight,ASMAG_TR_CONTROLLER,1019,2220,1160,2,0.7359690979322882,0.4676457090408444,0.9980411361410382,0.636875,0.552853001169734,1185782,311061933,3024170,377264,0.7586353824519559,0.9903715256067857,0.0096284743932143,0.241364617548044,0.2816616436481936,0.4108028445532113,1.0775996104459638,97.8206316746194,97.8206316746194,364.575,135.55,2.221212206144708,727.8468157094978,739.5,99.4758526836498,6.968347322182128,76.22894398923951,16.67308807373047,172.8672981262207,226.2792587280273,0.495114746648489,4401,800,5200,4401,799,50,0,0.0,4.175573733242445,4.56283037177035,335.48358249664307,0.3995534538254149,1.0300280929199088,0.1337724254335333
nightVideos,tramStation,ASMAG_TR_CONTROLLER,1126,0,1375,0,0.4502199120351859,0.4502199120351859,1.0,0.6208988144472015,0.0,1359426,89402297,497678,1182240,0.5348562714377105,0.9944640918976896,0.0055359081023103,0.4651437285622894,0.7320139313684102,0.6180936943736545,1.817274100532248,166.5062275089964,166.5062275089964,207.875,170.35,2.4390191804976618,799.2178206842264,802.19921875,5.1988832175177295,5.349277121955699,195.2577443753944,186.941146850586,251.13415718078613,299.1199493408203,1.0,2501,500,3000,2501,499,50,0,0.0,6.700000000000002,7.838428773979064,488.3396186828613,-0.0268093346644992,0.4381498157408132,0.0441434574458339
nightVideos,winterStreet,ASMAG_TR_CONTROLLER,400,0,486,0,0.4514672686230248,0.4514672686230248,1.0,0.6220839813374806,0.0,1120996,64227837,1245525,877529,0.5609116723583643,0.9809766145810568,0.0190233854189433,0.4390883276416357,0.4736894369414005,0.5136239114089519,3.1465756990018674,166.18950338600453,166.18950338600453,203.625,169.45,2.612476343495044,856.0562614630361,860.4609375,4.910661013834303,5.071795653249421,205.82338864862515,197.1688270568848,258.752703666687,293.0547475814819,1.0,886,900,1785,886,899,50,0,0.0,6.700000000000002,8.204337202346286,182.35952234268188,-0.0104197636000159,0.4467630864108279,0.1268208129359998
PTZ,continuousPan,ASMAG_TR_CONTROLLER,79,1,1021,0,0.072661217075386,0.0718181818181818,1.0,0.1340118744698897,0.0083828511593529,941465,179095644,5351368,222813,0.8086256031635056,0.970986962911603,0.0290130370883969,0.1913743968364943,0.1496090870359979,0.2525012702640473,3.0031475994806134,166.466348773842,166.466348773842,202.05,170.275,2.7319917994992067,895.219101243188,901.25390625,4.7947408857397225,4.876411574650543,214.82731730801527,205.06882667541504,280.6816101074219,347.3622798919678,0.9990917347865576,1101,600,1700,1101,599,50,0,0.0,6.695458673932789,7.885115838307522,236.52487635612488,-0.0099211217167169,0.0719403362966963,0.0268403715077359
PTZ,intermittentPan,ASMAG_TR_CONTROLLER,665,271,1286,79,0.4067796610169492,0.3408508457201435,0.8938172043010753,0.4935064935064934,0.0883985481971952,2578106,206895244,4241120,445728,0.8525950829311397,0.979912887009838,0.0200871129901621,0.1474049170688602,0.3780643140438519,0.5238423823485786,2.1884776180492698,152.89147109952194,152.89147109952194,364.575,167.875,2.82595585035998,926.0092130459584,943.9609375,21.80645687584429,5.052209609343381,177.00661518738508,196.8374252319336,260.6511116027832,315.1087760925293,0.8478922207735767,2301,1200,3500,2301,1199,50,0,0.0,5.939461103867885,6.960726041124359,407.2922215461731,0.0670097190665914,0.4340378518236982,0.2016411351347369
PTZ,twoPositionPTZCam,ASMAG_TR_CONTROLLER,459,168,872,2,0.4177215189873418,0.3448534936138241,0.9956616052060736,0.5122767857142857,0.2288265274465433,1003429,70347110,179763,85445,0.9215290290703976,0.9974511417796732,0.0025488582203268,0.0784709709296025,0.8480694595636211,0.8832745175536274,0.3703207899234787,158.92108594270485,158.92108594270485,364.575,167.675,2.111760772600879,691.981780375583,698.5703125,19.84760922978333,5.421554092045991,174.41146918569382,183.8667392730713,254.98414039611816,306.19144439697266,0.8867421718854097,1501,800,2300,1501,799,50,0,0.0,6.13371085942705,7.409270253044681,261.79161524772644,0.0085599516126503,0.4212971949774362,0.1983693904050967
PTZ,zoomInZoomOut,ASMAG_TR_CONTROLLER,315,0,316,0,0.4992076069730586,0.4992076069730586,1.0,0.6659619450317125,0.0,48674,24021312,4434,2053,0.9595284562461804,0.9998154479781814,0.0001845520218185,0.0404715437538194,0.9165097537094224,0.937525882409592,0.0269433151608211,171.77991283676704,171.77991283676704,206.675,173.175,2.166968857996437,710.0723863411253,710.3671875,4.880760657858651,5.142586702828095,210.21121844247853,194.45466995239252,298.99001121521,399.4422674179077,1.0,631,500,1130,631,499,50,0,0.0,6.700000000000001,8.129946204626826,132.64327883720398,-0.0673883319374671,0.4655668390486495,0.2627672507103532
shadow,backdoor,ASMAG_TR_CONTROLLER,555,921,118,7,0.9219237976264836,0.8246656760772659,0.9875444839857652,0.8987854251012145,0.8450702179104909,1963069,96280525,3547262,61528,0.96960975443508,0.96446618615316,0.03553381384684,0.0303902455649198,0.3562524646886004,0.5210584626687873,3.543157124333977,81.97176764522173,81.97176764522173,317.375,26.05,2.254247695188981,738.6718847595253,738.72265625,75.76771456732372,4.91474692176815,89.71517135172171,4.269838333129883,228.06954383850092,312.4217987060547,0.4203622735790131,1601,400,2000,1601,399,50,0,0.0,3.801811367895066,4.118907475423848,143.63398933410645,0.5081948598664067,1.3904407327687798,0.5068511890291213
shadow,bungalows,ASMAG_TR_CONTROLLER,582,571,248,0,0.8229835831548894,0.7012048192771084,1.0,0.8243626062322945,0.6991953790113351,4877444,78911701,174753,279344,0.9458298460204296,0.9977903548438268,0.002209645156173,0.0541701539795702,0.9654104936921502,0.9555198680378116,0.5390307747178106,111.94264810849393,111.94264810849393,198.425,161.275,2.3469692294211324,769.0548770967166,769.94140625,67.83883742619622,5.418164390746125,113.97408928554624,181.29205703735352,210.7372283935547,251.8026828765869,0.5924339757316203,1401,300,1700,1401,299,50,0,0.0,4.662169878658102,5.369224316522446,159.6776990890503,0.332400528650807,1.09654376126651,0.4446059819261247
shadow,busStation,ASMAG_TR_CONTROLLER,710,66,40,135,0.8159831756046267,0.9466666666666668,0.8402366863905325,0.890282131661442,0.3567954851658255,2398412,76545960,77717,552797,0.8126879526322941,0.998985731264241,0.001014268735759,0.1873120473677059,0.9686135092315464,0.8838262883203516,0.7923530044391142,139.60536277602523,139.60536277602523,317.375,164.05,2.4185229551152854,792.5016019321766,793.0,52.82433821978542,5.013577754428997,186.95103658361265,193.532943725586,314.7714138031006,627.6350021362305,0.7886435331230284,951,300,1250,951,299,50,0,0.0,5.643217665615143,6.478229843523314,177.79043579101562,0.1554063198829852,0.9427921180117734,0.7126472483178061
shadow,copyMachine,ASMAG_TR_CONTROLLER,2474,71,12,344,0.8772836952774905,0.995172968624296,0.8779276082327893,0.9328808446455504,0.3491771443279833,55019809,920524792,2777750,13713856,0.8004783245590061,0.9969915061708992,0.0030084938291007,0.1995216754409938,0.9519400118610546,0.8696637440257434,1.662399606348239,151.27556015167184,151.27556015167184,341.8,165.625,2.1730766506780226,712.0737568941744,717.28125,17.631954848249006,4.970808983783822,183.9215690536525,200.4265785217285,278.3811092376709,339.2808437347412,0.8569458807307825,2901,500,3400,2901,499,50,0,0.0,5.984729403653914,7.0348141542746765,533.556471824646,0.0648051507804532,0.9341361974271816,0.816173085683495
shadow,cubicle,ASMAG_TR_CONTROLLER,2633,2959,132,577,0.8874781780669735,0.952260397830018,0.8202492211838006,0.8813389121338912,0.7832918889907035,9914486,469393622,48047125,460707,0.9555953320579194,0.9071446822103478,0.0928553177896521,0.0444046679420806,0.1710526299898738,0.2901653404803654,9.190293116195011,84.63041183939058,84.63041183939058,364.575,26.05,2.424458917446164,794.4466980687589,804.40234375,139.92417178325715,5.038233262662239,91.85033759471445,2.999305725097656,241.93644523620603,292.53244400024414,0.4388192350420568,6301,1100,7400,6301,1099,50,0,0.0,3.8940961752102847,4.14124074492515,578.7489771842957,0.4793019192419153,1.3128481720997922,0.6542869073005628
shadow,peopleInShade,ASMAG_TR_CONTROLLER,565,287,52,46,0.8968421052631579,0.9157212317666128,0.9247135842880524,0.9201954397394138,0.7744458449707835,4280616,81066268,55052,624740,0.8726412517256648,0.9993213621277366,0.0006786378722634,0.1273587482743352,0.9873025333120524,0.9264375896004596,0.7902107016200417,118.34373684210529,118.34373684210529,202.125,159.725,2.644120141079551,866.4252960526316,867.484375,96.5851873755424,5.449887187594047,127.92509606010036,180.6368827819824,243.02841424942017,295.575590133667,0.6494736842105263,950,250,1199,950,249,50,0,0.0,4.947368421052634,5.777722336001985,121.52884125709534,0.2735797808234488,1.142199971854293,0.8487766746340425
thermal,corridor,ASMAG_TR_CONTROLLER,3365,287,29,1220,0.745154050193838,0.9914555097230406,0.7339149400218102,0.8434640932447675,0.341768691396601,11925175,358295994,1691031,414982,0.9663714165062892,0.9953025223617434,0.0046974776382565,0.0336285834937108,0.8758074752981851,0.918863324572861,0.5656350387009885,171.27317384207305,171.27317384207305,364.575,170.9,2.955409442373889,968.4285852058254,982.91015625,72.71800471030419,5.082865054502929,119.37487555922014,194.0314769744873,274.3604183197021,327.1663188934326,0.515813099367476,4901,500,5400,4901,499,50,1168,0.2383187104672516,4.402897367884105,5.465027364606283,585.0562651157379,-0.0580035062183759,0.7019325026097717,0.4205861804396759
thermal,diningRoom,ASMAG_TR_CONTROLLER,2982,0,19,0,0.9936687770743086,0.9936687770743086,1.0,0.9968243356175832,0.0,17089136,202500383,4683884,2375161,0.8779734505695223,0.9773926656313146,0.0226073343686854,0.1220265494304777,0.7848766960210389,0.8288190039133729,3.1145333001095032,169.48107297567475,169.48107297567475,364.575,169.45,3.2307573613704186,1058.6545864920026,1066.05078125,28.52757904369713,4.649715760440594,185.35504083719223,214.9558067321777,290.8499240875244,332.5657844543457,0.8037320893035654,3001,700,3700,3001,699,50,589,0.1962679106964345,5.83828723758747,6.961120927338071,556.2504775524139,-0.0485225936185304,0.9454533908129098,0.4345116103580573
thermal,lakeSide,ASMAG_TR_CONTROLLER,5312,116,9,64,0.9867296855117252,0.9983085886111632,0.988095238095238,0.993175656726185,0.7673480259005776,5204229,405425997,2732417,2768852,0.6527249629095704,0.9933054987811668,0.0066945012188331,0.3472750370904297,0.6557214470697068,0.6542197738528135,1.3220025559468889,164.63767951281588,164.63767951281588,364.575,170.9,2.283524387729231,748.2653054558263,762.69921875,80.7036478440019,100.02155768588734,111.53375038427129,9.997844696044922,248.0349540710449,292.73486137390137,0.481730594437375,5501,1000,6500,5501,999,50,2707,0.492092346846028,4.257862206871477,5.26677524655103,613.5471608638763,-0.0181847805316171,0.9687862227366628,0.1945780649340795
thermal,library,ASMAG_TR_CONTROLLER,3625,592,81,3,0.9804696582190188,0.978143550998381,0.9991730981256892,0.9885464957731116,0.9247581687892984,56671251,254614233,4866282,5290014,0.9146238541127268,0.981246060036531,0.0187539399634689,0.0853761458872732,0.9209217243076676,0.9177619850194816,3.1596066945622314,170.10978260869567,170.10978260869567,364.575,169.0,2.623771520803984,859.7574846329342,870.40625,53.47827821062587,4.474368123984566,159.37212216967734,223.4952449798584,313.56143951416016,412.076473236084,0.6082306440362706,4301,600,4900,4301,599,50,1210,0.2813299232736573,4.869286212508719,5.932824332496202,685.4594974517822,-0.0439747589844735,0.9373537413072482,0.904154878349836
thermal,park,ASMAG_TR_CONTROLLER,297,41,8,5,0.9629629629629628,0.9737704918032788,0.9834437086092715,0.9785831960461284,0.8423275491154004,583131,34418334,76806,132006,0.8154115924641013,0.9977734254738494,0.0022265745261506,0.1845884075358987,0.8836161633610481,0.8481448998381178,0.5930427641906936,167.60918803418804,167.60918803418804,364.575,168.75,2.839053967739442,930.3012041488604,930.35546875,32.70075876679281,4.043797886463707,204.5294403010964,246.89435958862305,341.4856195449829,386.9515657424927,0.7663817663817664,351,250,600,351,249,50,46,0.131054131054131,5.645014245014244,6.9630447988748205,71.78983354568481,-0.018288432255041,0.945351880050701,0.7745997181984408
turbulence,turbulence0,ASMAG_TR_CONTROLLER,1359,82,2560,0,0.3601599600099975,0.3467721357489155,1.0,0.5149677908298598,0.1037439109810127,803299,685363187,3748108,496734,0.6179066223703552,0.994560954047343,0.005439045952657,0.3820933776296448,0.1764946531918591,0.2745645516317351,0.6148279768665673,165.6705073731567,165.6705073731567,264.625,169.55,3.348153113007873,1097.12281207042,1106.01171875,6.089164762380654,4.849713709565523,213.80135536908924,206.1772346496582,285.7248783111572,341.18151664733887,0.9795051237190704,4001,1000,5000,4001,999,50,0,0.0,6.597525618595353,7.765354334211874,855.4192228317261,-0.0205791331298402,0.3527481802449138,0.1522738544293827
turbulence,turbulence1,ASMAG_TR_CONTROLLER,1400,0,1401,0,0.4998214923241699,0.4998214923241699,1.0,0.6665079742918353,0.0,1061908,474859373,5925994,772261,0.5789586455773704,0.9876743461703568,0.0123256538296432,0.4210413544226295,0.1519637796866642,0.2407389376031999,1.3878955368271706,164.7422438414852,164.7422438414852,188.625,168.75,3.695586263090744,1210.969706689575,1226.6875,4.6775494765558365,4.783753297573739,218.2112856023612,209.04088020324707,284.1498851776123,349.0011692047119,1.0,2801,1200,4000,2801,1199,50,0,0.0,6.700000000000002,7.8655081024684765,611.2098109722137,-0.0197581824980375,0.4899459280623874,0.1087451172434847
turbulence,turbulence2,ASMAG_TR_CONTROLLER,534,2057,1317,93,0.6475881029742564,0.2884927066450567,0.8516746411483254,0.4309927360774818,0.3363581339969645,113073,405942934,105146,36635,0.7552902984476447,0.9997410503701926,0.0002589496298073,0.2447097015523552,0.5181629463978847,0.6146491015880867,0.0349044244426067,121.24655711072232,121.24655711072232,364.575,152.5,2.3455050670334887,768.5751003655337,772.13671875,78.57015749132297,6.563188408064907,78.40845484162712,15.742301940917969,189.12243843078613,243.19887161254883,0.4626343414146463,4001,500,4500,4001,499,50,0,0.0,4.013171707073232,4.75454972343608,313.7122278213501,0.2537624059030774,0.8119216180192136,0.4340104854659639
turbulence,turbulence3,ASMAG_TR_CONTROLLER,541,3,857,0,0.3882940756602427,0.3869814020028612,1.0,0.5580195977307891,0.0367414632706128,2850088,236781830,1310111,1044498,0.7318076940655567,0.9944974576018932,0.0055025423981066,0.2681923059344434,0.6850845356195702,0.7076757480181036,0.9730330978302772,164.43261955745896,164.43261955745896,197.1,167.875,2.5711452169642968,842.5128646948608,849.17578125,4.902795591022717,4.903330492553767,214.8508108317384,203.94301414489743,287.3859405517578,345.0913429260254,0.9978586723768736,1401,800,2200,1401,799,50,0,0.0,6.689293361884369,7.882703576679967,301.0059859752655,-0.0133614800516951,0.383105892114117,0.3794366591843626
badWeather,blizzard,ASMAG_TR_CONTROLLER_ONLINE_CALIBRATED,1674,2695,1590,142,0.7161121127683986,0.5128676470588235,0.9218061674008812,0.6590551181102361,0.5048689036783464,9384958,1036295457,2642768,2871561,0.7657115368564272,0.997456279943882,0.0025437200561178,0.2342884631435728,0.780277003317169,0.7729256561198423,0.524577299446619,104.12634404196032,104.12634404196032,264.625,121.85,2.434975363117537,797.8927551579659,871.4921875,11.381665734967314,12.550356375561792,157.8154783916364,79.67901229858398,368.1221008300781,516.5045261383057,0.3610883461727586,6101,900,7000,6101,899,50,1399,0.2293066710375348,3.606818554335355,3.9605144376954553,962.8322336673735,0.3543583491275603,0.9698724188392576,0.2861625967942462
badWeather,skating,ASMAG_TR_CONTROLLER_ONLINE_CALIBRATED,863,0,2238,0,0.2782973234440503,0.2782973234440503,1.0,0.4354187689202825,0.0,12778580,272921089,10850666,1995096,0.864956020424436,0.9617626990395856,0.0382373009604144,0.135043979575564,0.5407950808079107,0.6655004012455095,4.302782982466746,165.75273298935826,165.75273298935826,220.525,169.6,2.3275640655894003,762.6963000846501,773.7109375,3.9172977269415306,3.596985063388622,279.3533366866667,278.01060676574707,356.9622039794922,439.4826889038086,0.9722670106417284,3101,800,3900,3101,799,50,86,0.0277329893582715,6.585295066107708,7.762854431435255,866.2746970653534,-0.0154166758240333,0.2740069038258172,0.2832889523062009
badWeather,snowFall,ASMAG_TR_CONTROLLER_ONLINE_CALIBRATED,832,1734,3097,38,0.4500964743027539,0.2117587172308475,0.9563218390804598,0.3467389039383204,0.2449432723617225,7218950,974725949,972287,537885,0.9306566402405104,0.999003496199823,0.000996503800177,0.0693433597594895,0.88130156653995,0.9053069236206108,0.1535578029471567,126.86456323452026,126.86456323452026,282.575,163.0,2.447463662723474,801.9850225015348,825.515625,11.835658845064922,4.7750123522005135,154.02786925348812,209.42354202270508,292.18053817749023,349.1485118865967,0.5246447991580424,5701,800,6500,5701,799,50,942,0.1652341694439572,4.375670934923698,5.168425602745884,878.1128826141357,0.2292393706884453,0.5532763068210053,0.2921681549575023
badWeather,wetSnow,ASMAG_TR_CONTROLLER_ONLINE_CALIBRATED,863,382,1733,23,0.4148617127624125,0.3324345146379044,0.974040632054176,0.4956921309592188,0.2064700052120736,3901102,460224363,615248,2113761,0.6485770332591116,0.9986649411523784,0.0013350588476214,0.3514229667408883,0.8637731796694234,0.7408647038095232,0.5845523930868445,143.92891536154616,143.92891536154616,220.525,170.25,2.846546917508261,932.7565095489005,941.8046875,7.301660300682712,3.901656362848208,218.67027548065744,256.3014030456543,340.59596061706543,394.74940299987793,0.7264245251582806,3001,500,3500,3001,499,50,416,0.1386204598467177,5.3849716761079645,6.552290856970013,656.229496717453,0.1375044978771616,0.4719070642642672,0.0607743353312224
baseline,highway,ASMAG_TR_CONTROLLER_ONLINE_CALIBRATED,1225,0,0,6,0.9951259138911456,1.0,0.9951259138911456,0.997557003257329,0.0,5308943,86079189,213522,149046,0.9726921399072076,0.99752560792765,0.0024743920723501,0.0273078600927924,0.9613357440925384,0.9669806002556908,0.3951664673947991,171.692567018684,171.692567018684,364.575,172.3,2.4592271478654504,805.8395581590171,808.8203125,13.17190158238016,4.596366569281313,199.0957283373289,217.5631523132324,290.9255027770996,366.5089845657349,0.8318440292445166,1231,470,1700,1231,469,50,201,0.1632818846466287,5.975304630381802,7.158158707596535,245.08684158325195,-0.020318159161649,0.974906787186824,0.8053015232844298
baseline,office,ASMAG_TR_CONTROLLER_ONLINE_CALIBRATED,1375,8,13,85,0.9338284942606347,0.9906340057636888,0.9417808219178082,0.9655898876404494,0.1572872487771156,7716748,113275854,3262832,925346,0.8929257191601943,0.9720021555760462,0.0279978444239537,0.1070742808398057,0.7028272484011228,0.7865534816244526,3.34570370946722,165.96910871033086,165.96910871033086,439.45,171.2,2.5907764315685657,848.9456501097231,852.1953125,20.05474805820851,4.566943777527344,159.6850498876887,218.961238861084,252.6893615722656,273.6227035522461,0.6704929101958136,1481,570,2050,1481,569,50,395,0.2667116812964213,5.168197164078324,6.511138766820322,236.493558883667,0.016332741719575,0.9490804738677734,0.4601925325042372
baseline,pedestrians,ASMAG_TR_CONTROLLER_ONLINE_CALIBRATED,630,94,72,4,0.905,0.8974358974358975,0.9936908517350158,0.94311377245509,0.6925815425224248,608573,65639040,1917529,62289,0.9071508000155024,0.9716159504784796,0.0283840495215202,0.0928491999844975,0.2409138665026194,0.3807193324666778,2.901791802772114,165.13203125,165.13203125,364.575,171.825,2.6562046706676483,870.38515625,871.91796875,17.776228198567978,4.596684514300678,171.0226008296013,217.54813194274905,277.63986587524414,308.8846564292908,0.6975,800,300,1099,800,299,50,144,0.18,5.296374999999999,6.656549853825245,136.81808066368103,0.0216865672028645,0.9246263433185924,0.446328702463745
baseline,PETS2006,ASMAG_TR_CONTROLLER_ONLINE_CALIBRATED,850,0,0,51,0.9433962264150944,1.0,0.9433962264150944,0.970873786407767,0.0,4075654,301731883,64981421,752536,0.844137036860604,0.8228004812173381,0.1771995187826618,0.1558629631393959,0.0590186306037433,0.1103238649817389,17.6922249766267,124.78754162042176,124.78754162042176,210.325,158.975,2.546372424219874,834.3955717605438,839.78125,9.946398105945248,3.958212459632745,184.8446192937209,252.6392936706543,317.699670791626,377.4657249450684,0.5826859045504994,901,300,1200,901,299,50,325,0.3607103218645949,4.749389567147612,5.496756556749378,166.54500198364258,0.2550726807768582,1.1840308309215644,0.3351098404736278
cameraJitter,badminton,ASMAG_TR_CONTROLLER_ONLINE_CALIBRATED,351,0,0,0,1.0,1.0,1.0,1.0,0.0,3829444,114363995,1064347,268863,0.9343965691198828,0.9907791537021298,0.0092208462978702,0.065603430880117,0.782510736563944,0.8517353792185094,1.115408163078344,161.20990028490027,161.20990028490027,196.875,169.75,2.538348398996554,831.7660590277778,833.1484375,3.9653416681581306,3.340515106093888,286.5896523847879,299.35503005981445,359.88545417785645,398.51558208465576,0.886039886039886,351,800,1150,351,799,50,40,0.1139601139601139,6.216524216524215,7.350718854743184,100.59296798706056,0.0364092436105445,1.0364092436105443,0.6981545781137742
cameraJitter,boulevard,ASMAG_TR_CONTROLLER_ONLINE_CALIBRATED,992,219,492,8,0.7077732320280538,0.6684636118598383,0.992,0.7987117552334944,0.4358636066626383,4889145,92798305,18686394,601577,0.8904375417294847,0.8323860209731562,0.1676139790268438,0.1095624582705152,0.2073821090580368,0.3364137547653618,16.48890923846301,158.4836645236704,158.4836645236704,264.625,170.225,2.048902961679678,671.3846412003214,677.6953125,9.380224633926924,4.548968910040194,202.0029646830556,219.83003616333008,286.5997552871704,318.3128356933595,0.8673290473407365,1711,790,2500,1711,789,50,0,0.0,6.036645236703684,7.21429390694855,345.62707257270813,0.0441419643615643,0.7390157328123054,0.5730878968697124
cameraJitter,sidewalk,ASMAG_TR_CONTROLLER_ONLINE_CALIBRATED,359,0,0,42,0.8952618453865336,1.0,0.8952618453865336,0.9447368421052632,0.0,162439,9801147,22009,100790,0.617101459185728,0.9977594777075718,0.0022405222924282,0.382898540814272,0.8806763965995836,0.7256973219531047,1.2174728606929044,168.66739401496258,168.66739401496258,364.575,171.95,2.086251572777803,683.6229153678304,684.296875,8.628411266651588,4.5287719214897,201.51372978514863,220.8104133605957,280.75647354125977,318.39919090271,0.8603491271820449,401,800,1200,401,799,50,14,0.0349127182044887,6.033665835411472,7.499282321409148,80.8070056438446,-0.016039637723287,0.8809021697190522,0.098722426329983
cameraJitter,traffic,ASMAG_TR_CONTROLLER_ONLINE_CALIBRATED,511,7,153,0,0.7719821162444114,0.7695783132530121,1.0,0.8697872340425532,0.1834912837298254,2800049,45146799,1795177,360707,0.8858795174319055,0.9617575323203268,0.0382424676796733,0.1141204825680944,0.6093386919381114,0.7220359717183459,4.302927033998865,165.34769001490312,165.34769001490312,256.35,168.6,2.021149142843778,662.2902966654248,665.0078125,4.857694046780244,4.330922964928675,251.33252214923525,230.8976650238037,399.0921974182129,657.8946352004991,0.9791356184798808,671,900,1570,671,899,50,7,0.0104321907600596,6.610283159463488,7.765580561286601,168.64412236213684,-0.0285142446075178,0.749969629349189,0.6961723062028641
dynamicBackground,boats,ASMAG_TR_CONTROLLER_ONLINE_CALIBRATED,1159,68,4872,1,0.2011475409836065,0.1921737688608854,0.9991379310344828,0.3223473786677792,0.0478815022402602,1445273,245487113,232086,105578,0.9319225380130006,0.9990554828399876,0.0009445171600123,0.0680774619869993,0.8616360600205442,0.8954020958983461,0.1365567726459391,167.6309262295082,167.6309262295082,364.575,170.35,2.063717052584789,676.2389305840164,700.9453125,4.948105704255794,4.21338642728153,239.065866665762,237.33878135681152,304.3911814689636,359.08262491226213,0.9785245901639344,6100,1900,7999,6100,1899,50,62,0.0101639344262295,6.602540983606558,7.845543680721136,1458.301786661148,-0.0223529205333639,0.1966513059845183,0.0294680878004819
dynamicBackground,canoe,ASMAG_TR_CONTROLLER_ONLINE_CALIBRATED,247,0,143,0,0.6333333333333333,0.6333333333333333,1.0,0.7755102040816326,0.0,979030,28344313,75408,64339,0.9383353348623544,0.9973466312354016,0.0026533687645983,0.0616646651376454,0.9284851266741144,0.9333842436410976,0.4743120969321276,167.92410256410255,167.92410256410255,198.9,171.875,2.155296191191062,706.2474559294872,706.51953125,4.042949221726105,4.121761051861107,249.22491220327524,242.61474609375,295.2872395515441,332.4190545082093,1.0,390,800,1189,390,799,50,0,0.0,6.700000000000002,8.359015375717954,97.19771575927734,-0.0264582938232632,0.6165764139119333,0.8404935756727345
dynamicBackground,fall,ASMAG_TR_CONTROLLER_ONLINE_CALIBRATED,1093,0,1908,0,0.364211929356881,0.364211929356881,1.0,0.5339521250610649,0.0,16399793,965061174,51346831,1938204,0.8943066682800744,0.9494820674892264,0.0505179325107735,0.1056933317199255,0.2420754279947588,0.3810156287962283,5.149576311192164,166.22709930023328,166.22709930023328,195.325,170.275,2.5006308709729,819.4069073329723,831.23046875,3.1294133108849245,3.098523543082904,327.16934627709645,322.7343559265137,399.3089199066162,472.484827041626,0.9873375541486172,3001,1000,4000,3001,999,50,38,0.0126624458513828,6.645584805064979,7.970547880698936,981.8352081775664,-0.0146571754680165,0.3588736112007523,0.0628375798541987
dynamicBackground,fountain01,ASMAG_TR_CONTROLLER_ONLINE_CALIBRATED,169,0,616,0,0.2152866242038216,0.2152866242038216,1.0,0.3542976939203354,0.0,73991,90601730,2681325,3512,0.9546856250725778,0.9712560335850922,0.0287439664149078,0.0453143749274221,0.026853907138056,0.0522384239868484,2.8757722292105408,167.7112738853503,167.7112738853503,232.725,170.975,2.2369205572043254,732.9941281847134,734.7109375,4.211423933423683,3.789471021321232,264.33858294395884,263.8890743255615,340.131378173828,384.5283412933346,0.975796178343949,785,400,1184,785,399,50,19,0.0242038216560509,6.605095541401275,7.82116969221889,207.5057876110077,-0.0177184014304124,0.2114720893735799,0.0929562278584454
dynamicBackground,fountain02,ASMAG_TR_CONTROLLER_ONLINE_CALIBRATED,199,517,283,1,0.716,0.412863070539419,0.995,0.5835777126099707,0.5133327474654896,193826,123864971,97360,73403,0.72531798569766,0.999214600119128,0.0007853998808718,0.2746820143023399,0.665643265816351,0.6942005497703321,0.1374576228073254,97.894125,97.894125,546.875,109.325,2.0927960157394407,685.76747265625,689.56640625,22.48956953195818,15.741843684305053,119.02746748924255,63.52496147155762,521.9888925552368,649.7371435165405,0.266,1000,500,1499,1000,499,50,216,0.216,3.1082,3.427816098677038,119.02746748924255,0.411510145672003,1.010641264301154,0.3451668837135619
dynamicBackground,overpass,ASMAG_TR_CONTROLLER_ONLINE_CALIBRATED,636,521,843,1,0.5782108945527237,0.4300202839756592,0.998430141287284,0.6011342155009451,0.4035453118938472,1941923,145436050,194329,35969,0.981814477231315,0.9986656012204708,0.0013343987795293,0.018185522768685,0.9090327358382811,0.9440228635653006,0.1560197124726161,142.3911044477761,142.3911044477761,364.575,163.55,2.2218525618210485,728.0566689311594,732.6953125,21.42474919320773,4.550074310324254,185.33990813278663,218.4078693389893,338.7303352355957,408.4751605987549,0.6936531734132934,2001,1000,3000,2001,999,50,91,0.0454772613693153,5.190354822588707,6.102800713102579,370.86515617370605,0.0870786564105121,0.6285607223722952,0.7226562369116969
intermittentObjectMotion,abandonedBox,ASMAG_TR_CONTROLLER_ONLINE_CALIBRATED,2025,0,0,26,0.9873232569478304,1.0,0.9873232569478304,0.993621197252208,0.0,169513,14770003,37590,579291,0.2263783313123327,0.9974614375206018,0.0025385624793982,0.7736216686876672,0.8184961106309421,0.354664208965935,3.965449068958577,161.92485372988787,161.92485372988787,264.625,169.6,2.1990392743989005,720.5812160988543,727.64453125,9.193942999872045,4.023347923387348,218.3493499579167,248.549222946167,323.2288360595703,367.7821159362793,0.8147245246221355,2051,2450,4500,2051,2449,50,354,0.1725987323256947,5.883471477328132,6.962142159469957,447.83451676368713,0.0116519484368935,0.9988274966283324,0.0015012587809721
intermittentObjectMotion,parking,ASMAG_TR_CONTROLLER_ONLINE_CALIBRATED,549,245,527,80,0.5667380442541042,0.5102230483271375,0.8728139904610492,0.6439882697947213,0.224094705833807,188918,2555005,134185,36473,0.8381789867386009,0.950102075346108,0.049897924653892,0.161821013261399,0.5846989969142967,0.68886077149431,5.855318483171337,146.10292648108492,146.10292648108492,364.575,163.8,2.116554809586649,693.5527357690935,698.25390625,36.45293675182284,42.94670448378608,134.4196828750948,22.635459899902344,334.29479598999023,467.6988124847412,0.4296930763740185,1401,1100,2500,1401,1099,50,474,0.3383297644539614,3.940970735189152,4.837713641588537,188.3219757080078,0.1131597557584824,0.6308699829209387,0.0934732071900946
intermittentObjectMotion,sofa,ASMAG_TR_CONTROLLER_ONLINE_CALIBRATED,2142,0,4,105,0.9515770768547313,0.9981360671015844,0.9532710280373832,0.9751877987707716,-0.0093327202974408,5444376,122748386,39080512,1944304,0.7368536734572346,0.7585072104983376,0.2414927895016624,0.2631463265427654,0.1222771408206574,0.2097477098857855,24.243826489467896,162.2385273211906,162.2385273211906,546.875,168.875,2.2886279051910767,749.9376318858285,755.73046875,22.18107262548704,3.942904414529593,185.340059010096,253.5641193389893,352.91552543640137,430.69326877594,0.6015104398045313,2251,500,2750,2251,499,50,792,0.3518436250555308,4.842114615726343,5.902136355781395,417.2004728317261,0.0063365954901914,0.9576068358684986,0.0225396626996219
intermittentObjectMotion,streetLight,ASMAG_TR_CONTROLLER_ONLINE_CALIBRATED,2457,0,548,21,0.8119629874421679,0.8176372712146422,0.9915254237288136,0.8962246945103045,-0.0393121718315485,503039,6753962,7072035,201906,0.7135861662966615,0.4884972852229029,0.5115027147770971,0.2864138337033385,0.0664071400490609,0.1215067260111359,50.05828940752775,159.55030568407136,159.55030568407136,364.575,165.275,1.977529524968936,647.996956068242,685.66015625,9.981027149986078,3.630991914402707,246.81818776783052,275.3946781158447,364.8871183395386,433.3603978157044,0.8486450760079313,3026,175,3200,3026,174,50,437,0.1444150693985459,6.041308658294779,7.086710103045017,746.8718361854553,0.0048358705713592,0.8158895353581725,0.000134145353105
intermittentObjectMotion,tramstop,ASMAG_TR_CONTROLLER_ONLINE_CALIBRATED,1843,0,0,38,0.9797979797979798,1.0,0.9797979797979798,0.989795918367347,0.0,489591,6564354,34371,956620,0.3385335888055062,0.9947912664946638,0.0052087335053362,0.6614664111944938,0.9344017314232712,0.4970030550616621,12.318196191989594,156.83646996278577,156.83646996278577,341.8,165.95,2.161306621291928,708.2170928030303,715.375,10.276177809021158,3.628146284836416,228.72181942588404,275.6228446960449,364.4475936889648,429.3453216552739,0.7453482190324295,1881,1320,3200,1881,1319,50,441,0.2344497607655502,5.541839447102604,6.535558489328551,430.2257423400879,0.0286577976620371,1.0078768320527032,0.0003116770146098
intermittentObjectMotion,winterDriveway,ASMAG_TR_CONTROLLER_ONLINE_CALIBRATED,1036,250,141,74,0.8567621585609594,0.8802039082412915,0.9333333333333332,0.9059903804110188,0.6109858029413425,663193,79780844,11487704,28177,0.9592446880830814,0.874132937887869,0.1258670621121309,0.0407553119169185,0.0545797565397846,0.1032828549663388,12.52271777797801,139.27673217854763,139.27673217854763,512.7,159.375,2.242684022813221,734.8827292221852,739.140625,33.68591875246181,37.33846099063491,127.16440118844314,26.409149169921875,316.8520927429199,402.8263092041016,0.4123917388407728,1501,1000,2500,1501,999,50,558,0.3717521652231845,3.8850099933377744,4.702945205392446,190.87376618385315,0.1371676599211622,0.97428221895977,0.1006728186692828
lowFramerate,port_0_17fps,ASMAG_TR_CONTROLLER_ONLINE_CALIBRATED,197,462,1336,6,0.3293353323338331,0.1285061969993476,0.9704433497536946,0.2269585253456221,0.1621924972836331,2333,149983845,3935278,43458,0.0509488764167631,0.9744328195009272,0.0255671804990728,0.9490511235832368,0.0005924912338979,0.0011713605606464,2.5841835627563823,142.00066216891554,142.00066216891554,210.325,165.55,2.477190912752852,811.7259573338331,818.00390625,6.147163630615889,3.266841238661518,266.9013154202852,306.1060905456543,404.4392108917236,457.1816921234131,0.7586206896551724,2001,1000,3000,2001,999,50,15,0.0074962518740629,5.496701649175413,6.602965525098884,534.0695321559906,0.1376408650380043,0.3746653323638405,1.2421503001863225e-05
lowFramerate,tramCrossroad_1fps,ASMAG_TR_CONTROLLER_ONLINE_CALIBRATED,148,0,353,0,0.2954091816367265,0.2954091816367265,1.0,0.4560862865947611,0.0,271614,12374564,79082,83957,0.7638811939106395,0.993649891766636,0.0063501082333639,0.2361188060893605,0.7744998517234299,0.7691538752341536,1.2728256535899112,168.16007984031938,168.16007984031938,232.725,170.975,2.102367130820147,688.9038017714571,693.89453125,5.57697802996312,4.7423648823596585,208.00423764896965,210.86525917053223,273.3440399169922,320.28913497924805,0.93812375249501,501,400,900,501,399,50,31,0.06187624750499,6.4431137724550895,7.974324043200182,104.2101230621338,-0.0367627943723193,0.2845491146365204,0.1389165573607186
lowFramerate,tunnelExit_0_35fps,ASMAG_TR_CONTROLLER_ONLINE_CALIBRATED,821,279,877,24,0.5497251374312844,0.483510011778563,0.9715976331360948,0.6456940621313411,0.2934194327275713,3180387,146369736,30504992,1805996,0.6378144238017818,0.8275333489134751,0.1724666510865249,0.3621855761982182,0.0944144639132604,0.1644811012231612,17.76684846052656,148.27376311844077,148.27376311844077,245.4,165.4,2.563291010649308,839.9393252592454,844.2265625,6.521961363853556,3.638854668050152,234.3214899822809,274.8117446899414,354.0191650390625,412.3201370239258,0.7381309345327336,2001,2000,4000,2001,1999,50,221,0.1104447776111944,5.433733133433284,6.396266413346289,468.87730145454407,0.0933675782648073,0.6010516422245318,0.058511145778712
lowFramerate,turnpike_0_5fps,ASMAG_TR_CONTROLLER_ONLINE_CALIBRATED,350,15,336,0,0.5206847360912982,0.5102040816326531,1.0,0.6756756756756758,0.1476603983204862,1550116,22379164,84036,255715,0.8583948331820641,0.9962589479682324,0.0037410520317675,0.1416051668179359,0.9485751631427188,0.9012346863342058,1.399936404547837,165.63370185449358,165.63370185449358,256.35,168.75,2.070284314910628,678.3908590406562,680.94140625,4.593450327813664,4.057018549309902,256.79893738533053,246.48642539978027,350.6748676300049,445.4383850097656,0.978601997146933,701,800,1500,701,799,50,0,0.0,6.5931526390870205,7.973375586252987,180.0160551071167,-0.0180657235912506,0.5112781895708894,0.4112975245291297
nightVideos,bridgeEntry,ASMAG_TR_CONTROLLER_ONLINE_CALIBRATED,723,3,775,0,0.4836775483011326,0.4826435246995995,1.0,0.6510580819450698,0.0431403903888611,271976,40175141,921147,319510,0.4598181529233152,0.977585639851463,0.022414360148537,0.5401818470766848,0.2279530274749543,0.3048017801098168,2.9760691947715894,162.96665556295804,162.96665556295804,210.325,167.925,2.5147493802095395,824.033076907062,828.015625,3.8895009892320456,3.3982089803762388,293.0102241904953,294.27266120910645,377.485990524292,428.04789543151855,0.9506995336442372,1501,1000,2500,1501,999,50,71,0.0473017988007994,6.486209193870755,7.731510901520384,439.8083465099335,-0.0046483059727309,0.4814292670644886,0.0081520615298369
nightVideos,busyBoulvard,ASMAG_TR_CONTROLLER_ONLINE_CALIBRATED,560,11,1460,0,0.2811422944362383,0.2772277227722772,1.0,0.434108527131783,0.0455311201610915,194833,31742704,398613,981137,0.1656785462214172,0.9875981124233336,0.0124018875766665,0.8343214537785828,0.3283078831098364,0.2202229436152945,4.141243553234092,165.3565854258986,165.3565854258986,237.775,169.675,2.281891342925649,747.7302264124816,756.671875,4.423348816471262,3.743874691938221,261.9057310912951,267.1029567718506,353.7904024124145,458.4062814712526,0.9463318562284588,2031,730,2760,2031,729,50,98,0.0482520925652388,6.459871984244216,7.684644213402922,531.9305398464203,-0.0194977419912523,0.2756606545164918,0.0009316833192269
nightVideos,fluidHighway,ASMAG_TR_CONTROLLER_ONLINE_CALIBRATED,446,0,519,0,0.4621761658031088,0.4621761658031088,1.0,0.6321757618710134,0.0,740405,108640478,2422625,854156,0.464331562103927,0.9781869501701208,0.0218130498298791,0.535668437896073,0.2340809287297306,0.31125206012875,2.908617917019831,157.35082901554404,157.35082901554404,210.325,164.35,2.38871541047961,782.734419527202,789.296875,4.050254809508548,3.907231860728552,269.80719220452977,255.9356689453125,360.4974269866943,452.7840042114258,0.9730569948186528,965,400,1364,965,399,50,26,0.0269430051813471,6.580725388601038,7.698079399947291,260.3639404773712,0.043383925048766,0.4822271819396369,0.0703496598679181
nightVideos,streetCornerAtNight,ASMAG_TR_CONTROLLER_ONLINE_CALIBRATED,1009,1906,1474,12,0.6623494660304476,0.4063632702376158,0.9882468168462292,0.5759132420091324,0.4700210642422614,1216941,310492284,3593819,346105,0.7785701764375457,0.9885578541499496,0.0114421458500505,0.2214298235624543,0.2529623178042555,0.3818569313217252,1.2481972508026626,147.65179504658033,147.65179504658033,512.7,162.5,2.4422954955011087,800.2914421083276,816.90625,21.152627132750823,7.026187991349403,108.16977647617983,142.32468605041504,225.16441345214844,283.99157524108887,0.5137468757100659,4401,800,5200,4401,799,50,504,0.1145194274028629,4.34492160872529,5.179435387930891,476.0551862716675,0.0936777972657493,0.7243969050283253,0.1138022480822756
nightVideos,tramStation,ASMAG_TR_CONTROLLER_ONLINE_CALIBRATED,1126,0,1375,0,0.4502199120351859,0.4502199120351859,1.0,0.6208988144472015,0.0,1339176,89348768,551207,1202490,0.526889056233195,0.9938686634784938,0.0061313365215062,0.4731109437668049,0.7084151730099139,0.6043146183627482,1.8970855352946407,165.9060675729708,165.9060675729708,277.225,169.45,2.629430758290556,861.6119333516593,868.9140625,5.403101436613,4.572405342589403,218.27186350343896,218.7032699584961,285.5813503265381,332.8208923339844,0.94922031187525,2501,500,3000,2501,499,50,127,0.0507796881247501,6.491363454618154,7.705958388461062,545.8979306221008,-0.0231082729455348,0.4398161074223621,0.0385292721775484
nightVideos,winterStreet,ASMAG_TR_CONTROLLER_ONLINE_CALIBRATED,400,0,486,0,0.4514672686230248,0.4514672686230248,1.0,0.6220839813374806,0.0,1147489,64053118,1420244,851036,0.574167948862286,0.978308063667175,0.0216919363328249,0.425832051137714,0.4468879747232286,0.5025949037483208,3.366261269675176,167.33687923250565,167.33687923250565,197.8,170.33749999999998,2.926370064238124,958.9129999647292,961.59375,3.7099708877073874,3.711972872128983,274.94843549706866,269.39857006073,336.47096157073975,384.8711133003233,0.9954853273137696,886,900,1785,886,899,50,4,0.0045146726862302,6.68408577878104,8.275516682975917,243.60431385040283,-0.0173957230196026,0.4436136690656421,0.1272292353417143
PTZ,continuousPan,ASMAG_TR_CONTROLLER_ONLINE_CALIBRATED,79,1,1021,0,0.072661217075386,0.0718181818181818,1.0,0.1340118744698897,0.0083828511593529,941465,179095644,5351368,222813,0.8086256031635056,0.970986962911603,0.0290130370883969,0.1913743968364943,0.1496090870359979,0.2525012702640473,3.0031475994806134,167.05683469573117,167.05683469573117,192.8,169.8,3.1571937083764903,1034.549408208447,1039.96875,2.980223910210438,2.992709990032158,337.78199577851257,334.14530754089355,389.58191871643066,433.8810443878174,0.9990917347865576,1101,600,1700,1101,599,50,0,0.0,6.695458673932789,8.344347439548168,371.89797735214233,-0.0135034926222171,0.0716800368666872,0.0268403715077359
PTZ,intermittentPan,ASMAG_TR_CONTROLLER_ONLINE_CALIBRATED,728,243,1314,16,0.4219904389395915,0.356513222331048,0.978494623655914,0.5226130653266332,0.1991507159976168,2537272,206578143,4558221,486562,0.8390910347591832,0.9784110092944482,0.0215889907055517,0.1609089652408168,0.3575892471460404,0.5014705029296909,2.355611849032751,152.47598870056498,152.47598870056498,352.825,168.05,2.2304376070005176,730.8698969198175,748.51953125,8.758960816788464,4.1424038225078,222.3205173704636,241.405725479126,339.4346237182617,453.5112380981445,0.8152976966536288,2301,1200,3500,2301,1199,50,168,0.0730117340286831,5.812168622338115,6.879105835483665,511.5595104694367,0.069545119094716,0.4513378142724769,0.172544049919808
PTZ,twoPositionPTZCam,ASMAG_TR_CONTROLLER_ONLINE_CALIBRATED,460,134,906,1,0.3957361758827448,0.3367496339677892,0.9978308026030368,0.5035577449370553,0.2042549164423441,945010,70289403,237470,143864,0.8678781934365225,0.9966329146621884,0.0033670853378115,0.1321218065634775,0.79917630742169,0.8321115951102295,0.532472278757352,153.16054297135244,153.16054297135244,264.625,166.925,2.35901267269625,773.0012882036975,780.22265625,7.095521708266764,4.067744272451225,234.97393606187185,245.8364963531494,382.0915222167969,476.0324954986572,0.8367754830113258,1501,800,2300,1501,799,50,110,0.0732844770153231,5.920852764823452,7.0399969950950165,352.69587802886963,0.0444974923636245,0.4133454433470972,0.1577265510262275
PTZ,zoomInZoomOut,ASMAG_TR_CONTROLLER_ONLINE_CALIBRATED,311,0,316,4,0.4928684627575277,0.4960127591706539,0.9873015873015872,0.6602972399150744,-0.0799989873609994,47022,24018530,7216,3705,0.9269619729138328,0.9996996555278658,0.0003003444721341,0.0730380270861671,0.8669567461927062,0.8959557947887392,0.0453596338633154,170.2330031695721,170.2330031695721,364.575,171.225,2.259166701659914,740.2837881339144,741.08203125,8.622180425515484,4.388384701822816,215.5529500565325,227.8742790222168,270.9420919418335,334.5649719238284,0.9144215530903328,631,500,1130,631,499,50,50,0.0792393026941362,6.296354992076071,7.610188081982613,136.013911485672,-0.0577763039531815,0.4643923446443114,0.2167518829968467
shadow,backdoor,ASMAG_TR_CONTROLLER_ONLINE_CALIBRATED,556,679,360,6,0.7713928794503435,0.6069868995633187,0.98932384341637,0.7523680649526387,0.6201313173839917,1915879,94775415,5052372,108718,0.9463014120834912,0.9493891214877878,0.0506108785122122,0.0536985879165088,0.2749440282791191,0.4260894880020212,5.067225525128602,146.13452529668956,146.13452529668956,364.575,162.5,2.350730772393707,770.287466817614,773.0234375,41.57136642028824,50.2926209261613,99.88382024961588,19.70219612121582,257.13324546813965,435.260534286499,0.3716427232979388,1601,400,2000,1601,399,50,321,0.2004996876951905,3.645658963148032,4.485492381166352,159.913996219635,0.1232382470639091,0.8664579857113852,0.4531606211961625
shadow,bungalows,ASMAG_TR_CONTROLLER_ONLINE_CALIBRATED,581,349,470,1,0.6638115631691649,0.5528068506184586,0.9982817869415808,0.7115737905695039,0.4831198842927351,4778054,78730975,355479,378734,0.9265562206551832,0.9955051847437744,0.0044948152562258,0.0734437793448169,0.9307535375734411,0.9286501363757262,0.8715393455536766,149.29286224125624,149.29286224125624,364.575,167.775,2.4596919594791258,805.991894740364,809.6953125,25.36681380997812,5.081374852046274,140.65760752713996,196.56658172607425,302.2444248199463,405.7269096374512,0.5645967166309779,1401,300,1700,1401,299,50,260,0.185581727337616,4.585367594575303,5.524189785823256,197.06130814552307,0.1096526874022732,0.7366002849993677,0.3802402300006409
shadow,busStation,ASMAG_TR_CONTROLLER_ONLINE_CALIBRATED,819,64,42,26,0.928496319663512,0.951219512195122,0.9692307692307692,0.9601406799531066,0.6160505912929286,2708885,76532219,91458,242324,0.917889922401294,0.9988064002723336,0.0011935997276664,0.0821100775987061,0.9673404293688308,0.9419666204878264,0.4194564601701094,161.35141955835962,161.35141955835962,364.575,164.1,1.9839032842032416,650.0855062105678,655.34375,22.3452912273644,5.0453786526423166,154.06006894277098,198.089599609375,266.1755084991455,345.151424407959,0.6824395373291272,951,300,1250,951,299,50,218,0.2292323869610935,5.231125131440588,6.207110335436112,146.5111255645752,0.0238455992873755,0.9506368708420112,0.7764430131523339
shadow,copyMachine,ASMAG_TR_CONTROLLER_ONLINE_CALIBRATED,2737,48,35,81,0.9600137883488452,0.9873737373737372,0.9712562100780696,0.9792486583184256,0.444468170556595,61371291,919840418,3462124,7362374,0.8928854732248018,0.9962502821745725,0.0037497178254275,0.1071145267751981,0.9465996970852144,0.9189583391356612,1.0911394083825008,141.52039813857292,141.52039813857292,260.425,164.4,2.612426867775981,856.0400872005343,866.7578125,7.333557736141733,3.739328663523148,222.4144389077903,267.4276828765869,336.5478515625,383.6302757263184,0.7266459841433989,2901,500,3400,2901,499,50,664,0.228886590830748,5.435815236125473,6.33977745344361,645.2242872714996,0.1251121644104502,1.0801231912730451,0.9126246364713384
shadow,cubicle,ASMAG_TR_CONTROLLER_ONLINE_CALIBRATED,3107,1888,1203,103,0.7927313124900809,0.7208816705336427,0.9679127725856698,0.8263297872340426,0.6222931166592133,10058025,441743923,75696824,317168,0.96943015903415,0.8537091938760671,0.1462908061239328,0.0305698409658499,0.1172881197656822,0.2092587247595294,14.40160977328574,131.15294397714646,131.15294397714646,546.875,157.9,2.5990413571327307,851.6538874037851,870.3359375,39.648453736115705,41.58499320847503,106.43703985585049,23.292064666748047,256.37102127075195,313.6873245239258,0.428344707189335,6301,1100,7400,6301,1099,50,1611,0.255673702586891,3.930312648785907,4.588855652080073,670.6597881317139,0.1930668334183008,0.9457814367440742,0.6453538716558285
shadow,peopleInShade,ASMAG_TR_CONTROLLER_ONLINE_CALIBRATED,600,274,65,11,0.92,0.9022556390977444,0.9819967266775778,0.940438871473354,0.8261429019771581,4584052,80964774,156546,321304,0.9344993513212904,0.9980702237093776,0.0019297762906224,0.0655006486787095,0.9669775838406884,0.9504610948797808,0.555467236697603,151.48268421052632,151.48268421052632,366.2,165.5875,2.761056109478599,904.742894736842,905.40234375,23.64880018821201,5.018253888809298,140.90564878363358,199.2725133895874,262.01062202453613,327.5102043151855,0.611578947368421,950,250,1199,950,249,50,116,0.1221052631578947,4.8291578947368405,5.93642620589245,133.8603663444519,0.0701655397912712,0.9845522966079696,0.8849672338179368
thermal,corridor,ASMAG_TR_CONTROLLER_ONLINE_CALIBRATED,3337,300,16,1248,0.742093450316262,0.995228153892037,0.7278080697928027,0.8407659360040314,0.3577766344662663,11808321,358247238,1739787,531836,0.9569020070003972,0.9951670841469912,0.0048329158530088,0.0430979929996028,0.8715845046407956,0.9122527909846412,0.610114735055793,166.25864619465415,166.25864619465415,512.7,170.275,3.0966966450396813,1014.7256395378496,1030.32421875,30.40929437897433,5.0751586930901045,128.1457660977049,195.068359375,276.810884475708,327.2638320922852,0.5013262599469496,4901,500,5400,4901,499,50,1185,0.2417873903285043,4.324035911038563,5.293893035260128,628.0423996448517,-0.0270273310592108,0.7220366449576923,0.409591925145788
thermal,diningRoom,ASMAG_TR_CONTROLLER_ONLINE_CALIBRATED,2933,5,14,49,0.979006997667444,0.995249406175772,0.9835680751173708,0.9893742621015348,0.147217194444322,17028796,202584717,4599550,2435501,0.874873415669726,0.9777997139136052,0.0222002860863947,0.125126584330274,0.7873369512398221,0.8288002307371664,3.103946866391794,160.11181272909033,160.11181272909033,364.575,165.1,2.022992285519034,662.8941693914528,675.36328125,16.482286338824842,4.691368574582768,186.87746509715976,213.00840377807617,299.72124099731445,377.6757717132568,0.7880706431189604,3001,700,3700,3001,699,50,582,0.1939353548817061,5.748550483172274,6.79573792037418,560.8192727565765,0.009441879237065,0.9882506635116616,0.4299308200771762
thermal,lakeSide,ASMAG_TR_CONTROLLER_ONLINE_CALIBRATED,4942,116,9,434,0.919469187420469,0.9981821854170876,0.9192708333333334,0.9571027403892708,0.4209001543544637,4953703,405581556,2576858,3019378,0.6213034835592414,0.9936866228610932,0.0063133771389066,0.3786965164407586,0.6578132757971152,0.6390373307123578,1.34482394801672,168.04531448827487,168.04531448827487,364.575,170.35,2.4292619331081093,796.0206823191238,812.87890625,37.42299715789397,47.49254373549227,104.52816447785194,21.05593681335449,263.0648612976074,304.9185276031494,0.4151972368660243,5501,1000,6500,5501,999,50,2700,0.4908198509361934,3.9249954553717497,4.907405989012295,575.0094327926636,-0.0392589482427181,0.8833717941807547,0.1840312761092739
thermal,library,ASMAG_TR_CONTROLLER_ONLINE_CALIBRATED,3496,606,67,132,0.9537316903045804,0.9811956216671344,0.9636163175303196,0.9723265192601864,0.8326261122820101,54751307,254863890,4616625,7209958,0.8836376565262184,0.9822082016447362,0.0177917983552637,0.1163623434737815,0.9222370588889638,0.9025248390954076,3.679230185945337,162.16876307835386,162.16876307835386,415.05,167.925,2.752112724203976,901.8123764822136,914.7578125,22.88021133297863,4.012359544112667,182.55096910942768,249.1183280944824,369.7521686553955,469.2690372467041,0.5863752615670774,4301,600,4900,4301,599,50,1152,0.2678446872820274,4.742803999069984,5.653608842639881,785.1517181396484,0.0047597924513461,0.9582712552047016,0.8698011890688638
thermal,park,ASMAG_TR_CONTROLLER_ONLINE_CALIBRATED,294,49,0,8,0.9772079772079773,1.0,0.9735099337748344,0.9865771812080536,0.9148097947734568,576933,34434929,60211,138204,0.8067447216407485,0.9982545077364522,0.0017454922635478,0.1932552783592514,0.9054986000025111,0.8532738387953391,0.5635144534648222,144.67991452991456,144.67991452991456,185.725,164.95,2.927727373237284,959.3577056623932,959.41015625,11.84275262514116,3.732626612214968,240.6557475739395,267.90785789489746,353.721022605896,445.1944828033447,0.8376068376068376,351,250,600,351,249,50,0,0.0,5.888319088319092,7.121770319287649,84.47016739845276,0.1210154701339566,1.0954652599884536,0.7685333545697002
turbulence,turbulence0,ASMAG_TR_CONTROLLER_ONLINE_CALIBRATED,1359,82,2560,0,0.3601599600099975,0.3467721357489155,1.0,0.5149677908298598,0.1037439109810127,964027,681563475,7547820,336006,0.7415404070512056,0.9890470232388224,0.0109529767611775,0.2584595929487944,0.1132570874452983,0.1965019955401003,1.1419027585827792,161.94923144213948,161.94923144213948,200.7,167.775,3.7604815868758106,1232.2346063874656,1244.01953125,3.697334636681589,3.421502839625212,294.3404691572697,292.269229888916,378.74388694763184,444.6771144866944,0.9465133716570856,4001,1000,5000,4001,999,50,132,0.0329917520619845,6.465408647838042,7.642429609927454,1177.656217098236,0.0023450229196139,0.3610045433709482,0.1119272382620998
turbulence,turbulence1,ASMAG_TR_CONTROLLER_ONLINE_CALIBRATED,1400,0,1401,0,0.4998214923241699,0.4998214923241699,1.0,0.6665079742918353,0.0,1178794,468926419,11858948,655375,0.642685597673933,0.9753342160265872,0.0246657839734128,0.357314402326067,0.0904139689219191,0.1585262310943092,2.5929996750069395,158.94113709389504,158.94113709389504,195.325,165.625,2.5937756867291286,849.9288800316851,902.3046875,3.760408483537637,3.409088618500728,294.28392484842647,293.3335304260254,398.289680480957,482.7260971069336,0.9507318814709032,2801,1200,4000,2801,1199,50,138,0.0492681185290967,6.498536237058194,7.653313208611372,824.2892735004425,0.0161507983162078,0.5078940084408036,0.0471760704640908
turbulence,turbulence2,ASMAG_TR_CONTROLLER_ONLINE_CALIBRATED,559,1454,1920,68,0.5031242189452637,0.2254941508672852,0.8915470494417863,0.3599484867997424,0.2414773312229783,81520,405689899,358181,68188,0.54452667860101,0.9991178852514214,0.0008821147485785,0.45547332139899,0.1853987141261903,0.2766160679596002,0.1049658596368328,105.94130842289428,105.94130842289428,352.825,124.675,2.619431162440637,858.3352033085479,866.09375,18.71924919251818,20.96701209240013,101.4789884849001,47.69396781921387,235.0828647613525,287.9636287689209,0.3776555861034741,4001,500,4500,4001,499,50,968,0.2419395151212197,3.656985753561609,4.100222263777817,406.0174329280853,0.3479617978695636,0.6781922267211776,0.08430125436332
turbulence,turbulence3,ASMAG_TR_CONTROLLER_ONLINE_CALIBRATED,541,2,858,0,0.3875802997858672,0.3867047891350965,1.0,0.5577319587628866,0.0299885555354851,2957796,236221132,1870809,936790,0.7594635219250518,0.99214249339082,0.00785750660918,0.2405364780749481,0.6125570428726309,0.6781454171988209,1.1602294701307896,162.01115274803712,162.01115274803712,195.325,168.2,2.9751332805124373,974.8916538410064,983.26171875,3.938968973627489,3.619086406543911,276.85633733560155,276.31282806396484,350.4936695098877,408.9922904968262,0.9528907922912204,1401,800,2200,1401,799,50,64,0.0456816559600285,6.496716630977874,7.717696226963019,387.8757286071777,0.0015614786440661,0.3881854981468436,0.322670317946829
